-- MariaDB dump 10.19  Distrib 10.4.32-MariaDB, for Win64 (AMD64)
--
-- Host: localhost    Database: comerdorUptaeb
-- ------------------------------------------------------
-- Server version	10.4.32-MariaDB

/*!40101 SET @OLD_CHARACTER_SET_CLIENT=@@CHARACTER_SET_CLIENT */;
/*!40101 SET @OLD_CHARACTER_SET_RESULTS=@@CHARACTER_SET_RESULTS */;
/*!40101 SET @OLD_COLLATION_CONNECTION=@@COLLATION_CONNECTION */;
/*!40101 SET NAMES utf8mb4 */;
/*!40103 SET @OLD_TIME_ZONE=@@TIME_ZONE */;
/*!40103 SET TIME_ZONE='+00:00' */;
/*!40014 SET @OLD_UNIQUE_CHECKS=@@UNIQUE_CHECKS, UNIQUE_CHECKS=0 */;
/*!40014 SET @OLD_FOREIGN_KEY_CHECKS=@@FOREIGN_KEY_CHECKS, FOREIGN_KEY_CHECKS=0 */;
/*!40101 SET @OLD_SQL_MODE=@@SQL_MODE, SQL_MODE='NO_AUTO_VALUE_ON_ZERO' */;
/*!40111 SET @OLD_SQL_NOTES=@@SQL_NOTES, SQL_NOTES=0 */;

--
-- Table structure for table `alimento`
--

DROP TABLE IF EXISTS `alimento`;
/*!40101 SET @saved_cs_client     = @@character_set_client */;
/*!40101 SET character_set_client = utf8 */;
CREATE TABLE `alimento` (
  `idAlimento` int(11) NOT NULL AUTO_INCREMENT,
  `codigo` varchar(1000) NOT NULL,
  `imgAlimento` varchar(10000) CHARACTER SET utf8mb4 COLLATE utf8mb4_unicode_ci NOT NULL,
  `nombre` varchar(255) NOT NULL,
  `unidadMedida` varchar(50) NOT NULL,
  `marca` varchar(255) NOT NULL,
  `stock` int(11) NOT NULL,
  `reservado` int(11) NOT NULL,
  `idTipoA` int(11) NOT NULL,
  `status` tinyint(1) NOT NULL,
  PRIMARY KEY (`idAlimento`),
  KEY `idTipoA` (`idTipoA`),
  CONSTRAINT `alimento_ibfk_1` FOREIGN KEY (`idTipoA`) REFERENCES `tipoalimento` (`idTipoA`)
) ENGINE=InnoDB AUTO_INCREMENT=51 DEFAULT CHARSET=utf8mb4 COLLATE=utf8mb4_general_ci;
/*!40101 SET character_set_client = @saved_cs_client */;

--
-- Dumping data for table `alimento`
--

LOCK TABLES `alimento` WRITE;
/*!40000 ALTER TABLE `alimento` DISABLE KEYS */;
INSERT INTO `alimento` VALUES (1,'CAMSIN62','assets/images/alimentos/CAMSIN62.png','Cambur','Kl','Sin Marca',0,0,5,1),(2,'FRESIN49','assets/images/alimentos/FRESIN49.png','Fresa','Kl','Sin Marca',100,0,5,1),(3,'GUASIN40','assets/images/alimentos/GUASIN40.png','Guanabana','Kl','Sin Marca',40,0,5,1),(4,'GUASIN28','assets/images/alimentos/GUASIN90.png','Guayaba','Kl','Sin Marca',40,0,5,1),(5,'LECSIN44','assets/images/alimentos/LECSIN44.png','Lechoza','Kl','Sin Marca',-50,0,5,1),(6,'MANSIN83','assets/images/alimentos/MANSIN83.png','Mango','Kl','Sin Marca',38,0,5,1),(7,'CRELAB56','assets/images/alimentos/CRELAB56.png','Crema De Leche','Unidad','La Baragueña',100,2,2,1),(8,'HUESIN50','assets/images/alimentos/HUESIN50.png','Huevo','Unidad','Sin Marca',100,55,2,1),(9,'QUESIN27','assets/images/alimentos/QUESIN27.png','Queso Amarillo','Kl','Sin Marca',173,27,2,1),(10,'QUESIN40','assets/images/alimentos/QUESIN40.png','Queso Blanco','Kl','Sin Marca',-90,0,2,1),(11,'SUESAN96','assets/images/alimentos/SUESAN96.png','Suero','Unidad','San Pedro',0,0,2,1),(12,'BISSIN97','assets/images/alimentos/BISSIN97.png','Bistec','Kl','Sin Marca',167,23,4,1),(13,'POLSIN80','assets/images/alimentos/POLSIN80.png','Pollo Entero','Kl','Sin Marca',125,0,4,1),(14,'JAMSIN37','assets/images/alimentos/JAMSIN37.png','Jamon Arepero','Kl','Sin Marca',90,5,4,1),(15,'JAMPLU55','assets/images/alimentos/JAMPLU55.png','Jamon De Espalda','Kl','Plumrose',-90,0,4,1),(16,'PATSIN90','assets/images/alimentos/PATSIN90.png','Pata De Pollo','Kl','Sin Marca',0,0,4,1),(17,'ACECOA88','assets/images/alimentos/ACECOA88.png','Aceite Natural','Unidad','Coamo',543,0,3,1),(18,'AVEQUA51','assets/images/alimentos/AVEQUA51.png','Avena','Unidad','Quaker',118,12,3,1),(19,'CARELM88','assets/images/alimentos/CARELM37.png','Caraotas','Unidad','El Maizalito',1,13,3,1),(20,'CHERIK32','assets/images/alimentos/CHERIK32.png','Cheddar','Unidad','Rikesa',87,1,3,1),(21,'HARROB11','assets/images/alimentos/HARROB11.png','Harina De Trigo Con Leudante','Kl','Robin Hood',26,12,3,1),(22,'ARRMAR92','assets/images/alimentos/ARRMAR92.png','Arroz','Kl','Mary',88,0,3,1),(23,'PASLAE82','assets/images/alimentos/PASLAE82.png','Pasta Larga','Kl','La Especial',43,0,3,1),(24,'HARPAN63','assets/images/alimentos/HARPAN63.png','Harina De Maiz','Kl','Pan',85,0,3,1),(25,'JAMDIA92','assets/images/alimentos/JAMDIA92.png','Jamon Enlatado','Unidad','Diablitos Under Wood',0,0,3,1),(26,'LENELM94','assets/images/alimentos/LENELM94.png','Lentejas','Kl','El Maizalito',0,0,3,1),(27,'MANMAV56','assets/images/alimentos/MANMAV56.png','Mantequilla','Unidad','Mavesa',30,0,3,1),(28,'MAYKRA74','assets/images/alimentos/MAYKRA74.png','Mayonesa','Unidad','Kraft',30,0,3,1),(29,'AJISIN47','assets/images/alimentos/AJISIN45.png','Aji Dulce','Kl','Sin Marca',0,0,6,1),(30,'AUYSIN37','assets/images/alimentos/AUYSIN37.png','Auyama','Kl','Sin Marca',50,0,6,1),(31,'BERSIN43','assets/images/alimentos/BERSIN43.png','Berengena','Kl','Sin Marca',13,5,6,1),(32,'CALSIN72','assets/images/alimentos/CALSIN42.png','Calabazin','Kl','Sin Marca',15,0,6,1),(33,'CEBSIN38','assets/images/alimentos/CEBSIN38.png','Cebolla','Kl','Sin Marca',-20,0,6,1),(34,'TOMSIN13','assets/images/alimentos/TOMSIN13.png','Tomate Rojo','Kl','Sin Marca',-60,0,6,1),(35,'PAPSIN15','assets/images/alimentos/PAPSIN15.png','Papa','Kl','Sin Marca',-70,0,6,1),(36,'PEPSIN29','assets/images/alimentos/PEPSIN80.png','Pepino','Kl','Sin Marca',0,0,6,1),(37,'PLASIN34','assets/images/alimentos/PLASIN49.png','Platano','Kl','Sin Marca',0,0,5,1),(38,'REPSIN86','assets/images/alimentos/REPSIN86.png','Repollo','Kl','Sin Marca',0,0,6,1),(39,'ZANSIN24','assets/images/alimentos/ZANSIN31.png','Zanahoria','Kl','Sin Marca',0,0,6,1),(46,'SARMAR10','assets/images/alimentos/SARMAR93.png','Sardina','Unidad','Margarita',5,0,3,1),(47,'HJNSIN40','assets/images/alimentos/alimentoPredeterminado.png','Hjnkkjk','Ml','Sin Marca',0,0,2,0),(48,'TAMSIN35','assets/images/alimentos/TAMSIN35.png','Tamarindo','Gr','Sin Marca',0,0,5,1),(49,'MANSIN98','assets/images/alimentos/MANSIN98.png','Mandarina','Kl','Sin Marca',200,0,5,1),(50,'QUESIN10','assets/images/alimentos/QUESIN68.png','Queso Crema','Kl','Sin Marca',0,0,2,1);
/*!40000 ALTER TABLE `alimento` ENABLE KEYS */;
UNLOCK TABLES;

--
-- Table structure for table `asistencia`
--

DROP TABLE IF EXISTS `asistencia`;
/*!40101 SET @saved_cs_client     = @@character_set_client */;
/*!40101 SET character_set_client = utf8 */;
CREATE TABLE `asistencia` (
  `idAsistencia` int(11) NOT NULL AUTO_INCREMENT,
  `cedEstudiante` int(11) NOT NULL,
  `fecha` date NOT NULL DEFAULT current_timestamp(),
  `hora` time NOT NULL DEFAULT current_timestamp(),
  `idMenu` int(11) NOT NULL,
  `status` tinyint(1) NOT NULL,
  PRIMARY KEY (`idAsistencia`),
  KEY `cedEstudiante` (`cedEstudiante`),
  KEY `idMenu` (`idMenu`),
  CONSTRAINT `asistencia_ibfk_1` FOREIGN KEY (`cedEstudiante`) REFERENCES `estudiante` (`cedEstudiante`),
  CONSTRAINT `asistencia_ibfk_2` FOREIGN KEY (`idMenu`) REFERENCES `menu` (`idMenu`)
) ENGINE=InnoDB AUTO_INCREMENT=64 DEFAULT CHARSET=utf8mb4 COLLATE=utf8mb4_general_ci;
/*!40101 SET character_set_client = @saved_cs_client */;

--
-- Dumping data for table `asistencia`
--

LOCK TABLES `asistencia` WRITE;
/*!40000 ALTER TABLE `asistencia` DISABLE KEYS */;
/*!40000 ALTER TABLE `asistencia` ENABLE KEYS */;
UNLOCK TABLES;

--
-- Table structure for table `detalleentradaa`
--

DROP TABLE IF EXISTS `detalleentradaa`;
/*!40101 SET @saved_cs_client     = @@character_set_client */;
/*!40101 SET character_set_client = utf8 */;
CREATE TABLE `detalleentradaa` (
  `idDetalleA` int(11) NOT NULL AUTO_INCREMENT,
  `cantidad` int(11) NOT NULL,
  `idAlimento` int(11) NOT NULL,
  `idEntradaA` int(11) NOT NULL,
  `status` tinyint(1) NOT NULL,
  PRIMARY KEY (`idDetalleA`),
  KEY `idAlimento` (`idAlimento`),
  KEY `idEntradaA` (`idEntradaA`),
  CONSTRAINT `detalleentradaa_ibfk_1` FOREIGN KEY (`idAlimento`) REFERENCES `alimento` (`idAlimento`),
  CONSTRAINT `detalleentradaa_ibfk_2` FOREIGN KEY (`idEntradaA`) REFERENCES `entradaalimento` (`idEntradaA`)
) ENGINE=InnoDB AUTO_INCREMENT=78 DEFAULT CHARSET=utf8mb4 COLLATE=utf8mb4_general_ci;
/*!40101 SET character_set_client = @saved_cs_client */;

--
-- Dumping data for table `detalleentradaa`
--

LOCK TABLES `detalleentradaa` WRITE;
/*!40000 ALTER TABLE `detalleentradaa` DISABLE KEYS */;
INSERT INTO `detalleentradaa` VALUES (69,100,7,21,1),(70,100,8,21,1),(71,100,9,21,1),(72,100,13,21,1),(73,100,18,21,1),(74,100,17,22,1),(75,100,12,22,1),(76,100,1,22,1),(77,100,2,22,1);
/*!40000 ALTER TABLE `detalleentradaa` ENABLE KEYS */;
UNLOCK TABLES;

--
-- Table structure for table `detalleentradau`
--

DROP TABLE IF EXISTS `detalleentradau`;
/*!40101 SET @saved_cs_client     = @@character_set_client */;
/*!40101 SET character_set_client = utf8 */;
CREATE TABLE `detalleentradau` (
  `idDetalleU` int(11) NOT NULL AUTO_INCREMENT,
  `cantidad` int(11) NOT NULL,
  `idUtensilios` int(11) NOT NULL,
  `idEntradaU` int(11) NOT NULL,
  `status` tinyint(1) NOT NULL,
  PRIMARY KEY (`idDetalleU`),
  KEY `idUtensilios` (`idUtensilios`),
  KEY `idEntradaU` (`idEntradaU`),
  CONSTRAINT `detalleentradau_ibfk_1` FOREIGN KEY (`idUtensilios`) REFERENCES `utensilios` (`idUtensilios`),
  CONSTRAINT `detalleentradau_ibfk_2` FOREIGN KEY (`idEntradaU`) REFERENCES `entradau` (`idEntradaU`)
) ENGINE=InnoDB AUTO_INCREMENT=14 DEFAULT CHARSET=utf8mb4 COLLATE=utf8mb4_general_ci;
/*!40101 SET character_set_client = @saved_cs_client */;

--
-- Dumping data for table `detalleentradau`
--

LOCK TABLES `detalleentradau` WRITE;
/*!40000 ALTER TABLE `detalleentradau` DISABLE KEYS */;
INSERT INTO `detalleentradau` VALUES (1,200,1,1,1),(2,10,4,1,1),(3,10,5,1,1),(4,10,6,1,1),(5,10,2,2,1),(6,10,3,2,1),(7,200,8,2,1),(8,200,7,2,1),(9,4,11,3,1),(10,34,1,4,1),(11,100,1,5,1),(12,100,5,5,1),(13,100,1,6,1);
/*!40000 ALTER TABLE `detalleentradau` ENABLE KEYS */;
UNLOCK TABLES;

--
-- Table structure for table `detallesalidaa`
--

DROP TABLE IF EXISTS `detallesalidaa`;
/*!40101 SET @saved_cs_client     = @@character_set_client */;
/*!40101 SET character_set_client = utf8 */;
CREATE TABLE `detallesalidaa` (
  `idDetalleSalidaA` int(11) NOT NULL AUTO_INCREMENT,
  `cantidad` int(11) NOT NULL,
  `idAlimento` int(11) NOT NULL,
  `idSalidaA` int(11) NOT NULL,
  `status` tinyint(1) NOT NULL,
  PRIMARY KEY (`idDetalleSalidaA`),
  KEY `idAlimento` (`idAlimento`),
  KEY `idSalidaA` (`idSalidaA`),
  CONSTRAINT `detallesalidaa_ibfk_1` FOREIGN KEY (`idAlimento`) REFERENCES `alimento` (`idAlimento`),
  CONSTRAINT `detallesalidaa_ibfk_2` FOREIGN KEY (`idSalidaA`) REFERENCES `salidaalimentos` (`idSalidaA`)
) ENGINE=InnoDB AUTO_INCREMENT=16 DEFAULT CHARSET=utf8mb4 COLLATE=utf8mb4_general_ci;
/*!40101 SET character_set_client = @saved_cs_client */;

--
-- Dumping data for table `detallesalidaa`
--

LOCK TABLES `detallesalidaa` WRITE;
/*!40000 ALTER TABLE `detallesalidaa` DISABLE KEYS */;
INSERT INTO `detallesalidaa` VALUES (15,2,8,48,1);
/*!40000 ALTER TABLE `detallesalidaa` ENABLE KEYS */;
UNLOCK TABLES;

--
-- Table structure for table `detallesalidamenu`
--

DROP TABLE IF EXISTS `detallesalidamenu`;
/*!40101 SET @saved_cs_client     = @@character_set_client */;
/*!40101 SET character_set_client = utf8 */;
CREATE TABLE `detallesalidamenu` (
  `idDetalleSalidaMenu` int(11) NOT NULL AUTO_INCREMENT,
  `cantidad` int(11) NOT NULL,
  `idMenu` int(11) NOT NULL,
  `idAlimento` int(11) NOT NULL,
  `idSalidaA` int(11) NOT NULL,
  `status` tinyint(1) NOT NULL,
  PRIMARY KEY (`idDetalleSalidaMenu`),
  KEY `idMenu` (`idMenu`),
  KEY `idAlimento` (`idAlimento`),
  KEY `idSalidaA` (`idSalidaA`),
  CONSTRAINT `detallesalidamenu_ibfk_1` FOREIGN KEY (`idMenu`) REFERENCES `menu` (`idMenu`),
  CONSTRAINT `detallesalidamenu_ibfk_2` FOREIGN KEY (`idAlimento`) REFERENCES `alimento` (`idAlimento`),
  CONSTRAINT `detallesalidamenu_ibfk_3` FOREIGN KEY (`idSalidaA`) REFERENCES `salidaalimentos` (`idSalidaA`)
) ENGINE=InnoDB AUTO_INCREMENT=103 DEFAULT CHARSET=utf8mb4 COLLATE=utf8mb4_general_ci;
/*!40101 SET character_set_client = @saved_cs_client */;

--
-- Dumping data for table `detallesalidamenu`
--

LOCK TABLES `detallesalidamenu` WRITE;
/*!40000 ALTER TABLE `detallesalidamenu` DISABLE KEYS */;
INSERT INTO `detallesalidamenu` VALUES (99,10,37,7,49,1),(100,15,37,13,49,1),(101,8,38,7,50,1),(102,10,38,13,50,1);
/*!40000 ALTER TABLE `detallesalidamenu` ENABLE KEYS */;
UNLOCK TABLES;

--
-- Table structure for table `detallesalidau`
--

DROP TABLE IF EXISTS `detallesalidau`;
/*!40101 SET @saved_cs_client     = @@character_set_client */;
/*!40101 SET character_set_client = utf8 */;
CREATE TABLE `detallesalidau` (
  `idDetalleSalidaU` int(11) NOT NULL AUTO_INCREMENT,
  `cantidad` int(11) NOT NULL,
  `idUtensilios` int(11) NOT NULL,
  `idSalidaU` int(11) NOT NULL,
  `status` tinyint(1) NOT NULL,
  PRIMARY KEY (`idDetalleSalidaU`),
  KEY `idUtensilios` (`idUtensilios`),
  KEY `idSalidaU` (`idSalidaU`),
  CONSTRAINT `detallesalidau_ibfk_1` FOREIGN KEY (`idUtensilios`) REFERENCES `utensilios` (`idUtensilios`),
  CONSTRAINT `detallesalidau_ibfk_2` FOREIGN KEY (`idSalidaU`) REFERENCES `salidautensilios` (`idSalidaU`)
) ENGINE=InnoDB AUTO_INCREMENT=8 DEFAULT CHARSET=utf8mb4 COLLATE=utf8mb4_general_ci;
/*!40101 SET character_set_client = @saved_cs_client */;

--
-- Dumping data for table `detallesalidau`
--

LOCK TABLES `detallesalidau` WRITE;
/*!40000 ALTER TABLE `detallesalidau` DISABLE KEYS */;
INSERT INTO `detallesalidau` VALUES (3,1,4,2,1),(4,90,1,3,1),(5,4,6,3,1),(6,42,1,4,1),(7,1,1,5,1);
/*!40000 ALTER TABLE `detallesalidau` ENABLE KEYS */;
UNLOCK TABLES;

--
-- Table structure for table `entradaalimento`
--

DROP TABLE IF EXISTS `entradaalimento`;
/*!40101 SET @saved_cs_client     = @@character_set_client */;
/*!40101 SET character_set_client = utf8 */;
CREATE TABLE `entradaalimento` (
  `idEntradaA` int(11) NOT NULL AUTO_INCREMENT,
  `fecha` date NOT NULL,
  `hora` time NOT NULL DEFAULT current_timestamp(),
  `descripcion` varchar(5000) NOT NULL,
  `status` tinyint(1) NOT NULL,
  PRIMARY KEY (`idEntradaA`)
) ENGINE=InnoDB AUTO_INCREMENT=23 DEFAULT CHARSET=utf8mb4 COLLATE=utf8mb4_general_ci;
/*!40101 SET character_set_client = @saved_cs_client */;

--
-- Dumping data for table `entradaalimento`
--

LOCK TABLES `entradaalimento` WRITE;
/*!40000 ALTER TABLE `entradaalimento` DISABLE KEYS */;
INSERT INTO `entradaalimento` VALUES (21,'2024-12-01','19:19:00','lacteos y proteinas',1),(22,'2024-12-02','20:03:00','compras',1);
/*!40000 ALTER TABLE `entradaalimento` ENABLE KEYS */;
UNLOCK TABLES;

--
-- Table structure for table `entradau`
--

DROP TABLE IF EXISTS `entradau`;
/*!40101 SET @saved_cs_client     = @@character_set_client */;
/*!40101 SET character_set_client = utf8 */;
CREATE TABLE `entradau` (
  `idEntradaU` int(11) NOT NULL AUTO_INCREMENT,
  `fecha` date NOT NULL,
  `hora` time NOT NULL DEFAULT current_timestamp(),
  `descripcion` varchar(255) NOT NULL,
  `status` tinyint(1) NOT NULL,
  PRIMARY KEY (`idEntradaU`)
) ENGINE=InnoDB AUTO_INCREMENT=7 DEFAULT CHARSET=utf8mb4 COLLATE=utf8mb4_general_ci;
/*!40101 SET character_set_client = @saved_cs_client */;

--
-- Dumping data for table `entradau`
--

LOCK TABLES `entradau` WRITE;
/*!40000 ALTER TABLE `entradau` DISABLE KEYS */;
INSERT INTO `entradau` VALUES (1,'2024-10-20','10:07:00','compra de instrumentaria',1),(2,'2024-10-20','10:08:00','compra de cubiertos',1),(3,'2024-11-17','13:35:00','Entrega de Licuadoras Osters',1),(4,'2024-11-24','08:46:00','SDSDS',1),(5,'2024-11-29','11:20:00','Compra de bandejas y budares',1),(6,'2024-12-01','19:45:00','compra',1);
/*!40000 ALTER TABLE `entradau` ENABLE KEYS */;
UNLOCK TABLES;

--
-- Table structure for table `estudiante`
--

DROP TABLE IF EXISTS `estudiante`;
/*!40101 SET @saved_cs_client     = @@character_set_client */;
/*!40101 SET character_set_client = utf8 */;
CREATE TABLE `estudiante` (
  `cedEstudiante` int(11) NOT NULL,
  `nombre` varchar(500) NOT NULL,
  `segNombre` varchar(500) DEFAULT NULL,
  `apellido` varchar(500) NOT NULL,
  `segApellido` varchar(500) DEFAULT NULL,
  `sexo` varchar(1) NOT NULL,
  `telefono` varchar(20) DEFAULT NULL,
  `nucleo` varchar(500) NOT NULL,
  `carrera` varchar(500) NOT NULL,
  `status` tinyint(1) NOT NULL,
  PRIMARY KEY (`cedEstudiante`)
) ENGINE=InnoDB DEFAULT CHARSET=utf8mb4 COLLATE=utf8mb4_general_ci;
/*!40101 SET character_set_client = @saved_cs_client */;

--
-- Dumping data for table `estudiante`
--

LOCK TABLES `estudiante` WRITE;
/*!40000 ALTER TABLE `estudiante` DISABLE KEYS */;
INSERT INTO `estudiante` VALUES (1011987,'Francisco','María','Solé','Solsona','M','0412-75083919','Morán','Distribución y Logística',1),(1093073,'Esmeralda','Maite','Lastra','Pujol','F','0412-64677038','Jiménez','PNF en Higiene y Seguridad Laboral',1),(1113857,'Epifanio','Amaya','Pintor','Ureña','F','0412-61380697','Morán','PNF en Agroalimentación',1),(1346668,'Primitivo','Leandro','Beltran','Páez','M','0412-26217849','Jiménez','Distribución y Logística',1),(1442072,'Margarita','Genoveva','Ricart','Palacios','M','0412-63896548','Morán','PNF en Contaduría',1),(1566993,'Tere','Nerea','Hierro','Ripoll','F','0412-81300590','Jiménez','Distribución y Logística',1),(1605003,'Aroa','Paulina','Rey','Cadenas','M','0412-61125985','Morán','PNF en Ciencias de la Información',1),(1732157,'Quique','Julio César','Guitart','Borrás','M','0412-96786078','Jiménez','PNF en Informática',1),(1868560,'Victorino','Jordana','Cañellas','Guerra','F','0412-45022302','Morán','PNF en Contaduría',1),(1941563,'Carmelo','Daniel','Mora','Páez','M','0412-84649363','Jiménez','PNF en Contaduría',1),(1992390,'Natalio','José Antonio','Paniagua','Pujol','F','0412-40017482','Jiménez','PNF en Higiene y Seguridad Laboral',1),(1992798,'Rodrigo','Rosaura','Losa','Alemán','M','0412-55972685','Jiménez','PNF en Contaduría',1),(1995338,'Ignacia','Rosaura','Barrio','Somoza','F','0412-24112406','Urdaneta','PNF en Entrenamiento Deportivo',1),(2069788,'Benigno','Chuy','Arenas','Hierro','F','0412-74804662','Urdaneta','PNF en Turismo',1),(2071275,'Pía','Inocencio','Rius','Córdoba','M','0412-76308052','Jiménez','PNF en Informática',1),(2217838,'Fortunata','Eulalia','Pardo','Ramírez','M','0412-84180520','Morán','PNF en Higiene y Seguridad Laboral',1),(2243042,'Domingo','América','Salazar','Palomar','M','0412-24941424','Jiménez','PNF en Turismo',1),(2506993,'Benjamín','José Mari','Ribes','Bermúdez','F','0412-22952828','Jiménez','PNF en Entrenamiento Deportivo',1),(2531358,'Arcelia','Vito','Cuervo','Giralt','M','0412-44998442','Morán','Distribución y Logística',1),(2540524,'Luís','Blanca','Amador','Tamayo','F','0412-88737726','Jiménez','PNF en Entrenamiento Deportivo',1),(2652201,'Humberto','Valerio','Busquets','Ferrández','M','0412-55199971','Morán','PNF en Contaduría',1),(2661651,'Fabián','Loreto','Pujadas','Arteaga','F','0412-52488991','Morán','PNF en Entrenamiento Deportivo',1),(2721544,'Aureliano','Juan Carlos','Berenguer','Baena','M','0412-34821739','Jiménez','PNF en Agroalimentación',1),(2838781,'Maxi','Zaida','Báez','Ureña','F','0412-89077600','Urdaneta','Distribución y Logística',1),(3174086,'Bienvenida','Sandra','Sureda','Iglesia','F','0412-73888257','Urdaneta','PNF en Turismo',1),(3219659,'Nazario','Luna','Jordán','Carranza','M','0412-3108279','Morán','PNF en Contaduría',1),(3258446,'Azucena','Maxi','Lastra','Polo','F','0412-96899546','Urdaneta','PNF en Agroalimentación',1),(3278280,'Benita','Belen','Arranz','Albero','F','0412-55049250','Jiménez','PNF en Contaduría',1),(3408721,'Serafina','Leonardo','Camacho','Valls','M','0412-18602477','Jiménez','PNF en Entrenamiento Deportivo',1),(3484399,'Humberto','Gil','Cortes','Alemán','M','0412-21418714','Jiménez','PNF en Administración',1),(3487370,'Jacinto','Elodia','Solís','Solsona','F','0412-31206295','Jiménez','PNF en Entrenamiento Deportivo',1),(3518279,'Ágata','Jenny','Aragonés','Alcolea','M','0412-185374','Urdaneta','PNF en Higiene y Seguridad Laboral',1),(3518745,'Narcisa','Ramón','Diego','Vilanova','F','0412-71425012','Jiménez','PNF en Entrenamiento Deportivo',1),(3706437,'Ambrosio','Olivia','Benet','Bilbao','F','0412-54296087','Morán','PNF en Administración',1),(3783903,'Estela','Irma','Salamanca','Ariño','M','0412-4484615','Jiménez','PNF en Entrenamiento Deportivo',1),(3809364,'Nydia','Felipa','Díez','Acevedo','F','0412-86470643','Jiménez','PNF en Entrenamiento Deportivo',1),(4183141,'Teresita','Natividad','León','Piñeiro','F','0412-92995360','Morán','PNF en Turismo',1),(4307939,'Javier','Elpidio','Torrent','Menéndez','M','0412-51698532','Urdaneta','PNF en Contaduría',1),(4346385,'Yésica','Juan Bautista','Montesinos','Ariño','M','0412-66849519','Jiménez','PNF en Informática',1),(4421175,'Araceli','Ruy','Merino','Dalmau','M','0412-45247826','Jiménez','PNF en Ciencias de la Información',1),(4448138,'Venceslás','Tomás','Jordán','Torrents','F','0412-74609895','Morán','Distribución y Logística',1),(4469493,'Nicodemo','Sebastian','Verdú','Blanco','F','0412-43126431','Jiménez','PNF en Contaduría',1),(4482111,'Narciso','Pepe','Suarez','Maldonado','F','0412-27799586','Urdaneta','PNF en Higiene y Seguridad Laboral',1),(4622683,'Vinicio','Glauco','Nuñez','Solé','F','0412-10969847','Urdaneta','PNF en Ciencias de la Información',1),(4674053,'Hilario','Goyo','Querol','Arias','M','0412-88180377','Jiménez','PNF en Turismo',1),(4764257,'Estefanía','Aitor','Fuentes','Corbacho','F','0412-24618059','Jiménez','PNF en Administración',1),(4783625,'Graciano','Amelia','Romero','Diego','M','0412-11701829','Jiménez','PNF en Entrenamiento Deportivo',1),(4853640,'Dani','Rosario','Rojas','Dominguez','M','0412-5221604','Jiménez','PNF en Turismo',1),(5213357,'Vinicio','Jose Antonio','Beltrán','Atienza','F','0412-97478210','Jiménez','PNF en Entrenamiento Deportivo',1),(5246633,'Gala','María Fernanda','Baró','Sabater','F','0412-63534845','Morán','PNF en Informática',1),(5317656,'Amando','Noemí','Lledó','Martorell','M','0412-25740644','Jiménez','PNF en Agroalimentación',1),(5344246,'Reyna','Soraya','Pazos','Reig','F','0412-63776507','Jiménez','PNF en Informática',1),(5661705,'Primitiva','Sofía','Sainz','Cuevas','F','0412-33637541','Morán','PNF en Contaduría',1),(5663848,'Faustino','Alba','Esteban','Jaén','F','0412-61161108','Urdaneta','PNF en Higiene y Seguridad Laboral',1),(5686246,'Seve','Jose Miguel','Fernandez','Cuenca','M','0412-49986479','Jiménez','PNF en Agroalimentación',1),(5722917,'César','Asdrubal','Miralles','Almazán','M','0412-81085304','Morán','PNF en Contaduría',1),(5738258,'Amparo','Moisés','Barros','Noriega','M','0412-5287675','Morán','PNF en Informática',1),(5756100,'Benigno','Sonia','Estrada','Gallo','M','0412-89172531','Jiménez','PNF en Administración',1),(5908901,'Manolo','Virginia','Baeza','Vega','M','0412-85370685','Urdaneta','PNF en Agroalimentación',1),(5966572,'Salud','Amílcar','Herrera','Carbonell','F','0412-38443881','Urdaneta','Distribución y Logística',1),(6002550,'Abigaíl','Calixto','Pizarro','Berrocal','M','0412-90291251','Morán','PNF en Contaduría',1),(6127913,'María Del Carmen','Paulina','Blázquez','Cózar','F','0412-98678335','Morán','PNF en Contaduría',1),(6166499,'Moisés','Adelina','Domínguez','Urrutia','M','0412-3158375','Urdaneta','Distribución y Logística',1),(6252544,'Tristán','María Ángeles','Torres','Santamaria','F','0412-90462052','Jiménez','Distribución y Logística',1),(6297515,'Morena','Albano','Dominguez','Villalobos','F','0412-27097747','Urdaneta','PNF en Ciencias de la Información',1),(6306219,'Pablo','María Teresa','Carmona','Grau','F','0412-63815514','Jiménez','PNF en Higiene y Seguridad Laboral',1),(6316943,'Ulises','Calixta','Pou','Baró','F','0412-67736113','Urdaneta','PNF en Entrenamiento Deportivo',1),(6425235,'Mamen','Pía','López','Bas','M','0412-22111945','Urdaneta','Distribución y Logística',1),(6741044,'Inés','Vidal','Vendrell','Izaguirre','F','0412-25554017','Urdaneta','PNF en Contaduría',1),(6771056,'Damián','Ramona','Castañeda','Barrena','F','0412-55671073','Urdaneta','PNF en Higiene y Seguridad Laboral',1),(6945876,'Tere','Mauricio','Fuente','Prats','F','0412-12246583','Morán','PNF en Entrenamiento Deportivo',1),(7171851,'Dani','Hernando','Aller','Dávila','F','0412-17807309','Jiménez','PNF en Administración',1),(7294793,'Araceli','Candela','Criado','Valderrama','M','0412-79560534','Urdaneta','PNF en Informática',1),(7332323,'Abraham','Gloria','Guardia','Alegria','M','0412-9614706','Urdaneta','PNF en Higiene y Seguridad Laboral',1),(7412385,'Soraya','Tamara','Córdoba','Santamaría','M','0412-30827671','Morán','PNF en Entrenamiento Deportivo',1),(7434505,'Paula','Tere','Revilla','Rovira','F','0412-38106738','Morán','PNF en Higiene y Seguridad Laboral',1),(7628675,'Glauco','Maite','Morillo','Herrero','F','0412-53934415','Jiménez','PNF en Entrenamiento Deportivo',1),(7782135,'Eugenia','Salomón','Calzada','Leal','M','0412-94590411','Jiménez','PNF en Administración',1),(7788473,'Dan','Abel','Reyes','Pareja','F','0412-7722272','Jiménez','PNF en Agroalimentación',1),(7956034,'Nazaret','Natalio','Araujo','Vives','F','0412-54902519','Jiménez','PNF en Higiene y Seguridad Laboral',1),(7964494,'Bernardino','Gerónimo','Uría','Priego','F','0412-88902199','Morán','PNF en Turismo',1),(8001227,'Rosa','Clotilde','Coca','Barrera','F','0412-68385025','Urdaneta','PNF en Turismo',1),(8059425,'Asunción','Judith','Salinas','Soriano','M','0412-79269890','Urdaneta','PNF en Administración',1),(8107260,'Guadalupe','Fabricio','Lerma','Hernandez','M','0412-25875790','Morán','PNF en Entrenamiento Deportivo',1),(8227942,'Marcela','Cecilio','Alsina','Barranco','F','0412-46208655','Morán','PNF en Higiene y Seguridad Laboral',1),(8320617,'Angélica','Lara','Benavides','Cortes','M','0412-82289826','Morán','PNF en Higiene y Seguridad Laboral',1),(8394301,'Soraya','Salud','Blanch','Abella','F','0412-26472980','Jiménez','PNF en Informática',1),(8600826,'Amalia','Zaira','Olmedo','Pintor','F','0412-91989708','Jiménez','Distribución y Logística',1),(8625140,'Cruz','Rosaura','Arco','Echeverría','M','0412-39274333','Jiménez','PNF en Agroalimentación',1),(8627270,'Jennifer','Delfina','Infante','Pujol','M','0412-14117995','Jiménez','PNF en Ciencias de la Información',1),(8631842,'Rodrigo','Amor','Sanz','Colom','M','0412-33939082','Morán','PNF en Agroalimentación',1),(8737875,'César','Buenaventura','Losada','Rivas','F','0412-81270070','Morán','PNF en Agroalimentación',1),(8768741,'Mar','Noelia','Quero','Calzada','F','0412-47664322','Morán','PNF en Contaduría',1),(8799311,'Rebeca','Felix','Linares','Álvaro','M','0412-92602367','Jiménez','PNF en Administración',1),(8910512,'Iker','Alicia','Sáez','Solana','M','0412-82095910','Urdaneta','PNF en Agroalimentación',1),(8929873,'Saturnino','Adora','Enríquez','Cobo','M','0412-40091418','Urdaneta','PNF en Administración',1),(8936613,'Demetrio','Zacarías','Elorza','Soriano','F','0412-53846928','Morán','PNF en Turismo',1),(8960862,'Lupe','Marciano','Pi','Acuña','M','0412-9932757','Jiménez','PNF en Ciencias de la Información',1),(9042474,'Jose','Antonio','Quiroga','Ferrán','F','0412-4054886','Jiménez','PNF en Contaduría',1),(9063764,'Zaira','Javier','Gual','Barreda','M','0412-35923142','Urdaneta','Distribución y Logística',1),(9283293,'Alejo','Renata','Peral','Gargallo','M','0412-7895669','Jiménez','PNF en Contaduría',1),(9292016,'Baldomero','Severo','Aroca','Pablo','M','0412-58871241','Urdaneta','PNF en Entrenamiento Deportivo',1),(9337074,'Inocencio','Amanda','Nicolau','Colom','F','0412-29363733','Jiménez','PNF en Turismo',1),(9407727,'Miriam','Melchor','Alegre','Mir','M','0412-22168724','Morán','PNF en Ciencias de la Información',1),(9454747,'Mireia','Trinidad','Abascal','Acosta','F','0412-96880511','Morán','PNF en Higiene y Seguridad Laboral',1),(9831979,'Crescencia','Ricarda','Miranda','Martín','F','0412-67444802','Morán','PNF en Entrenamiento Deportivo',1),(9983088,'Rubén','Olegario','Blanco','Álvarez','F','0412-84927412','Morán','PNF en Ciencias de la Información',1),(10136313,'Amarilis','Lucila','Pujol','Seco','M','0412-26471767','Jiménez','PNF en Administración',1),(10747905,'María','Carlito','Alfonso','Segura','M','0412-66629043','Urdaneta','PNF en Informática',1),(10753086,'Lucila','Esmeralda','Mascaró','Roca','F','0412-56339881','Jiménez','PNF en Agroalimentación',1),(10804963,'Edmundo','Chuy','Peralta','Palomo','M','0412-94023465','Urdaneta','PNF en Administración',1),(10855124,'Paola','Pío','Torre','Riquelme','M','0412-40023643','Morán','PNF en Higiene y Seguridad Laboral',1),(10916047,'Andrés Felipe','Edgardo','Palmer','Dueñas','M','0412-28771323','Urdaneta','PNF en Contaduría',1),(10943610,'Eutropio','Victor Manuel','Gálvez','Jaume','F','0412-89961611','Jiménez','PNF en Administración',1),(10964940,'Teodora','María Manuela','Palmer','Fuertes','F','0412-89612296','Morán','PNF en Entrenamiento Deportivo',1),(10972153,'Lalo','Georgina','Catalá','Cáceres','M','0412-92772291','Urdaneta','PNF en Higiene y Seguridad Laboral',1),(11057116,'Domingo','Maxi','Arco','Rodrigo','M','0412-44001042','Jiménez','PNF en Contaduría',1),(11114644,'Maristela','Priscila','Torrecilla','Aguilar','F','0412-54232757','Urdaneta','PNF en Entrenamiento Deportivo',1),(11163289,'Manola','Heriberto','Montaña','Carreras','M','0412-34805183','Morán','PNF en Agroalimentación',1),(11294684,'Isidoro','Luna','Coca','Guzmán','M','0412-63059477','Jiménez','PNF en Contaduría',1),(11340891,'Primitivo','Sabas','Escrivá','Amat','F','0412-23832315','Urdaneta','PNF en Ciencias de la Información',1),(11474227,'Dafne','José Ángel','Palmer','Cobo','M','0412-82541155','Jiménez','PNF en Higiene y Seguridad Laboral',1),(11492956,'Nerea','Melania','Sancho','Andres','F','0412-55363864','Jiménez','PNF en Higiene y Seguridad Laboral',1),(11594360,'Ariel','Severiano','Báez','Sosa','M','0412-48708945','Urdaneta','PNF en Entrenamiento Deportivo',1),(11711094,'Gaspar','Bienvenida','Gibert','Botella','M','0412-54401681','Urdaneta','PNF en Higiene y Seguridad Laboral',1),(11828006,'Judith','Rafael','Sanchez','Quintana','F','0412-74344412','Morán','PNF en Entrenamiento Deportivo',1),(11856635,'Rubén','Modesta','Roldan','Benavente','M','0412-21504001','Jiménez','PNF en Higiene y Seguridad Laboral',1),(11878151,'Belén','Ismael','Zamorano','Pastor','F','0412-57999932','Morán','PNF en Ciencias de la Información',1),(11937089,'Lupe','Ezequiel','Arellano','Ferrándiz','F','0412-33771973','Urdaneta','PNF en Contaduría',1),(11949862,'Alfredo','Amalia','Vélez','García','F','0412-75647836','Jiménez','PNF en Entrenamiento Deportivo',1),(12211636,'Lola','Selena','Lastra','Clavero','M','0412-76891714','Urdaneta','Distribución y Logística',1),(12285457,'Serafina','Serafina','Canet','Águila','F','0412-51378234','Morán','PNF en Ciencias de la Información',1),(12403815,'Herminia','Nadia','Viña','Grau','M','0412-69849764','Morán','PNF en Entrenamiento Deportivo',1),(12438638,'Abigaíl','Porfirio','Armengol','Lobato','M','0412-86219560','Urdaneta','PNF en Informática',1),(12585829,'René','Godofredo','Perez','Guzmán','F','0412-81857204','Urdaneta','PNF en Higiene y Seguridad Laboral',1),(12731340,'Maricruz','Pilar','Martin','Julián','M','0412-49676939','Urdaneta','PNF en Informática',1),(13097450,'Porfirio','Saturnina','Bosch','Sacristán','F','0412-79318682','Urdaneta','PNF en Administración',1),(13104291,'Albina','Atilio','Gallo','Herranz','F','0412-6341290','Morán','PNF en Administración',1),(13135127,'Hermenegildo','Camila','Giménez','Reig','F','0412-89782593','Morán','PNF en Administración',1),(13169557,'Aitor','Micaela','Vilalta','Font','M','0412-60960764','Urdaneta','PNF en Administración',1),(13242261,'Apolinar','Dolores','Somoza','Pinto','M','0412-45725894','Urdaneta','Distribución y Logística',1),(13364273,'Evita','Valerio','Gaya','Arcos','M','0412-21401742','Jiménez','PNF en Informática',1),(13409292,'Ligia','Pepito','Tejera','Lago','M','0412-77725036','Urdaneta','PNF en Administración',1),(13438075,'Primitiva','Blas','Sans','Rosa','F','0412-88371314','Jiménez','Distribución y Logística',1),(13461006,'Ricarda','Carmela','Agullo','Redondo','M','0412-49123440','Jiménez','PNF en Ciencias de la Información',1),(13472936,'Dan','Luciana','Almansa','Llabrés','M','0412-62631548','Urdaneta','PNF en Contaduría',1),(13475331,'Hernando','Julieta','Mate','Zorrilla','F','0412-3251547','Morán','PNF en Higiene y Seguridad Laboral',1),(13520265,'Loreto','Teobaldo','Camino','Cantón','F','0412-18090210','Morán','PNF en Administración',1),(13559848,'Blas','Rosalía','Taboada','Plana','M','0412-18094260','Jiménez','PNF en Ciencias de la Información',1),(13575216,'Dionisia','África','Riera','Rincón','F','0412-52232203','Morán','PNF en Administración',1),(13807419,'Pepito','Norberto','Blanco','Alcalá','F','0412-42130004','Urdaneta','PNF en Contaduría',1),(13856994,'Ezequiel','Maximiano','Barberá','Vilar','M','0412-4830877','Jiménez','PNF en Entrenamiento Deportivo',1),(13915042,'Narciso','Dominga','Toledo','Corral','M','0412-97367567','Morán','PNF en Administración',1),(13926407,'Luisa','María Ángeles','Machado','Corominas','F','0412-84580812','Urdaneta','PNF en Higiene y Seguridad Laboral',1),(13942644,'Bautista','Áurea','Crespo','Mateos','F','0412-43360224','Jiménez','PNF en Turismo',1),(14140720,'Dorita','Benito','Fuster','Izaguirre','M','0412-6535773','Urdaneta','PNF en Higiene y Seguridad Laboral',1),(14149646,'África','Débora','Luís','Valera','M','0412-4875931','Jiménez','PNF en Entrenamiento Deportivo',1),(14359132,'Hugo','Abraham','Asenjo','Pavón','M','0412-90907187','Jiménez','PNF en Higiene y Seguridad Laboral',1),(14399938,'Marcial','Luisina','Duran','Carro','F','0412-93896763','Jiménez','PNF en Administración',1),(14455856,'Leandra','Yéssica','Mendoza','Alberola','F','0412-32982277','Jiménez','PNF en Informática',1),(14478356,'Aroa','Perlita','Ballester','Ribas','F','0412-55264129','Morán','PNF en Entrenamiento Deportivo',1),(14551060,'Pablo','Jose Antonio','Alvarado','Ortega','M','0412-53639612','Jiménez','Distribución y Logística',1),(14620007,'Amada','Eufemia','Fajardo','Macias','M','0412-70652286','Jiménez','PNF en Contaduría',1),(14671763,'Felipa','Estela','Roig','Amor','M','0412-48165872','Jiménez','PNF en Informática',1),(14724440,'Caridad','Isaac','Mur','Guzmán','F','0412-18031879','Jiménez','PNF en Entrenamiento Deportivo',1),(14778316,'Reyes','Natalio','Pareja','Castelló','M','0412-30913384','Urdaneta','Distribución y Logística',1),(14853512,'Estrella','César','Saldaña','Naranjo','M','0412-39953987','Morán','PNF en Informática',1),(14857506,'Jose Angel','Antonia','Moles','Vilanova','F','0412-23768894','Morán','PNF en Entrenamiento Deportivo',1),(14953985,'Paloma','Ricarda','Santamaria','Cáceres','M','0412-82367693','Morán','Distribución y Logística',1),(14978864,'Guiomar','Ligia','Vergara','Botella','M','0412-78059956','Urdaneta','PNF en Administración',1),(15031280,'Antonio','Anastasio','Goñi','Vives','M','0412-34387813','Urdaneta','PNF en Informática',1),(15314832,'Rosalina','Bernabé','Valle','Jáuregui','F','0412-55655475','Jiménez','PNF en Entrenamiento Deportivo',1),(15433701,'Nazaret','Georgina','Martí','Abad','F','0412-95387605','Morán','PNF en Higiene y Seguridad Laboral',1),(15483363,'Juanita','Olivia','Ugarte','Barceló','M','0412-33250586','Urdaneta','PNF en Agroalimentación',1),(15529192,'Hilda','Nélida','Arellano','Caballero','M','0412-34313574','Morán','PNF en Ciencias de la Información',1),(15595871,'Lalo','Obdulia','Pou','Nebot','M','0412-34599863','Jiménez','PNF en Turismo',1),(15795390,'Felix','Coral','Verdejo','Domingo','M','0412-84425767','Jiménez','PNF en Contaduría',1),(15849587,'Héctor','Maximiliano','Sáenz','Iglesia','F','0412-17452881','Jiménez','PNF en Administración',1),(15896046,'Elpidio','María Luisa','Sáez','Benavides','F','0412-66421291','Morán','PNF en Contaduría',1),(15914557,'Teobaldo','Jorge','Arco','Morata','M','0412-59750746','Morán','Distribución y Logística',1),(16122042,'Mercedes','Íngrid','Morell','Toledo','M','0412-75794532','Jiménez','Distribución y Logística',1),(16164728,'Juan Francisco','Fabiana','Ángel','Vazquez','M','0412-60932824','Urdaneta','PNF en Turismo',1),(16175086,'Nico','Germán','Carranza','Salazar','M','0412-26716927','Urdaneta','PNF en Agroalimentación',1),(16300837,'Amaya','Severino','Puig','Rius','M','0412-22708212','Jiménez','PNF en Turismo',1),(16331419,'Balduino','Carlota','Solé','Coello','F','0412-47770370','Morán','PNF en Informática',1),(16378756,'Timoteo','Pascuala','Rios','Urrutia','M','0412-77606734','Morán','PNF en Administración',1),(16678260,'Juan Antonio','Narciso','Armengol','Macias','F','0412-43454725','Urdaneta','PNF en Entrenamiento Deportivo',1),(16709034,'Esperanza','Gracia','Acero','Llabrés','M','0412-36036889','Jiménez','PNF en Entrenamiento Deportivo',1),(16805309,'Leopoldo','Valentín','Duarte','Arranz','F','0412-2455227','Morán','Distribución y Logística',1),(17022300,'Calisto','Loreto','Gonzalez','Angulo','M','0412-18344138','Jiménez','PNF en Entrenamiento Deportivo',1),(17083703,'Ruperto','Nadia','Bejarano','Chacón','F','0412-70167491','Urdaneta','PNF en Informática',1),(17124743,'Curro','Hortensia','Gilabert','Amador','F','0412-80779300','Urdaneta','PNF en Informática',1),(17170537,'Calista','Augusto','Vilaplana','Calvet','F','0412-48925','Urdaneta','PNF en Entrenamiento Deportivo',1),(17175770,'Alma','Sabas','Parra','Palomar','F','0412-1816403','Morán','PNF en Contaduría',1),(17396466,'Urbano','Rogelio','Peral','Tamayo','M','0412-1101932','Jiménez','Distribución y Logística',1),(17621435,'Zoraida','Manuela','Roda','Mur','M','0412-83038503','Morán','Distribución y Logística',1),(17683003,'Hilario','Joaquina','Serrano','Vergara','M','0412-87806549','Jiménez','PNF en Ciencias de la Información',1),(17754729,'Maristela','Horacio','Piñol','Acosta','F','0412-29922388','Morán','PNF en Contaduría',1),(17765907,'Luis','Manu','Arenas','Salvà','M','0412-5273591','Urdaneta','PNF en Higiene y Seguridad Laboral',1),(17887932,'Aristides','Socorro','Baños','Lobo','M','0412-80535895','Urdaneta','PNF en Informática',1),(17901559,'Odalis','Rico','Royo','Belda','M','0412-1180280','Morán','PNF en Administración',1),(17939703,'María Manuela','José Luis','Gras','Asensio','M','0412-61704214','Urdaneta','PNF en Higiene y Seguridad Laboral',1),(17959044,'Leticia','Rufina','Roda','Rosa','F','0412-77714860','Morán','PNF en Higiene y Seguridad Laboral',1),(18187599,'Macaria','Ainoa','Goicoechea','Montesinos','M','0412-77744464','Morán','PNF en Agroalimentación',1),(18304058,'Azeneth','Gastón','Izquierdo','Alberola','F','0412-63209662','Urdaneta','PNF en Higiene y Seguridad Laboral',1),(18376272,'Maximino','Ibán','Cadenas','Santana','M','0412-66631924','Urdaneta','PNF en Ciencias de la Información',1),(18637544,'Máxima','Fernando','Grau','Rocha','F','0412-63620951','Urdaneta','PNF en Turismo',1),(18674245,'Noé','Ciríaco','Menendez','Ortuño','F','0412-82585129','Jiménez','PNF en Ciencias de la Información',1),(18702656,'Basilio','Eli','Cañizares','Roig','M','0412-29780679','Morán','PNF en Agroalimentación',1),(18716144,'Macaria','Bernardino','Lopez','Asensio','F','0412-2113557','Urdaneta','PNF en Ciencias de la Información',1),(18914199,'Carmen','Amílcar','Nicolau','Agullo','F','0412-64163952','Urdaneta','PNF en Informática',1),(18921106,'Celestina','Albano','Almansa','Izquierdo','M','0412-28960174','Morán','PNF en Higiene y Seguridad Laboral',1),(18924079,'Silvestre','Abraham','Figuerola','Moreno','M','0412-46816590','Urdaneta','PNF en Contaduría',1),(19066954,'Estela','Armando','Company','Borrego','M','0412-59976360','Urdaneta','PNF en Contaduría',1),(19176051,'Paola','Leoncio','Cárdenas','Ballesteros','M','0412-34368728','Morán','PNF en Higiene y Seguridad Laboral',1),(19221281,'Reyes','Graciana','Amores','Serna','M','0412-74419249','Urdaneta','PNF en Informática',1),(19252266,'Damián','Aitor','Romero','Barros','M','0412-50853776','Urdaneta','PNF en Informática',1),(19306557,'Leire','Dorotea','Romero','Ibañez','M','0412-34201877','Urdaneta','Distribución y Logística',1),(19320298,'Régulo','Alejandra','Blasco','Morata','M','0412-82196972','Urdaneta','PNF en Contaduría',1),(19430024,'Fátima','Flora','Roselló','Pou','F','0412-18349783','Urdaneta','PNF en Turismo',1),(19634576,'Carlota','Simón','Trujillo','Caballero','M','0412-9041237','Jiménez','PNF en Higiene y Seguridad Laboral',1),(19801900,'Luis Miguel','Vilma','Santana','Cantero','F','0412-64401242','Urdaneta','PNF en Contaduría',1),(19869839,'Leandro','Gervasio','Haro','Garriga','M','0412-87654970','Urdaneta','PNF en Agroalimentación',1),(19880635,'Ainoa','Bonifacio','Tapia','Escudero','F','0412-60891289','Jiménez','PNF en Agroalimentación',1),(19956706,'Leonardo','Ofelia','Duque','Pavón','F','0412-18929862','Morán','PNF en Contaduría',1),(20006021,'Seve','Lupe','Blanch','Lillo','F','0412-89379458','Morán','PNF en Higiene y Seguridad Laboral',1),(20009650,'Kike','Borja','Barba','Ferrando','F','0412-84741693','Morán','PNF en Turismo',1),(20058775,'Alejandra','Arturo','Herrero','Valle','M','0412-13106449','Jiménez','PNF en Administración',1),(20083160,'Caridad','Estela','Echevarría','Canet','F','0412-97570828','Urdaneta','PNF en Ciencias de la Información',1),(20184107,'Seve','Tiburcio','Cruz','Uría','F','0412-43904708','Morán','PNF en Higiene y Seguridad Laboral',1),(20212400,'Zacarías','Alexandra','Pinedo','Fortuny','M','0412-56029912','Jiménez','PNF en Entrenamiento Deportivo',1),(20343917,'Cecilia','Flor','Recio','Miró','M','0412-49261627','Morán','Distribución y Logística',1),(20415602,'Priscila','Sebastián','Ríos','Ruiz','M','0412-31340026','Urdaneta','Distribución y Logística',1),(20491029,'Teresita','Clemente','Hernando','Fabra','M','0412-78578616','Morán','PNF en Turismo',1),(20519869,'Jose Ramón','Agustín','Tejera','Espinosa','F','0412-92103519','Jiménez','PNF en Turismo',1),(20596296,'Javier','Cándido','Calatayud','Lobato','M','0412-64958605','Urdaneta','PNF en Turismo',1),(20667496,'Martin','Epifanio','Galván','Manrique','F','0412-89848919','Morán','PNF en Higiene y Seguridad Laboral',1),(20709666,'Cleto','Natanael','Valenzuela','Serna','F','0412-51408695','Jiménez','PNF en Ciencias de la Información',1),(20759317,'Vicenta','Soraya','Benavente','Garay','F','0412-86287502','Jiménez','PNF en Administración',1),(20922481,'Noemí','Marc','Gámez','Higueras','F','0412-59266272','Urdaneta','PNF en Contaduría',1),(20988983,'María Fernanda','Edelmira','Olivé','Diego','F','0412-95386895','Morán','PNF en Higiene y Seguridad Laboral',1),(21074172,'Almudena','Francisco','Lladó','Maza','M','0412-80083736','Urdaneta','PNF en Agroalimentación',1),(21148328,'Evangelina','Rufino','Bonilla','Vallés','F','0412-2367776','Morán','PNF en Higiene y Seguridad Laboral',1),(21175182,'Valerio','Dorita','Gallo','Lozano','M','0412-45006621','Morán','PNF en Higiene y Seguridad Laboral',1),(21205214,'Humberto','Aníbal','Egea','Vizcaíno','M','0412-87266225','Jiménez','PNF en Turismo',1),(21214762,'Feliciana','Joel','Bernal','Bauzà','M','0412-97338203','Jiménez','PNF en Ciencias de la Información',1),(21242695,'Ágata','Modesto','Jurado','Riera','M','0412-27732011','Urdaneta','Distribución y Logística',1),(21344184,'Jessica','Nico','Iglesias','Gaya','F','0412-25689018','Urdaneta','PNF en Informática',1),(21414458,'Evita','Anastasia','Valero','Contreras','M','0412-62166443','Morán','PNF en Contaduría',1),(21432864,'Máximo','Plácido','Mosquera','Sánchez','F','0412-60108135','Morán','PNF en Turismo',1),(21562586,'Fabio','Benita','Moll','Vallés','M','0412-33746090','Morán','PNF en Higiene y Seguridad Laboral',1),(21600932,'Celso','Esther','Landa','Juárez','M','0412-1251652','Urdaneta','PNF en Ciencias de la Información',1),(21665972,'Gala','Lupe','Amorós','Rivera','M','0412-28461073','Urdaneta','PNF en Ciencias de la Información',1),(21744906,'Mirta','Aurora','Cañellas','Gibert','F','0412-37881216','Morán','PNF en Ciencias de la Información',1),(21757604,'Octavia','Amando','Carrillo','Caro','F','0412-34106964','Morán','PNF en Informática',1),(21827262,'Silvestre','Eliseo','Solano','Torre','M','0412-34603023','Urdaneta','PNF en Contaduría',1),(21959058,'Octavio','José Ángel','Villalonga','Paz','F','0412-47480047','Urdaneta','PNF en Ciencias de la Información',1),(21991389,'Chelo','Víctor','Aller','Lorenzo','M','0412-40805218','Morán','Distribución y Logística',1),(22064540,'Maxi','Lucio','Olmo','Sola','M','0412-73687037','Jiménez','PNF en Higiene y Seguridad Laboral',1),(22221808,'Juan','África','Quevedo','Alarcón','F','0412-41433574','Jiménez','PNF en Administración',1),(22248441,'Timoteo','Carlos','Chaves','Lillo','M','0412-29440144','Morán','PNF en Higiene y Seguridad Laboral',1),(22302904,'Brunilda','Fátima','Arco','Barberá','M','0412-97984385','Morán','PNF en Higiene y Seguridad Laboral',1),(22380845,'Rosenda','Amada','Manuel','Lozano','M','0412-28277155','Morán','PNF en Contaduría',1),(22451708,'Ambrosio','Eva María','Malo','Valentín','F','0412-56675435','Jiménez','PNF en Turismo',1),(22549512,'Jose Carlos','Esperanza','Sotelo','Arribas','F','0412-50725640','Morán','PNF en Contaduría',1),(22640775,'Chuy','Regina','Alegre','Villaverde','F','0412-58882623','Morán','PNF en Entrenamiento Deportivo',1),(22665892,'África','Sigfrido','Armas','Báez','M','0412-12199776','Jiménez','PNF en Agroalimentación',1),(22896041,'Loreto','René','Tello','Rivas','M','0412-10126502','Jiménez','Distribución y Logística',1),(22935007,'Lourdes','Julián','Donoso','Serra','F','0412-15602183','Jiménez','PNF en Higiene y Seguridad Laboral',1),(23087119,'Celia','Alma','Barrena','Corbacho','F','0412-73845911','Morán','PNF en Agroalimentación',1),(23092391,'Casemiro','Manuela','Larrañaga','Méndez','M','0412-26563055','Jiménez','PNF en Informática',1),(23288934,'Vilma','Azahara','Noriega','Verdú','M','0412-99385742','Urdaneta','PNF en Turismo',1),(23375976,'Prudencio','Griselda','Aroca','Viana','M','0412-77090226','Urdaneta','PNF en Agroalimentación',1),(23448688,'Gaspar','Vasco','Franch','Sanmartín','M','0412-76116958','Morán','PNF en Agroalimentación',1),(23526223,'José Ángel','Tomasa','Gil','Anaya','F','0412-42539673','Urdaneta','PNF en Ciencias de la Información',1),(23586716,'Marta','Azahar','Herrero','Julián','F','0412-17651565','Urdaneta','Distribución y Logística',1),(23662346,'Adelina','Flor','Benito','Casanovas','F','0412-20096865','Urdaneta','PNF en Informática',1),(23764796,'Rubén','Amor','Isern','Cabezas','M','0412-32839528','Morán','PNF en Agroalimentación',1),(23794675,'Silvio','Anselmo','Quintana','Cabrera','M','0412-26172123','Urdaneta','PNF en Administración',1),(23823744,'Toño','Jordán','Villena','Elías','M','0412-23746807','Urdaneta','PNF en Informática',1),(23843788,'Porfirio','Lupita','Calvet','Pacheco','F','0412-38396937','Urdaneta','PNF en Administración',1),(23968890,'René','Saturnino','Anglada','Garriga','F','0412-64689097','Urdaneta','PNF en Ciencias de la Información',1),(23971670,'Aurora','Nilda','Correa','Montesinos','M','0412-79378303','Urdaneta','Distribución y Logística',1),(24036646,'Chucho','Oriana','Fonseca','Múgica','M','0412-97035854','Jiménez','PNF en Agroalimentación',1),(24121758,'Sebastián','Odalys','López','Huerta','M','0412-83744092','Urdaneta','PNF en Contaduría',1),(24125626,'Aroa','Artemio','Calleja','Herrera','M','0412-3032600','Morán','PNF en Agroalimentación',1),(24191553,'Eliana','Norberto','Feijoo','Trillo','F','0412-44066772','Jiménez','PNF en Informática',1),(24328320,'Heriberto','Glauco','Bonet','Estevez','M','0412-72333424','Urdaneta','PNF en Administración',1),(24329977,'Teresita','Rosa María','Elorza','Manzano','F','0412-63261460','Urdaneta','PNF en Ciencias de la Información',1),(24354080,'Máxima','María Pilar','Bonet','Gual','F','0412-5735988','Jiménez','PNF en Turismo',1),(24425844,'Carmelita','Edelmiro','Huerta','Espejo','F','0412-29875758','Urdaneta','Distribución y Logística',1),(24435362,'Ana Sofía','Delia','Vaquero','Carrión','F','0412-78741139','Morán','PNF en Turismo',1),(24442979,'Ariel','Ligia','Guitart','Antúnez','F','0412-48270723','Morán','PNF en Turismo',1),(24522356,'Dominga','Tadeo','Ribera','Calatayud','F','0412-43447047','Morán','PNF en Agroalimentación',1),(24526644,'Salvador','Candelas','Casas','Ripoll','F','0412-70739801','Jiménez','Distribución y Logística',1),(24574362,'Eutropio','Carlito','Sarabia','Paz','M','0412-15264014','Urdaneta','PNF en Agroalimentación',1),(24724532,'Cornelio','Lorenza','Martorell','Jimenez','M','0412-69539971','Jiménez','PNF en Ciencias de la Información',1),(24754269,'Guadalupe','Elvira','Zabala','Sanz','F','0412-25072038','Morán','PNF en Administración',1),(24831379,'Graciela','José Mari','Haro','Boix','M','0412-79173031','Jiménez','PNF en Entrenamiento Deportivo',1),(24959834,'Melchor','Joan','Vicente','Sanmiguel','M','0412-36502203','Urdaneta','PNF en Administración',1),(25036140,'Francisco Jose','Anastasio','Jover','Vizcaíno','M','0412-60954257','Urdaneta','PNF en Contaduría',1),(25115005,'Leonardo','Ricarda','Pastor','Alcántara','M','0412-93133120','Jiménez','PNF en Administración',1),(25157138,'Delfina','Maricela','Correa','Zamora','F','0412-2308172','Jiménez','PNF en Higiene y Seguridad Laboral',1),(25268764,'Natanael','Graciano','Salazar','Rivera','M','0412-24343741','Morán','PNF en Turismo',1),(25323044,'Ana','María','Vendrell','Guijarro','F','0412-55912863','Morán','Distribución y Logística',1),(25337417,'Violeta','Cruz','Torres','Chaparro','M','0412-66390381','Morán','PNF en Contaduría',1),(25412190,'Juan Francisco','Lino','Laguna','Agudo','M','0412-17611584','Jiménez','PNF en Turismo',1),(25501886,'Manu','Melania','Expósito','Solera','M','0412-76894207','Urdaneta','PNF en Entrenamiento Deportivo',1),(25521671,'Magdalena','Pedro','Sainz','Pinto','M','0412-25762916','Urdaneta','PNF en Ciencias de la Información',1),(25651511,'Gala','Galo','Luque','Salazar','F','0412-69010134','Urdaneta','PNF en Agroalimentación',1),(25677466,'Severo','Arturo','Mesa','Moraleda','M','0412-28625868','Urdaneta','PNF en Informática',1),(25769592,'María Manuela','Eladio','Camps','Puga','M','0412-59396029','Jiménez','PNF en Higiene y Seguridad Laboral',1),(25813473,'Poncio','Paloma','Salas','Mesa','M','0412-60225126','Morán','PNF en Entrenamiento Deportivo',1),(25824934,'Cayetana','Carla','Mancebo','Donoso','F','0412-57345185','Morán','PNF en Informática',1),(25966643,'Constanza','Adelina','Abad','Paz','M','0412-86904316','Urdaneta','PNF en Ciencias de la Información',1),(26099852,'Marcia','Javiera','Sosa','Mendizábal','M','0412-87082548','Morán','Distribución y Logística',1),(26107130,'Cayetana','Herminia','Carnero','Soriano','F','0412-99136368','Jiménez','PNF en Contaduría',1),(26281098,'Isabel','Alexandra','Bayón','Ledesma','M','0412-59028601','Jiménez','PNF en Higiene y Seguridad Laboral',1),(26353032,'Eva','Mariano','Prado','Ariño','F','0412-73476229','Urdaneta','PNF en Agroalimentación',1),(26584427,'Ibán','Adelaida','Peralta','Castrillo','F','0412-53142173','Urdaneta','PNF en Informática',1),(26629435,'Begoña','Camilo','Pomares','Ojeda','F','0412-26661164','Morán','PNF en Ciencias de la Información',1),(26709183,'Josep','Marisol','Barrera','Cabrera','F','0412-63801209','Jiménez','PNF en Informática',1),(26715901,'Régulo','Florencio','Quintero','Ferrández','F','0412-50262969','Urdaneta','PNF en Entrenamiento Deportivo',1),(26863793,'Fabiola','Marc','Pizarro','Catalán','M','0412-60965781','Morán','PNF en Contaduría',1),(26932087,'Victoriano','Joaquina','Murcia','Vicente','F','0412-29169717','Morán','PNF en Turismo',1),(26937367,'Daniel','Desiderio','Abella','Juan','M','0412-59080776','Morán','Distribución y Logística',1),(26957813,'Eva María','Mariano','Rovira','Barba','F','0412-48149060','Jiménez','PNF en Administración',1),(27013533,'Daniela','Martina','Galindo','Pombo','F','0412-53182368','Urdaneta','PNF en Administración',1),(27052134,'Dalila','Joaquina','Ramis','Amor','M','0412-70463830','Urdaneta','PNF en Contaduría',1),(27135939,'Miriam','Nilda','Mendoza','Morillo','M','0412-28162287','Morán','PNF en Turismo',1),(27148059,'Eligio','Adrián','Zorrilla','Jaume','M','0412-6696762','Morán','PNF en Higiene y Seguridad Laboral',1),(27272405,'Rosa María','Pastor','Pineda','Valderrama','F','0412-58364233','Jiménez','PNF en Administración',1),(27375001,'Sigfrido','Elisabet','Bonilla','Amigó','F','0412-11833457','Jiménez','PNF en Agroalimentación',1),(27569190,'Nidia','Teodosio','Botella','Cózar','M','0412-35525336','Morán','PNF en Administración',1),(27653715,'Baltasar','Dalila','Gárate','Cuéllar','M','0412-34993175','Morán','PNF en Entrenamiento Deportivo',1),(27895162,'Salomé','Nilo','Huguet','Oliver','F','0412-76562164','Urdaneta','PNF en Ciencias de la Información',1),(27910190,'Ruperta','Irma','Mateo','Torrents','M','0412-4453046','Urdaneta','PNF en Administración',1),(27961976,'Fortunato','Leticia','Pol','Benet','F','0412-76172586','Urdaneta','PNF en Entrenamiento Deportivo',1),(28129161,'Félix','Urbano','Giralt','Martínez','F','0412-43778797','Urdaneta','PNF en Higiene y Seguridad Laboral',1),(28184028,'Flora','Zaida','Poza','Salvador','M','0412-51460680','Morán','PNF en Turismo',1),(28249190,'Haydée','Joaquina','Salas','Valle','F','0412-89138142','Morán','PNF en Entrenamiento Deportivo',1),(28265467,'Tadeo','Marianela','Maestre','Paz','F','0412-46133888','Morán','Distribución y Logística',1),(28306717,'Alejandra','Narciso','Escolano','Sarabia','M','0412-73710390','Morán','PNF en Turismo',1),(28502454,'Araceli','Bernardita','Bas','Artigas','F','0412-1148940','Urdaneta','PNF en Entrenamiento Deportivo',1),(28607868,'Toño','Wálter','Rodríguez','Vidal','M','0412-17757227','Urdaneta','Distribución y Logística',1),(28757061,'Bernardita','René','Salgado','Mascaró','F','0412-9295225','Jiménez','PNF en Contaduría',1),(28810713,'Lourdes','Ildefonso','Fuentes','Taboada','F','0412-17081000','Urdaneta','PNF en Turismo',1),(28893245,'Clímaco','Noemí','Collado','Solano','F','0412-59181725','Urdaneta','PNF en Agroalimentación',1),(29017326,'Rosalía','Clímaco','Carmona','Pulido','M','0412-29270386','Jiménez','PNF en Informática',1),(29039733,'Jose Antonio','Lucho','Laguna','Amorós','F','0412-46006803','Urdaneta','PNF en Contaduría',1),(29067887,'Gisela','Custodia','Gaya','Beltran','F','0412-33955777','Morán','Distribución y Logística',1),(29086509,'Olegario','Marino','Carmona','Galindo','M','0412-80023176','Jiménez','PNF en Higiene y Seguridad Laboral',1),(29130824,'Yésica','Maura','Arrieta','Ariza','M','0412-89512385','Jiménez','PNF en Turismo',1),(29241712,'Fabiola','Benigno','Montalbán','Nogués','M','0412-48921118','Morán','PNF en Agroalimentación',1),(29280122,'Jorge','Corona','Jurado','Alberto','M','0412-59058630','Morán','PNF en Agroalimentación',1),(29496876,'Eustaquio','Toño','Herrera','Montes','F','0412-33964732','Morán','PNF en Entrenamiento Deportivo',1),(29526781,'Noa','Erasmo','Quiroga','Vendrell','M','0412-94463054','Urdaneta','PNF en Turismo',1),(29651604,'Sergio','Tamara','Suarez','Anguita','M','0412-24596555','Urdaneta','PNF en Turismo',1),(29809726,'Ximena','Graciela','Macias','Porta','F','0412-93606367','Jiménez','PNF en Informática',1),(29839561,'Ramón','Luciana','Crespi','Bernad','M','0412-32056309','Jiménez','PNF en Agroalimentación',1),(29908884,'Yaiza','Aarón','Asenjo','Baena','M','0412-86524212','Morán','PNF en Higiene y Seguridad Laboral',1),(30197478,'Apolinar','Moisés','Jove','Boix','F','0412-6460176','Morán','PNF en Higiene y Seguridad Laboral',1),(30236015,'Ricardo','Leandra','Grande','Llamas','F','0412-88586579','Urdaneta','PNF en Administración',1),(30291958,'Irene','Esmeralda','Pombo','Miranda','F','0412-19611548','Morán','Distribución y Logística',1),(30329828,'Rosa María','Javier','Gilabert','Calleja','F','0412-66367326','Jiménez','PNF en Entrenamiento Deportivo',1),(30370684,'Teresita','Begoña','Blázquez','Maza','M','0412-94356932','Morán','PNF en Entrenamiento Deportivo',1),(30423085,'Arturo','Baudelio','Pagès','Chico','F','0412-18129152','Urdaneta','PNF en Contaduría',1),(30435246,'Amaya','Jose Carlos','Arroyo','Galán','F','0412-96656203','Jiménez','Distribución y Logística',1),(30508061,'Eduardo','Jose Ignacio','Font','Sabater','F','0412-22689095','Jiménez','PNF en Ciencias de la Información',1),(30520170,'Dominga','Hilda','Montesinos','Alegre','M','0412-18641298','Jiménez','PNF en Entrenamiento Deportivo',1),(30520783,'Leyre','Severo','Cisneros','Bermúdez','M','0412-88159473','Jiménez','PNF en Administración',1),(30524457,'Leyre','Lucas','Guillen','Amaya','M','0412-1315542','Morán','PNF en Informática',1),(30756552,'Teodora','Carmelo','Nicolau','Arrieta','M','0412-48613394','Morán','PNF en Higiene y Seguridad Laboral',1),(30885252,'Albina','Aristides','Guzman','Palomares','F','0412-53676482','Jiménez','PNF en Turismo',1),(30896566,'Roxana','Amarilis','Huerta','Gallardo','M','0412-76907882','Morán','PNF en Higiene y Seguridad Laboral',1),(30954931,'Sigfrido','Carmen','Herrera','Almagro','M','0412-21300207','Morán','PNF en Informática',1),(30976157,'Pascual','Aristides','Arnaiz','Morales','F','0412-62189482','Urdaneta','PNF en Entrenamiento Deportivo',1),(31109267,'Lucas','Begoña','Company','Silva','F','0412-36874168','Morán','PNF en Informática',1),(31122849,'Eusebia','Jesusa','Boada','Peiró','F','0412-35643473','Urdaneta','PNF en Turismo',1),(31158687,'Esperanza','Raimundo','Mate','Ruano','M','0412-15308067','Jiménez','PNF en Informática',1),(31184677,'Alex','Amarilis','González','Molins','F','0412-95893325','Urdaneta','PNF en Administración',1),(31271269,'Chus','Manolo','Querol','Cerdán','M','0412-27894945','Morán','PNF en Informática',1),(31291337,'Arcelia','Nadia','Castillo','Vélez','F','0412-51227507','Jiménez','PNF en Higiene y Seguridad Laboral',1),(31353862,'Gala','René','Pozo','Manrique','F','0412-32980767','Morán','PNF en Contaduría',1),(31372409,'Elvira','Mohamed','Cámara','Samper','F','0412-40433684','Jiménez','PNF en Entrenamiento Deportivo',1),(31522000,'Lara','Lucho','Marqués','Donaire','F','0412-38055732','Jiménez','PNF en Administración',1),(31546046,'Fabián','Feliciana','Pellicer','Molins','M','0412-52476407','Urdaneta','PNF en Administración',1),(31564034,'Maribel','Cristóbal','Manzano','Duque','F','0412-36826312','Jiménez','PNF en Entrenamiento Deportivo',1),(31738422,'Clemente','Palmira','Cortés','Bermejo','F','0412-81043360','Jiménez','PNF en Turismo',1),(31821537,'Eusebia','Silvia','Serra','Escobar','F','0412-62507092','Morán','Distribución y Logística',1),(31848092,'Felipe','Jose Miguel','Lluch','Checa','M','0412-69396851','Jiménez','PNF en Informática',1),(31880435,'Álvaro','Emilia','Falcón','Tormo','F','0412-87703191','Morán','PNF en Ciencias de la Información',1),(31927129,'Diego','Florentino','Salas','Sáez','M','0412-37935964','Urdaneta','PNF en Higiene y Seguridad Laboral',1),(31952419,'Rita','Joaquina','Balaguer','Batalla','M','0412-73958470','Jiménez','PNF en Administración',1),(32081831,'Lino','Jose Ramón','Campos','Pombo','F','0412-56439221','Jiménez','PNF en Agroalimentación',1),(32173967,'Febe','Adela','Paniagua','Huguet','M','0412-59544231','Urdaneta','PNF en Ciencias de la Información',1),(32265719,'Débora','Felicia','Pelayo','Checa','F','0412-67349410','Morán','PNF en Ciencias de la Información',1),(32357166,'Nélida','Agapito','Díaz','Calleja','F','0412-69886039','Jiménez','PNF en Informática',1),(32577827,'Ruperta','Ildefonso','Arnaiz','Patiño','F','0412-77019734','Jiménez','PNF en Ciencias de la Información',1),(32622276,'José','Flora','Zapata','Navarro','F','0412-93027734','Urdaneta','PNF en Contaduría',1),(32654475,'Noé','Clotilde','Escamilla','Mendez','M','0412-85481722','Urdaneta','PNF en Ciencias de la Información',1),(32724053,'Amarilis','Eli','Acuña','Figuerola','M','0412-79301053','Morán','PNF en Turismo',1),(32823699,'Sandalio','Leyre','Reyes','Gámez','M','0412-35155303','Urdaneta','PNF en Informática',1),(32933964,'Jose','Encarnita','Millán','Patiño','F','0412-21705788','Urdaneta','PNF en Ciencias de la Información',1),(32993446,'Jenny','Flor','Ribes','Valls','F','0412-95839323','Morán','PNF en Agroalimentación',1),(33028630,'Nélida','Edelmira','Pinedo','Quevedo','F','0412-16090841','Morán','PNF en Agroalimentación',1),(33098287,'Abigaíl','Milagros','Hernandez','Iborra','F','0412-46799261','Morán','PNF en Turismo',1),(33136237,'Soledad','Cecilia','Barragán','Carranza','M','0412-99634609','Morán','PNF en Entrenamiento Deportivo',1),(33166346,'Isaías','Carmelita','Morante','Haro','F','0412-69246321','Morán','Distribución y Logística',1),(33286384,'Fulgencio','Dalila','Aliaga','Manuel','F','0412-39412677','Morán','PNF en Entrenamiento Deportivo',1),(33300863,'Jose Francisco','Maximiliano','Moreno','Acosta','M','0412-29691368','Morán','PNF en Contaduría',1),(33308678,'Jonatan','Florentina','Galván','Vidal','F','0412-62709362','Jiménez','PNF en Contaduría',1),(33350833,'Fernando','Yago','Tenorio','Macías','M','0412-52149849','Jiménez','PNF en Agroalimentación',1),(33530068,'Rosalva','Rosalía','Andrés','Egea','F','0412-46592216','Jiménez','PNF en Ciencias de la Información',1),(33553296,'Isidora','Antonia','Chacón','Infante','M','0412-9826409','Urdaneta','PNF en Higiene y Seguridad Laboral',1),(33604335,'Jonatan','Gema','Ángel','Cortés','M','0412-14727976','Morán','Distribución y Logística',1),(33678921,'Susana','Guiomar','Ripoll','Lledó','M','0412-2842295','Urdaneta','PNF en Contaduría',1),(33760568,'Felipa','Pepita','Pacheco','Pavón','F','0412-96818754','Urdaneta','PNF en Entrenamiento Deportivo',1),(33835674,'Leocadio','Roque','Taboada','Fonseca','M','0412-52422934','Jiménez','PNF en Agroalimentación',1),(33876393,'Lino','Leandra','Baró','Manzano','M','0412-42874737','Morán','PNF en Administración',1),(33887088,'Espiridión','María Carmen','Martinez','Quevedo','M','0412-52184430','Urdaneta','PNF en Administración',1),(34043937,'Martina','Ruperto','Barrio','Ávila','F','0412-70671192','Jiménez','PNF en Informática',1),(34068809,'Flora','Maricela','Benavides','Aller','M','0412-61238979','Morán','PNF en Administración',1),(34122558,'Marisa','Aroa','Menendez','Rivero','M','0412-64063045','Urdaneta','PNF en Entrenamiento Deportivo',1),(34137581,'Nicolasa','Nieves','Álvaro','Roura','F','0412-63505464','Morán','PNF en Ciencias de la Información',1),(34174907,'Ariel','Amelia','Paredes','Olivera','M','0412-65422683','Jiménez','PNF en Ciencias de la Información',1),(34245922,'Priscila','Vicenta','Poza','Villegas','F','0412-36106367','Jiménez','Distribución y Logística',1),(34258767,'Samuel','Salomé','Rivera','Piñeiro','M','0412-39082409','Jiménez','PNF en Higiene y Seguridad Laboral',1),(34463125,'Cipriano','Tito','Busquets','Agullo','F','0412-17044371','Morán','PNF en Agroalimentación',1),(34581264,'Felicidad','Jose Ramón','Ángel','Borja','F','0412-94113814','Morán','PNF en Entrenamiento Deportivo',1),(34606962,'Juan Antonio','Juan Carlos','Andreu','Segura','M','0412-13203167','Morán','PNF en Informática',1),(34675567,'Jordana','Dani','Puerta','Castejón','F','0412-23817106','Urdaneta','PNF en Administración',1),(34812972,'Alberto','Julio','Rosado','Abascal','M','0412-41013389','Urdaneta','PNF en Administración',1),(34817852,'Eusebio','Toribio','Hurtado','Coloma','F','0412-68275281','Jiménez','PNF en Ciencias de la Información',1),(34821699,'Cruz','Luis Miguel','Sevillano','Borrell','F','0412-18929949','Morán','PNF en Informática',1),(34997328,'Pedro','Rafael','Castro','Téllez','M','0412-65352372','Morán','PNF en Turismo',1),(35049361,'Gracia','Atilio','Pedrero','Leon','M','0412-16517219','Urdaneta','PNF en Informática',1),(35088370,'Esperanza','Teófila','Ibáñez','Nieto','M','0412-25583725','Jiménez','PNF en Ciencias de la Información',1),(35243650,'Alex','Carlos','Gallardo','Marco','M','0412-75485778','Urdaneta','PNF en Administración',1),(35334699,'María Jesús','Germán','Rey','Zorrilla','F','0412-44642182','Morán','PNF en Informática',1),(35400643,'Gracia','Andrea','Talavera','Tamayo','F','0412-8923371','Jiménez','PNF en Administración',1),(35462787,'Silvio','Óscar','Alfonso','Casanova','M','0412-85927444','Urdaneta','PNF en Turismo',1),(35482528,'Gloria','Mario','Naranjo','Egea','M','0412-59938282','Morán','PNF en Informática',1),(35487320,'Tere','Irma','Gordillo','Tomé','M','0412-84487198','Morán','PNF en Agroalimentación',1),(35516225,'Eulalia','Débora','Cadenas','Carballo','M','0412-15743583','Urdaneta','PNF en Ciencias de la Información',1),(35617468,'Etelvina','Tomasa','Pulido','Berrocal','M','0412-44037442','Urdaneta','PNF en Informática',1),(35644724,'Sancho','Charo','Clemente','Valverde','M','0412-30066426','Jiménez','Distribución y Logística',1),(35649194,'Atilio','Julio César','Cano','Escalona','M','0412-89309002','Jiménez','PNF en Agroalimentación',1),(35727720,'Fulgencio','Dimas','Flor','Coca','F','0412-27485634','Jiménez','PNF en Informática',1),(35830657,'Mayte','Samuel','Sanmiguel','Contreras','F','0412-82786305','Morán','PNF en Entrenamiento Deportivo',1),(35909374,'Cayetano','Manu','Alba','Iglesias','M','0412-87853420','Urdaneta','PNF en Agroalimentación',1),(35920359,'Tito','Ramiro','Cerdá','Alcalá','F','0412-23608031','Jiménez','Distribución y Logística',1),(35938535,'Reina','Hermenegildo','Costa','Rodriguez','M','0412-95150250','Jiménez','Distribución y Logística',1),(36042503,'Loreto','Maristela','Barral','Camps','F','0412-7606354','Urdaneta','PNF en Higiene y Seguridad Laboral',1),(36196997,'Baudelio','Cristóbal','Piñol','Priego','M','0412-19909705','Urdaneta','PNF en Higiene y Seguridad Laboral',1),(36553816,'Javier','Magdalena','Maza','Tomás','F','0412-11577350','Jiménez','PNF en Contaduría',1),(36615535,'Severo','Adolfo','Montserrat','Mercader','M','0412-1232215','Urdaneta','PNF en Ciencias de la Información',1),(36685618,'Hermenegildo','Josefa','Aramburu','Portero','M','0412-93370032','Jiménez','PNF en Informática',1),(36716948,'Nilda','Martín','Alberto','Ibáñez','F','0412-87831474','Morán','PNF en Informática',1),(36866426,'Carmina','Dimas','Sainz','Esteban','F','0412-50604979','Morán','PNF en Contaduría',1),(36894999,'Asunción','Asdrubal','Armengol','Valderrama','F','0412-79333599','Morán','Distribución y Logística',1),(36926048,'Rodrigo','Haroldo','Aguilar','Fuente','M','0412-5155084','Jiménez','Distribución y Logística',1),(36953074,'Cirino','Eleuterio','Farré','Manzano','F','0412-66283652','Urdaneta','PNF en Administración',1),(37096410,'Georgina','Erasmo','Arjona','Ríos','F','0412-88782297','Jiménez','PNF en Entrenamiento Deportivo',1),(37129532,'Rosenda','Marita','Plaza','Araujo','F','0412-79555939','Urdaneta','PNF en Higiene y Seguridad Laboral',1),(37137426,'Emilia','Baudelio','Carnero','Baró','F','0412-66878910','Jiménez','PNF en Informática',1),(37152560,'Carmen','Eliseo','Ferrero','Cortina','F','0412-87964645','Jiménez','PNF en Informática',1),(37217884,'Jose Antonio','Maite','Parejo','Vilar','M','0412-18807829','Morán','PNF en Contaduría',1),(37242052,'Magdalena','Crescencia','Diez','Torres','F','0412-12447402','Jiménez','PNF en Turismo',1),(37301804,'Corona','Curro','Mercader','Almazán','M','0412-21725128','Urdaneta','PNF en Administración',1),(37320382,'Cándida','Eugenia','Arnau','Miguel','M','0412-90134780','Urdaneta','PNF en Agroalimentación',1),(37395782,'Loreto','Lucho','Escalona','Aguilera','F','0412-50435654','Urdaneta','PNF en Higiene y Seguridad Laboral',1),(37539694,'Angelita','Héctor','Peral','Cortes','M','0412-74605200','Jiménez','PNF en Turismo',1),(37777493,'Faustino','Aurora','Prat','Zaragoza','F','0412-41374829','Morán','PNF en Contaduría',1),(38044112,'Rufina','Juana','Muñoz','Coll','M','0412-43897969','Urdaneta','PNF en Higiene y Seguridad Laboral',1),(38147832,'Eugenio','Wilfredo','Frutos','Tejera','F','0412-58823798','Morán','PNF en Administración',1),(38157066,'Jenny','Mohamed','Montesinos','Tomas','F','0412-84274274','Jiménez','PNF en Turismo',1),(38175830,'Primitivo','Damián','Molins','Baeza','F','0412-89142592','Urdaneta','PNF en Administración',1),(38208593,'Itziar','Petrona','Barco','Nicolás','M','0412-9775222','Morán','PNF en Ciencias de la Información',1),(38294198,'Miguel Ángel','José Luis','Rivera','Cervantes','M','0412-16395364','Jiménez','PNF en Agroalimentación',1),(38308174,'Haroldo','Diego','Palomino','Miranda','M','0412-27851968','Jiménez','PNF en Turismo',1),(38319783,'Poncio','Manuela','Valverde','Pozo','M','0412-349909','Jiménez','PNF en Contaduría',1),(38337618,'Flavia','Estela','Conde','Miró','F','0412-73160394','Urdaneta','PNF en Contaduría',1),(38381307,'Danilo','Isidora','Barral','Duque','M','0412-73339420','Urdaneta','PNF en Higiene y Seguridad Laboral',1),(38611710,'Baltasar','Josefina','Benitez','Casanova','F','0412-74433070','Urdaneta','PNF en Informática',1),(38718951,'Flavia','Sebastián','Garcia','Murcia','M','0412-23899651','Morán','Distribución y Logística',1),(38788124,'Jordán','Geraldo','Duarte','Roura','M','0412-63211654','Jiménez','PNF en Ciencias de la Información',1),(38873103,'Luis Miguel','Anabel','Jimenez','Cañizares','F','0412-58196901','Urdaneta','PNF en Agroalimentación',1),(38917196,'Desiderio','Marcio','Salazar','Bustamante','M','0412-93437757','Urdaneta','PNF en Higiene y Seguridad Laboral',1),(38963789,'Nereida','Julia','Mas','Ávila','M','0412-87380111','Morán','Distribución y Logística',1),(38969096,'Cesar','Jaime','Milla','Ortiz','F','0412-18964980','Morán','PNF en Agroalimentación',1),(39135753,'Evangelina','Miguel','Valera','Camino','F','0412-3841773','Urdaneta','PNF en Administración',1),(39238223,'Paola','Pablo','Criado','Huertas','M','0412-98324212','Jiménez','PNF en Agroalimentación',1),(39314971,'Nilo','Antonio','Puente','Arranz','F','0412-79321924','Jiménez','PNF en Agroalimentación',1),(39500184,'Esperanza','Alfonso','Perera','Romero','F','0412-7777394','Urdaneta','PNF en Informática',1),(39788833,'Agapito','Sabina','Azcona','Pomares','M','0412-74915283','Morán','PNF en Agroalimentación',1),(39838164,'Edelmiro','Aitor','Bosch','Pedraza','M','0412-97278022','Urdaneta','PNF en Contaduría',1),(39840974,'María Fernanda','Cosme','Talavera','Abril','F','0412-24223884','Morán','PNF en Contaduría',1),(39854186,'América','Epifanio','Saldaña','Mir','M','0412-27673912','Morán','PNF en Administración',1),(39854363,'Odalys','Cristian','Alonso','Corominas','M','0412-97698277','Morán','PNF en Turismo',1),(39885276,'Teobaldo','Lidia','Carlos','Samper','M','0412-16453725','Morán','Distribución y Logística',1),(39899249,'Vicenta','Angelina','Taboada','Muñoz','M','0412-17099706','Jiménez','Distribución y Logística',1),(40087778,'Cebrián','Feliciano','Acedo','Villanueva','M','0412-15116883','Jiménez','PNF en Informática',1),(40109511,'Elodia','Dorita','Clavero','Duran','M','0412-39281704','Urdaneta','PNF en Turismo',1),(40224678,'Paloma','Marina','Castelló','Acero','F','0412-48289091','Jiménez','PNF en Higiene y Seguridad Laboral',1),(40231149,'Ramona','Fermín','Ropero','Rico','F','0412-42770627','Urdaneta','PNF en Entrenamiento Deportivo',1),(40235852,'Micaela','Alfonso','Grau','Belmonte','F','0412-55248019','Jiménez','PNF en Entrenamiento Deportivo',1),(40287043,'Violeta','Marc','Miranda','Company','F','0412-55810762','Jiménez','PNF en Administración',1),(40639594,'Cecilio','Perlita','Prado','Trillo','F','0412-63660242','Jiménez','PNF en Administración',1),(40697215,'Sonia','Renata','Castrillo','Ripoll','F','0412-30557971','Jiménez','PNF en Higiene y Seguridad Laboral',1),(40803869,'Felix','Lucho','Nicolau','Barrera','F','0412-93156558','Jiménez','Distribución y Logística',1),(40823316,'Elena','Adora','Torres','Bermúdez','M','0412-47174309','Morán','PNF en Ciencias de la Información',1),(40883810,'Cayetano','Soraya','Llabrés','Lluch','F','0412-25841985','Urdaneta','PNF en Informática',1),(40993398,'Alberto','Amarilis','Noguera','Montenegro','M','0412-28590167','Jiménez','PNF en Ciencias de la Información',1),(41040792,'Joan','Demetrio','Valbuena','Dávila','F','0412-44963049','Morán','Distribución y Logística',1),(41133199,'Olga','Leticia','Ferrer','Arroyo','M','0412-24708889','Urdaneta','PNF en Higiene y Seguridad Laboral',1),(41144457,'Amado','Lucho','Morata','Ribes','M','0412-92949463','Jiménez','PNF en Higiene y Seguridad Laboral',1),(41277114,'Luisina','Pascuala','Navarrete','Acuña','F','0412-8940061','Urdaneta','PNF en Higiene y Seguridad Laboral',1),(41344397,'Diana','Socorro','Vargas','Calderón','M','0412-97857057','Morán','PNF en Agroalimentación',1),(41346464,'Micaela','Gonzalo','Jáuregui','Aguiló','M','0412-45744078','Jiménez','PNF en Contaduría',1),(41366052,'Silvia','Moisés','Hervás','Pablo','F','0412-6436409','Jiménez','PNF en Agroalimentación',1),(41380778,'Amador','José Antonio','Muñoz','Menéndez','F','0412-57368660','Jiménez','PNF en Turismo',1),(41468644,'Charo','Rufina','Priego','Guzmán','M','0412-81308452','Jiménez','PNF en Contaduría',1),(41514712,'Marciano','Florentino','Granados','Alfonso','F','0412-71528569','Urdaneta','PNF en Informática',1),(41779064,'Juan','Isidoro','Dueñas','Jordá','F','0412-75892575','Urdaneta','PNF en Agroalimentación',1),(42135211,'Anunciación','Marco','Fonseca','Clavero','M','0412-42398991','Urdaneta','PNF en Administración',1),(42284238,'Íngrid','Elisabet','Molins','Espada','M','0412-74420447','Urdaneta','PNF en Higiene y Seguridad Laboral',1),(42322123,'Iván','Pedro','Caparrós','Perelló','F','0412-78375654','Jiménez','PNF en Agroalimentación',1),(42355478,'Jenny','Isidora','Alonso','Batlle','F','0412-82323012','Jiménez','PNF en Entrenamiento Deportivo',1),(42374775,'Odalis','Baltasar','Mora','Palmer','F','0412-64713305','Urdaneta','Distribución y Logística',1),(42503141,'Josefina','Encarnación','Gimenez','Cerdán','M','0412-99878723','Jiménez','Distribución y Logística',1),(42566523,'Rosario','América','Vázquez','Robledo','F','0412-24986619','Urdaneta','PNF en Administración',1),(42582368,'Amada','Áurea','Villalobos','Baró','M','0412-62886941','Jiménez','PNF en Administración',1),(42653045,'Amílcar','Ágata','Bueno','Arjona','M','0412-39223525','Morán','PNF en Administración',1),(42771027,'Tristán','Emiliano','Mariscal','Sotelo','M','0412-94379869','Urdaneta','PNF en Turismo',1),(42782373,'Marc','Marisela','Cuevas','Canals','M','0412-13529887','Urdaneta','PNF en Agroalimentación',1),(42928362,'Miriam','Albina','Gil','Nicolau','F','0412-15992996','Jiménez','PNF en Entrenamiento Deportivo',1),(42956296,'Galo','Etelvina','Jover','Cáceres','M','0412-3686922','Urdaneta','PNF en Higiene y Seguridad Laboral',1),(42967170,'Rosenda','Emiliano','Pomares','Llabrés','M','0412-45932461','Urdaneta','PNF en Higiene y Seguridad Laboral',1),(43270970,'Susana','Rosario','Aguilera','Villalba','M','0412-18349202','Morán','PNF en Ciencias de la Información',1),(43279003,'Jordi','Clara','Sáez','Mosquera','F','0412-42152123','Jiménez','PNF en Entrenamiento Deportivo',1),(43279376,'Samu','Donato','Ramón','Reig','F','0412-67649725','Urdaneta','Distribución y Logística',1),(43308256,'Yago','Aura','Salmerón','Esteve','M','0412-31233761','Morán','PNF en Higiene y Seguridad Laboral',1),(43625858,'Benigno','Domitila','Córdoba','Martínez','M','0412-81373257','Jiménez','PNF en Informática',1),(43656971,'María Cristina','Gregorio','Palomo','Ibañez','F','0412-36954173','Jiménez','PNF en Agroalimentación',1),(43671540,'Olalla','Manuelita','Juan','Dueñas','M','0412-71809263','Urdaneta','PNF en Higiene y Seguridad Laboral',1),(43676198,'Octavio','Narciso','Alarcón','Barba','M','0412-61027358','Jiménez','PNF en Informática',1),(43717981,'Abraham','Anacleto','Feijoo','Bastida','F','0412-88972541','Jiménez','PNF en Entrenamiento Deportivo',1),(43721695,'Néstor','Yolanda','Plana','Coello','F','0412-68525877','Morán','PNF en Informática',1),(43912251,'Ricarda','Victorino','Galindo','Medina','M','0412-88488534','Morán','PNF en Administración',1),(44066659,'Manu','Blas','Sola','Carranza','M','0412-11956318','Urdaneta','PNF en Informática',1),(44229196,'Nacio','Nicanor','Porras','Rivera','M','0412-89920121','Morán','PNF en Agroalimentación',1),(44270815,'Corona','Candelaria','Varela','Priego','F','0412-67326190','Urdaneta','PNF en Ciencias de la Información',1),(44333758,'Marisol','Antonia','Terrón','Blanca','M','0412-39328791','Urdaneta','PNF en Administración',1),(44446667,'Baltasar','Cruz','Acedo','Río','M','0412-49695240','Urdaneta','PNF en Contaduría',1),(44539656,'Cirino','Baltasar','Borrás','Pomares','M','0412-66421072','Morán','PNF en Ciencias de la Información',1),(44598209,'Adán','Severino','España','Sarmiento','F','0412-1222526','Morán','Distribución y Logística',1),(44599819,'Evangelina','María','Leiva','Corominas','F','0412-38671351','Jiménez','PNF en Entrenamiento Deportivo',1),(44708042,'José Ángel','Luciano','Belmonte','Almeida','M','0412-71261175','Morán','PNF en Entrenamiento Deportivo',1),(44831361,'María Teresa','Pepito','Pera','Lorenzo','F','0412-39827470','Jiménez','PNF en Administración',1),(44862430,'Martín','Narcisa','Montesinos','Ojeda','M','0412-27563214','Jiménez','PNF en Entrenamiento Deportivo',1),(44878310,'Piedad','Ainoa','Roldan','León','M','0412-52567236','Urdaneta','Distribución y Logística',1),(44898392,'Loreto','Eliana','Hernandez','Polo','M','0412-30474152','Jiménez','PNF en Administración',1),(45148279,'Rosenda','Loida','Rovira','Tomas','F','0412-45904703','Urdaneta','PNF en Turismo',1),(45152543,'Águeda','Áurea','Badía','Girona','F','0412-82483245','Jiménez','PNF en Higiene y Seguridad Laboral',1),(45224124,'Maristela','Nico','Jerez','Amador','M','0412-50523906','Jiménez','PNF en Turismo',1),(45254262,'Consuela','Silvestre','Manso','Sierra','M','0412-25985319','Jiménez','PNF en Entrenamiento Deportivo',1),(45297429,'Amancio','Toribio','Sales','Blanch','F','0412-48841855','Urdaneta','PNF en Administración',1),(45348447,'León','Felisa','Chaves','Barros','M','0412-50635044','Urdaneta','PNF en Agroalimentación',1),(45421610,'Cayetana','David','Milla','Alberola','F','0412-26067789','Urdaneta','PNF en Informática',1),(45496497,'Hortensia','Brunilda','Boix','Velázquez','F','0412-37935601','Urdaneta','PNF en Higiene y Seguridad Laboral',1),(45577805,'Eutimio','Paz','Pinto','Pol','M','0412-81204211','Morán','PNF en Informática',1),(45659693,'Leoncio','Omar','Moliner','Álvaro','F','0412-19612364','Morán','PNF en Informática',1),(45802149,'Jenny','Odalis','Amo','Cisneros','M','0412-34155275','Jiménez','PNF en Informática',1),(45856582,'Encarnita','Elodia','Iborra','Diaz','F','0412-64007773','Jiménez','Distribución y Logística',1),(45906762,'Alcides','Benigno','Blazquez','Galán','F','0412-49558159','Morán','PNF en Turismo',1),(45936731,'Tamara','Nicolasa','Piñeiro','Arjona','F','0412-44663994','Jiménez','PNF en Higiene y Seguridad Laboral',1),(46160136,'Tatiana','Cesar','Alonso','Mena','M','0412-65777059','Urdaneta','Distribución y Logística',1),(46179566,'Nicanor','Elisa','Ribera','Amigó','M','0412-24851354','Morán','PNF en Informática',1),(46246639,'Jose Francisco','Estela','Carrera','Barros','M','0412-78509825','Morán','PNF en Turismo',1),(46272456,'Arsenio','Calixto','Esparza','Bolaños','F','0412-25134957','Jiménez','PNF en Agroalimentación',1),(46401101,'Basilio','René','Samper','Pellicer','F','0412-35880142','Jiménez','PNF en Entrenamiento Deportivo',1),(46415357,'Gloria','Isaías','Sans','Revilla','M','0412-95845162','Jiménez','Distribución y Logística',1),(46510505,'Bautista','Baldomero','Vega','Romeu','F','0412-66525410','Urdaneta','PNF en Contaduría',1),(46697603,'Chema','Fabiola','Diaz','Quintana','M','0412-39501812','Morán','Distribución y Logística',1),(46718781,'Sandra','Blas','Escrivá','Noriega','F','0412-67519972','Urdaneta','PNF en Higiene y Seguridad Laboral',1),(46722929,'Olga','Vinicio','Mancebo','González','F','0412-22207864','Jiménez','PNF en Higiene y Seguridad Laboral',1),(46899556,'Máximo','Josefa','Domínguez','Bayona','F','0412-34163703','Morán','PNF en Entrenamiento Deportivo',1),(46988099,'Yaiza','Lina','Tapia','Quintanilla','M','0412-14390628','Jiménez','PNF en Agroalimentación',1),(47027210,'Encarnación','Carmen','Nuñez','Falcó','M','0412-12039850','Morán','PNF en Contaduría',1),(47182732,'Pedro','Rogelio','Villegas','Juan','F','0412-46916914','Jiménez','PNF en Entrenamiento Deportivo',1),(47223245,'Edelmiro','Mariana','Fuertes','Delgado','F','0412-72784777','Morán','PNF en Administración',1),(47333060,'Candela','Hipólito','Luís','Prat','M','0412-1607043','Jiménez','PNF en Contaduría',1),(47460810,'Ariel','Roxana','Lasa','Atienza','F','0412-65446678','Urdaneta','PNF en Agroalimentación',1),(47667711,'Fernanda','Elodia','Ferrando','Fuente','M','0412-34661144','Jiménez','PNF en Higiene y Seguridad Laboral',1),(47711231,'Ambrosio','Valero','Carbó','Bru','F','0412-6269087','Jiménez','PNF en Ciencias de la Información',1),(47768080,'Teresa','Macaria','Granados','Cantón','M','0412-55448024','Morán','Distribución y Logística',1),(47822788,'Sarita','Moisés','Arco','Valderrama','F','0412-41198618','Jiménez','PNF en Agroalimentación',1),(47852689,'Eutropio','Teresa','Santos','Galvez','F','0412-34080394','Urdaneta','PNF en Turismo',1),(47902671,'Perlita','Íngrid','Valverde','Mas','M','0412-89114493','Jiménez','PNF en Contaduría',1),(48043256,'Kike','Nilo','Zorrilla','Aller','F','0412-74142881','Jiménez','PNF en Turismo',1),(48076224,'Adela','Ovidio','Sanjuan','Albero','F','0412-70836551','Jiménez','PNF en Ciencias de la Información',1),(48112193,'María Fernanda','Felipe','Valera','Clemente','F','0412-80413982','Jiménez','PNF en Turismo',1),(48202545,'Marcelino','Saturnino','Almeida','Santamaria','M','0412-13829003','Morán','PNF en Turismo',1),(48300783,'Belén','Jenaro','Mora','Bueno','M','0412-55531706','Jiménez','PNF en Contaduría',1),(48396541,'Noemí','Begoña','Ortuño','Lago','F','0412-27789064','Urdaneta','PNF en Contaduría',1),(48407438,'Danilo','Florentina','Benavent','Antón','M','0412-5051636','Urdaneta','PNF en Agroalimentación',1),(48549176,'Marcia','Olga','Mosquera','Borrego','F','0412-89287551','Jiménez','PNF en Turismo',1),(48562707,'Bienvenida','Gastón','Larrañaga','Diego','F','0412-77544420','Jiménez','PNF en Contaduría',1),(48613835,'Ligia','Prudencia','Vigil','Linares','M','0412-69281586','Urdaneta','PNF en Ciencias de la Información',1),(48622304,'Rosendo','Chus','Llorente','Juliá','M','0412-52010997','Morán','PNF en Administración',1),(48765713,'Chelo','Matías','Barranco','Sabater','M','0412-75989275','Urdaneta','PNF en Turismo',1),(48878337,'Sabina','Renato','Rosell','Pelayo','F','0412-84819581','Morán','PNF en Entrenamiento Deportivo',1),(48916362,'Lupita','Dorita','Peiró','Saavedra','F','0412-72626728','Morán','PNF en Contaduría',1),(48956193,'Ainoa','Margarita','Camacho','Gilabert','F','0412-39737179','Urdaneta','PNF en Ciencias de la Información',1),(48964486,'Sancho','Humberto','Castells','Mata','F','0412-73389855','Jiménez','PNF en Administración',1),(49086396,'Pablo','Serafina','Escolano','Alcaraz','M','0412-15452811','Urdaneta','PNF en Administración',1),(49098763,'Tatiana','Simón','Chamorro','Montserrat','F','0412-4553512','Jiménez','PNF en Agroalimentación',1),(49318457,'Áurea','Javier','Ribas','León','F','0412-51194623','Urdaneta','PNF en Contaduría',1),(49501873,'Luciana','Prudencia','Pardo','Crespi','F','0412-10593377','Jiménez','PNF en Informática',1),(49540004,'Aitana','Azeneth','Reyes','Asensio','M','0412-93964319','Urdaneta','PNF en Contaduría',1),(49558233,'Juanito','Federico','Cases','Andres','M','0412-59858071','Jiménez','PNF en Agroalimentación',1),(49619209,'Amando','Amada','Lloret','Cantero','M','0412-57410066','Urdaneta','PNF en Administración',1),(49621434,'Lola','Vito','Urrutia','Mosquera','F','0412-65724','Jiménez','PNF en Administración',1),(49767449,'Olimpia','Eufemia','Tenorio','Alvarez','M','0412-44666796','Urdaneta','PNF en Higiene y Seguridad Laboral',1),(49813366,'Teobaldo','Adora','Sotelo','Gomila','M','0412-79980683','Morán','PNF en Entrenamiento Deportivo',1),(49954908,'Agapito','Serafina','Aguiló','Prats','M','0412-89907793','Jiménez','PNF en Informática',1),(50013275,'Irene','Bibiana','Bernat','Almazán','F','0412-50317370','Urdaneta','PNF en Informática',1),(50091100,'Custodio','Teodora','Escolano','Pujol','F','0412-31116525','Morán','PNF en Turismo',1),(50104619,'Jordi','Ariadna','Sureda','Esparza','F','0412-57624644','Morán','PNF en Turismo',1),(50147531,'Sosimo','Evangelina','Barros','Garcés','F','0412-58948327','Jiménez','PNF en Contaduría',1),(50168576,'Dan','Azahara','Peláez','Palau','M','0412-77057814','Jiménez','Distribución y Logística',1),(50198099,'Rebeca','Isidora','Heredia','Carbó','F','0412-33398576','Morán','PNF en Turismo',1),(50244336,'Samu','María José','Valle','Neira','M','0412-21976892','Urdaneta','PNF en Entrenamiento Deportivo',1),(50341038,'Adrián','Aureliano','Berrocal','Pou','F','0412-88759157','Morán','Distribución y Logística',1),(50352023,'Manu','Inés','Aguilera','Rodrigo','M','0412-28284819','Urdaneta','PNF en Turismo',1),(50412181,'Amílcar','Jenaro','Arenas','Ballester','F','0412-40394341','Urdaneta','PNF en Turismo',1),(50426411,'Petrona','Cándida','Tirado','Figueras','F','0412-74576739','Morán','PNF en Informática',1),(50482835,'Teófila','Lucía','Blázquez','Aguado','M','0412-74833004','Morán','PNF en Contaduría',1),(50539602,'Nadia','Conrado','Mancebo','Luna','F','0412-55791459','Morán','PNF en Turismo',1),(50582835,'Olga','Julio César','López','Riera','F','0412-31866277','Urdaneta','Distribución y Logística',1),(50596631,'Abril','Bernarda','Ferreras','Múñiz','M','0412-7507440','Jiménez','PNF en Informática',1),(50606393,'Juan Manuel','Adelina','Rosales','Lopez','M','0412-34768897','Jiménez','Distribución y Logística',1),(50646341,'Tania','Ale','Hernando','Larrea','F','0412-63741864','Jiménez','PNF en Entrenamiento Deportivo',1),(50725586,'Evaristo','Custodia','Sedano','Falcón','M','0412-25335319','Urdaneta','PNF en Informática',1),(50795882,'Moreno','Natividad','Cabello','Gargallo','M','0412-44200038','Urdaneta','PNF en Informática',1),(50887867,'Consuela','Desiderio','Almazán','Ledesma','M','0412-1889251','Urdaneta','PNF en Informática',1),(50897876,'Alberto','Haroldo','Juliá','Valenzuela','M','0412-2243301','Urdaneta','PNF en Agroalimentación',1),(50934860,'Sergio','Dalila','Crespi','Cerezo','F','0412-4980435','Morán','PNF en Contaduría',1),(50948347,'Guillermo','Javi','Almazán','Canet','M','0412-38475073','Urdaneta','PNF en Turismo',1),(50999796,'Lázaro','Azahara','Gutierrez','Cabanillas','M','0412-52272041','Jiménez','PNF en Administración',1),(51321985,'María Cristina','Lupe','Armengol','Herranz','F','0412-92827926','Morán','PNF en Ciencias de la Información',1),(51398543,'Soraya','Irma','Cortés','Arranz','F','0412-49796714','Morán','PNF en Turismo',1),(51405875,'Bonifacio','Virgilio','Piquer','Raya','M','0412-72037725','Jiménez','PNF en Ciencias de la Información',1),(51469553,'Ciro','Bárbara','Rueda','Cadenas','M','0412-71513629','Urdaneta','Distribución y Logística',1),(51476862,'Jessica','María Manuela','Carranza','Quero','F','0412-57751905','Urdaneta','PNF en Administración',1),(51500770,'Nazaret','Iker','Hernando','Torrent','M','0412-38853853','Jiménez','PNF en Ciencias de la Información',1),(51518302,'Iván','Nilda','Vilalta','Lladó','F','0412-35553238','Jiménez','PNF en Contaduría',1),(51551602,'Calisto','Efraín','Varela','Ballester','F','0412-4455482','Morán','PNF en Contaduría',1),(51572799,'Sabina','Bernardo','Núñez','Tello','M','0412-49007904','Jiménez','PNF en Administración',1),(51706191,'Jose Antonio','Ricarda','Santos','Vera','M','0412-57131040','Morán','PNF en Ciencias de la Información',1),(51879714,'Miriam','Conrado','Aragón','Jordá','M','0412-45259177','Morán','PNF en Entrenamiento Deportivo',1),(51913954,'Cebrián','Balduino','Dueñas','Hoz','F','0412-59624207','Morán','PNF en Contaduría',1),(51975189,'Alejandra','Juan Pablo','Escrivá','Blanca','F','0412-97527793','Jiménez','PNF en Administración',1),(52237515,'Loida','Miriam','Alegria','Abril','F','0412-57287944','Jiménez','PNF en Higiene y Seguridad Laboral',1),(52275935,'Zoraida','Donato','Guillen','Calvo','F','0412-98826970','Morán','PNF en Agroalimentación',1),(52433425,'Yésica','Sancho','Morán','Piñol','F','0412-68054801','Jiménez','PNF en Entrenamiento Deportivo',1),(52594988,'Ángeles','Joel','Carreras','Malo','F','0412-13418088','Morán','PNF en Ciencias de la Información',1),(52675184,'Dolores','Abilio','Requena','Pascual','M','0412-29454334','Jiménez','PNF en Agroalimentación',1),(52678986,'María','Emperatriz','Mayoral','Rosa','M','0412-65159581','Urdaneta','PNF en Contaduría',1),(52709362,'Leyre','Cornelio','Echeverría','Ureña','F','0412-7695968','Jiménez','PNF en Turismo',1),(52832605,'Roberta','Carmina','Sáenz','Rius','F','0412-51053950','Jiménez','PNF en Contaduría',1),(53088624,'Régulo','Roberto','Leiva','Gibert','M','0412-41156024','Urdaneta','PNF en Informática',1),(53213755,'Noelia','Mónica','Alonso','Guillén','M','0412-851448','Jiménez','PNF en Ciencias de la Información',1),(53219002,'Pepito','Juliana','Acedo','Anglada','M','0412-91471614','Jiménez','PNF en Higiene y Seguridad Laboral',1),(53228845,'Ángeles','Vito','Seco','Castell','M','0412-22248335','Jiménez','PNF en Higiene y Seguridad Laboral',1),(53243790,'Valero','Juliana','Zapata','Talavera','F','0412-87942862','Jiménez','PNF en Agroalimentación',1),(53738073,'Olimpia','Gregorio','Rosa','Roman','F','0412-95840872','Jiménez','Distribución y Logística',1),(53999064,'Aitana','Leocadia','Amorós','Barroso','M','0412-34108019','Morán','PNF en Higiene y Seguridad Laboral',1),(54086365,'Lilia','Álvaro','Ramis','Guardia','M','0412-49290345','Morán','Distribución y Logística',1),(54213985,'Aroa','Fabio','Ariño','Vilalta','M','0412-2949421','Urdaneta','Distribución y Logística',1),(54411078,'Adelardo','Maribel','Paniagua','Lasa','M','0412-39135013','Morán','PNF en Turismo',1),(54461356,'Silvio','Juan Pablo','Domínguez','Roldan','F','0412-15277292','Jiménez','PNF en Ciencias de la Información',1),(54530619,'Apolonia','Héctor','Belmonte','Sosa','M','0412-99837099','Morán','PNF en Turismo',1),(54554696,'Martina','Flor','Carrión','Rico','F','0412-86916539','Jiménez','PNF en Agroalimentación',1),(54564557,'Fernando','Hernando','Baeza','Puga','F','0412-14887377','Morán','PNF en Informática',1),(54578394,'Narcisa','Miguela','Barranco','Aller','M','0412-60231121','Jiménez','PNF en Turismo',1),(54777045,'Nieves','Juana','Vera','Carpio','F','0412-76711300','Morán','PNF en Administración',1),(54792654,'Domitila','Rosa María','Losa','Maza','M','0412-66757112','Jiménez','PNF en Informática',1),(54831295,'Cornelio','Gerardo','Casanovas','Rubio','F','0412-68632644','Morán','Distribución y Logística',1),(54920260,'Virginia','Armando','Armengol','Ramón','M','0412-75078205','Jiménez','PNF en Agroalimentación',1),(54977977,'Francisco','Luis','Fuster','Ballesteros','M','0412-30989099','Jiménez','PNF en Administración',1),(55219334,'Roberta','Valentín','Mariscal','Cárdenas','F','0412-58446356','Morán','PNF en Agroalimentación',1),(55245659,'Violeta','Rosendo','Garrido','Ledesma','M','0412-75084071','Morán','PNF en Informática',1),(55252690,'Roberto','Renata','Espejo','Montaña','M','0412-6281226','Jiménez','PNF en Agroalimentación',1),(55356078,'Teo','Felipe','Nevado','Angulo','F','0412-28597041','Urdaneta','PNF en Turismo',1),(55407821,'Candelas','Morena','Santos','Delgado','M','0412-66138677','Jiménez','PNF en Turismo',1),(55489651,'Loreto','Pía','Guzman','Morales','F','0412-67916695','Jiménez','PNF en Administración',1),(55588239,'Jose Francisco','Albert','Valbuena','Torrecilla','M','0412-24102249','Morán','PNF en Agroalimentación',1),(55623885,'Ariadna','Xavier','Francisco','Baró','F','0412-83968222','Urdaneta','PNF en Agroalimentación',1),(55779179,'Sebastián','Javier','Quintanilla','Tudela','M','0412-8842735','Urdaneta','PNF en Higiene y Seguridad Laboral',1),(55827045,'Galo','Primitiva','Vega','Corbacho','M','0412-58446838','Jiménez','PNF en Ciencias de la Información',1),(55864393,'Jordana','Herminia','Pineda','Oller','F','0412-45247957','Morán','PNF en Turismo',1),(55886322,'María Carmen','Araceli','Francisco','Conde','M','0412-3413146','Jiménez','PNF en Informática',1),(55951140,'Xavier','Adelaida','Redondo','Aznar','F','0412-82090341','Morán','PNF en Ciencias de la Información',1),(55985757,'Baudelio','Nicanor','Rincón','Pont','M','0412-28271685','Morán','PNF en Agroalimentación',1),(56017214,'Eugenia','Violeta','Belmonte','Aznar','M','0412-91334226','Urdaneta','PNF en Contaduría',1),(56143714,'Santiago','Cayetana','Morales','Bauzà','M','0412-77030458','Urdaneta','PNF en Turismo',1),(56233187,'Oriana','María Teresa','Lucena','Velasco','F','0412-16263799','Urdaneta','PNF en Administración',1),(56241072,'Custodio','Anastasio','Espada','Villaverde','F','0412-17627042','Urdaneta','PNF en Higiene y Seguridad Laboral',1),(56278053,'Joel','Joel','Dueñas','Atienza','M','0412-73511741','Jiménez','PNF en Agroalimentación',1),(56340310,'Lucía','Calista','Roig','Nevado','F','0412-39717101','Urdaneta','PNF en Agroalimentación',1),(56344124,'María Jesús','Araceli','Araujo','Malo','F','0412-62985459','Urdaneta','Distribución y Logística',1),(56401929,'Manuela','Julio César','Melero','Madrid','F','0412-14228308','Urdaneta','PNF en Entrenamiento Deportivo',1),(56406780,'Maximiano','Samanta','Nogués','Clemente','M','0412-72082155','Morán','PNF en Agroalimentación',1),(56432639,'Nacho','Eusebio','Bayo','Aguilar','F','0412-901299','Urdaneta','Distribución y Logística',1),(56720257,'Aureliano','Gil','Abella','Garay','F','0412-11679826','Urdaneta','PNF en Administración',1),(56771297,'Clemente','María Cristina','Vélez','Ribes','F','0412-79166577','Urdaneta','PNF en Agroalimentación',1),(56947640,'Fanny','Natalia','Villalba','Bonilla','M','0412-49533474','Morán','PNF en Higiene y Seguridad Laboral',1),(56969971,'Josué','Clarisa','Leon','Reyes','F','0412-60155993','Morán','PNF en Administración',1),(57065343,'Ana Belén','Adrián','Cid','Ordóñez','F','0412-8443792','Morán','PNF en Contaduría',1),(57098456,'María José','Aníbal','Pozuelo','Uribe','F','0412-7392679','Urdaneta','Distribución y Logística',1),(57130589,'Vasco','Martín','Toledo','Peña','M','0412-85036631','Jiménez','PNF en Ciencias de la Información',1),(57159947,'Olga','Benito','Tolosa','Alcaraz','F','0412-41749761','Urdaneta','Distribución y Logística',1),(57168765,'Máxima','Carina','Llabrés','Lumbreras','F','0412-83524263','Urdaneta','PNF en Ciencias de la Información',1),(57234432,'Delfina','Pepita','Anguita','Ripoll','M','0412-79072729','Morán','PNF en Ciencias de la Información',1),(57291407,'Bruno','Plinio','Seguí','Roda','M','0412-86368936','Morán','PNF en Contaduría',1),(57332605,'Ricarda','Lupe','Torrijos','Poza','M','0412-79637717','Urdaneta','PNF en Entrenamiento Deportivo',1),(57409573,'Sebastián','Leire','Villalba','Manrique','F','0412-56299359','Jiménez','PNF en Contaduría',1),(57450933,'Chita','Cornelio','Oliveras','Sevilla','M','0412-8664343','Urdaneta','PNF en Higiene y Seguridad Laboral',1),(57572318,'Dora','Rosaura','Novoa','Clavero','M','0412-53706314','Jiménez','PNF en Entrenamiento Deportivo',1),(57788097,'Estrella','Fátima','Grau','Toro','F','0412-44013143','Jiménez','PNF en Administración',1),(57795043,'Juanita','Patricia','Valencia','Cordero','F','0412-67317958','Morán','PNF en Agroalimentación',1),(58005074,'Marcela','Seve','Prat','Manrique','M','0412-14361554','Urdaneta','PNF en Turismo',1),(58029267,'Georgina','Teófila','Dueñas','Oliver','F','0412-34416766','Jiménez','PNF en Higiene y Seguridad Laboral',1),(58253084,'María Del Carmen','Cristian','Esteban','Mulet','M','0412-30950371','Urdaneta','PNF en Entrenamiento Deportivo',1),(58255727,'Lucas','Néstor','Mármol','Poza','M','0412-29837869','Morán','PNF en Contaduría',1),(58273485,'Balduino','Ciríaco','Ruiz','Almazán','F','0412-96611810','Urdaneta','PNF en Administración',1),(58329322,'Juan José','Loreto','Trillo','Esteve','F','0412-92444122','Jiménez','PNF en Administración',1),(58332532,'Concepción','Américo','Arrieta','Morell','F','0412-8502161','Jiménez','PNF en Contaduría',1),(58336008,'Ciro','Lucho','Almazán','Díez','F','0412-67832125','Jiménez','PNF en Agroalimentación',1),(58488257,'Catalina','Malena','Cardona','Calatayud','M','0412-8398554','Morán','PNF en Ciencias de la Información',1),(58738153,'Antonia','Apolonia','Amor','Arribas','M','0412-5112502','Morán','PNF en Informática',1),(58798523,'Nazaret','Otilia','Cañellas','Burgos','M','0412-34616402','Urdaneta','PNF en Entrenamiento Deportivo',1),(58903209,'María Jesús','Clímaco','Viana','Prats','M','0412-4334064','Morán','PNF en Ciencias de la Información',1),(58906902,'Victor Manuel','Agustín','Iglesia','Gibert','F','0412-30885283','Jiménez','Distribución y Logística',1),(58915681,'Heriberto','Matías','Infante','Gutiérrez','M','0412-55869758','Urdaneta','PNF en Ciencias de la Información',1),(58922066,'Aránzazu','Plácido','Ropero','Folch','F','0412-15198305','Morán','PNF en Informática',1),(58927902,'Paola','Yolanda','Plana','Vall','F','0412-16231020','Morán','PNF en Higiene y Seguridad Laboral',1),(58974341,'Laura','Ámbar','Barrio','Soria','M','0412-96856520','Morán','PNF en Entrenamiento Deportivo',1),(59002897,'Dalila','Galo','Mateu','Miralles','M','0412-31976332','Urdaneta','PNF en Higiene y Seguridad Laboral',1),(59052132,'Griselda','Roberto','Gibert','Chico','F','0412-69608694','Urdaneta','PNF en Higiene y Seguridad Laboral',1),(59138493,'Alondra','Mariano','Vara','Lumbreras','M','0412-75144023','Jiménez','PNF en Entrenamiento Deportivo',1),(59313835,'Susana','Gabriela','Espinosa','Belmonte','F','0412-21819833','Urdaneta','PNF en Ciencias de la Información',1),(59369624,'Guiomar','Flora','Garzón','Fortuny','M','0412-60587312','Urdaneta','PNF en Administración',1),(59374877,'Trinidad','Paulino','Vaquero','Robledo','F','0412-31410817','Morán','PNF en Higiene y Seguridad Laboral',1),(59404787,'Elodia','Odalys','Silva','Ibarra','M','0412-73271755','Morán','PNF en Agroalimentación',1),(59452344,'Ana','Adalberto','Elorza','Bejarano','F','0412-31495093','Morán','PNF en Administración',1),(59467681,'Montserrat','Jose Carlos','Nuñez','Bonet','F','0412-65326293','Morán','PNF en Higiene y Seguridad Laboral',1),(59515872,'Nereida','Luis Miguel','Barón','Blanca','F','0412-1870836','Morán','PNF en Entrenamiento Deportivo',1),(59519700,'Marina','Itziar','Cuadrado','Morales','F','0412-77270963','Urdaneta','PNF en Higiene y Seguridad Laboral',1),(59568711,'Julie','África','Frutos','Salmerón','M','0412-24650898','Morán','PNF en Turismo',1),(59692707,'Samuel','María Manuela','Solís','Varela','F','0412-73579606','Jiménez','PNF en Administración',1),(59704830,'Marisol','Encarnación','Jaume','Niño','M','0412-40341734','Jiménez','PNF en Agroalimentación',1),(59707839,'Esther','Clemente','Escobar','Millán','F','0412-64915292','Morán','PNF en Administración',1),(59770370,'Iris','Ramiro','Sosa','Barros','M','0412-60661509','Morán','PNF en Ciencias de la Información',1),(59873203,'Juanita','Brunilda','Pérez','Granados','M','0412-79759579','Morán','PNF en Ciencias de la Información',1),(59906623,'Concepción','Baltasar','Lucena','Teruel','F','0412-33531','Morán','PNF en Agroalimentación',1),(59951328,'Lara','Patricio','Leon','Codina','F','0412-50960494','Urdaneta','PNF en Agroalimentación',1),(60187174,'Leyre','Julio César','Belda','Puga','F','0412-84692277','Jiménez','PNF en Contaduría',1),(60194397,'Manuela','Manu','López','Puente','F','0412-59452659','Jiménez','PNF en Administración',1),(60218537,'Loreto','Isaura','Calderon','Bertrán','M','0412-1717946','Morán','Distribución y Logística',1),(60244952,'Nilo','Paola','Barbero','Alegre','F','0412-54695404','Morán','PNF en Higiene y Seguridad Laboral',1),(60261309,'Ceferino','Santiago','Cárdenas','Alemany','M','0412-70353853','Urdaneta','PNF en Informática',1),(60286031,'Celia','Teodora','Azorin','Carretero','M','0412-73242309','Morán','PNF en Higiene y Seguridad Laboral',1),(60364576,'Pascual','Pilar','Pinedo','Ramírez','F','0412-21415168','Jiménez','PNF en Contaduría',1),(60384284,'Silvio','Agustín','Leon','Terrón','M','0412-71903688','Morán','PNF en Turismo',1),(60622164,'Aitana','Ainara','Manrique','Llabrés','M','0412-31230988','Morán','PNF en Entrenamiento Deportivo',1),(60662910,'Dimas','Adelina','Bellido','Torrents','F','0412-62438099','Morán','PNF en Administración',1),(60696506,'Reinaldo','Miguel Ángel','Tejedor','Sanabria','F','0412-42996728','Jiménez','PNF en Informática',1),(60700071,'Saturnina','Lourdes','Llopis','Aguilar','M','0412-97517268','Jiménez','Distribución y Logística',1),(60703153,'Ignacio','Eusebia','Tello','Angulo','F','0412-98551043','Jiménez','Distribución y Logística',1),(60720104,'Mercedes','Irene','Dueñas','Larrea','M','0412-69423296','Jiménez','PNF en Higiene y Seguridad Laboral',1),(60729838,'Rico','Sancho','Calleja','Manrique','M','0412-40296721','Urdaneta','PNF en Administración',1),(60756441,'Águeda','Clímaco','Ferreras','Iglesia','M','0412-4012429','Morán','PNF en Entrenamiento Deportivo',1),(60770697,'Tristán','Clara','Bayo','Tur','F','0412-51471762','Urdaneta','PNF en Informática',1),(60787800,'Máxima','Berto','Torrecilla','Puerta','F','0412-72500445','Morán','PNF en Contaduría',1),(60982145,'Evaristo','Heraclio','Río','Esteban','M','0412-16093002','Morán','PNF en Entrenamiento Deportivo',1),(61155168,'Andrea','María Cristina','Tejedor','Ortuño','F','0412-78831891','Morán','PNF en Turismo',1),(61199791,'Brígida','Reyes','Busquets','Pellicer','M','0412-590762','Jiménez','PNF en Contaduría',1),(61249711,'Herminia','José Luis','Verdejo','Gilabert','F','0412-44250938','Morán','PNF en Entrenamiento Deportivo',1),(61301010,'Marta','Jaime','Pérez','Ribes','F','0412-97900418','Morán','PNF en Turismo',1),(61339353,'Martin','Georgina','Carreño','Asenjo','M','0412-84931966','Urdaneta','PNF en Ciencias de la Información',1),(61340161,'Adriana','Trini','Jordán','Almagro','M','0412-9495628','Urdaneta','PNF en Ciencias de la Información',1),(61409230,'Leandro','Amancio','Peñas','Baró','M','0412-3270568','Urdaneta','Distribución y Logística',1),(61481027,'Natanael','Perlita','Barba','Rebollo','M','0412-14388867','Jiménez','PNF en Agroalimentación',1),(61673721,'Nerea','Roberta','Guitart','Tovar','F','0412-93587572','Urdaneta','PNF en Administración',1),(61707410,'Sofía','Cristian','Vazquez','Zorrilla','M','0412-50556339','Morán','PNF en Entrenamiento Deportivo',1),(61715229,'Cintia','Pablo','Campoy','Giralt','F','0412-15539844','Morán','PNF en Ciencias de la Información',1),(61811847,'Ainara','Ariel','Ugarte','Busquets','F','0412-99941638','Morán','PNF en Agroalimentación',1),(61886504,'Luis Ángel','Brunilda','Hernández','Duarte','F','0412-86372283','Jiménez','Distribución y Logística',1),(61887878,'Cirino','Gabino','Borrás','Cano','M','0412-50424494','Jiménez','PNF en Higiene y Seguridad Laboral',1),(61895634,'Omar','Rufina','Blázquez','Exposito','F','0412-13932870','Jiménez','PNF en Contaduría',1),(61932000,'Dionisio','Aristides','Amigó','Collado','F','0412-38984813','Urdaneta','PNF en Contaduría',1),(62189413,'Mariano','Patricia','Cabello','Carlos','F','0412-17053398','Morán','PNF en Contaduría',1),(62267076,'Lalo','Amador','Torrens','Baquero','M','0412-28318685','Jiménez','PNF en Turismo',1),(62305420,'Joel','Berta','Lopez','Esteban','F','0412-13875908','Morán','PNF en Turismo',1),(62317774,'Débora','Teófila','Abril','Herrera','M','0412-797197','Morán','PNF en Agroalimentación',1),(62347650,'Iris','Clarisa','Manrique','Gallart','F','0412-55823092','Jiménez','PNF en Contaduría',1),(62469986,'Lourdes','Chus','Villena','Carrillo','M','0412-62752613','Morán','PNF en Turismo',1),(62540135,'Ámbar','Nicolasa','Figueras','Camino','M','0412-54045286','Urdaneta','PNF en Entrenamiento Deportivo',1),(62584270,'Mirta','Nuria','Lasa','Villar','F','0412-88124308','Urdaneta','PNF en Agroalimentación',1),(62615550,'Sol','Adalberto','Izquierdo','Amores','M','0412-40301969','Morán','PNF en Administración',1),(62621915,'Javi','Adriana','Calvo','Amo','F','0412-71712596','Jiménez','PNF en Administración',1),(62690894,'Luis Ángel','Leocadio','Somoza','Gomis','F','0412-29734499','Morán','PNF en Administración',1),(62912120,'Noemí','Mariana','Vallés','Cuenca','M','0412-82866937','Urdaneta','PNF en Turismo',1),(62943157,'Bernardita','Antonia','Solsona','Blanes','F','0412-95301380','Urdaneta','PNF en Ciencias de la Información',1),(62988975,'Urbano','Concha','Portillo','Ayllón','M','0412-7737264','Urdaneta','Distribución y Logística',1),(62995235,'Noemí','Rosalina','Crespo','Mercader','M','0412-87547981','Jiménez','PNF en Administración',1),(63171412,'Manuelita','Gregorio','Aznar','Castejón','F','0412-96245516','Morán','PNF en Ciencias de la Información',1),(63205221,'Lalo','Apolinar','Silva','Artigas','F','0412-60318951','Urdaneta','PNF en Higiene y Seguridad Laboral',1),(63236771,'Loida','Humberto','Ripoll','Múñiz','F','0412-60024883','Urdaneta','PNF en Contaduría',1),(63371057,'Ascensión','Azucena','Ojeda','Becerra','F','0412-27264653','Urdaneta','PNF en Contaduría',1),(63435313,'Ágata','Nazaret','Ramírez','Hervás','M','0412-10297137','Urdaneta','PNF en Agroalimentación',1),(63480325,'Remigio','Angelita','Arévalo','Almeida','F','0412-56710529','Jiménez','PNF en Turismo',1),(63528315,'Piedad','Ale','Tirado','Vendrell','F','0412-37893934','Jiménez','PNF en Entrenamiento Deportivo',1),(63816891,'Jacobo','Amaya','Aller','Gargallo','F','0412-97608529','Jiménez','PNF en Administración',1),(63833215,'Adelia','Mireia','Infante','Zamorano','F','0412-76430454','Jiménez','PNF en Turismo',1),(63969574,'Salud','José','Ramirez','Cáceres','M','0412-41324347','Jiménez','PNF en Informática',1),(63990509,'Marc','Clarisa','Acero','Casas','M','0412-80061962','Urdaneta','PNF en Agroalimentación',1),(64011890,'Aníbal','Zacarías','Guzmán','Río','M','0412-87234014','Jiménez','PNF en Entrenamiento Deportivo',1),(64015483,'Clara','Vasco','Perera','Pascual','M','0412-5360970','Jiménez','PNF en Agroalimentación',1),(64106311,'Ruperto','Luis Ángel','Mínguez','Aparicio','M','0412-7778651','Jiménez','PNF en Higiene y Seguridad Laboral',1),(64159005,'Celso','Rosa María','Llorente','Pavón','F','0412-76113657','Jiménez','PNF en Entrenamiento Deportivo',1),(64171269,'Anastasio','Clímaco','Mayoral','Castilla','F','0412-3517263','Urdaneta','PNF en Agroalimentación',1),(64254591,'Inmaculada','Esperanza','Alcántara','Murcia','M','0412-28417423','Urdaneta','Distribución y Logística',1),(64343773,'Ignacio','Palmira','Cortina','Miranda','F','0412-28493286','Morán','PNF en Administración',1),(64588836,'Sancho','Guiomar','Pérez','Moll','F','0412-53169614','Urdaneta','PNF en Entrenamiento Deportivo',1),(64594017,'Mohamed','Chuy','Rodrigo','Duran','M','0412-67424342','Jiménez','PNF en Agroalimentación',1),(64678325,'Lucía','José Luis','Coloma','Catalá','F','0412-34112163','Morán','PNF en Ciencias de la Información',1),(64779782,'Victor','Bautista','Vives','Alemán','M','0412-1929546','Urdaneta','PNF en Turismo',1),(64985844,'Visitación','Dionisio','Niño','Costa','F','0412-7800414','Morán','PNF en Ciencias de la Información',1),(65047676,'Nayara','Soraya','Catalá','Saez','M','0412-29074675','Morán','Distribución y Logística',1),(65177863,'Violeta','Adoración','Fuente','Calderon','F','0412-6010642','Urdaneta','PNF en Higiene y Seguridad Laboral',1),(65194897,'Amor','Emilio','Duran','Diez','M','0412-957477','Urdaneta','PNF en Higiene y Seguridad Laboral',1),(65350887,'Herminio','Julie','Lerma','Correa','M','0412-68394083','Urdaneta','PNF en Turismo',1),(65433758,'Itziar','Gonzalo','Gallart','Lozano','M','0412-60473576','Urdaneta','PNF en Higiene y Seguridad Laboral',1),(65522108,'Román','Martín','Ordóñez','Sáenz','F','0412-91176023','Urdaneta','PNF en Agroalimentación',1),(65638587,'Reyna','José Mari','Méndez','Arteaga','M','0412-68813823','Morán','PNF en Ciencias de la Información',1),(65904157,'Remigio','Juan Bautista','Rodríguez','Bou','M','0412-38850527','Morán','Distribución y Logística',1),(65965719,'Natalio','Carlos','Velázquez','Carlos','F','0412-44501459','Morán','PNF en Informática',1),(65973738,'Agapito','Severiano','Terrón','Perelló','F','0412-11365720','Jiménez','PNF en Administración',1),(66036745,'Virgilio','Pastora','Terrón','Gallart','M','0412-92596734','Jiménez','PNF en Higiene y Seguridad Laboral',1),(66072401,'Maxi','Eutropio','Company','Alvarez','M','0412-22347394','Jiménez','PNF en Informática',1),(66102500,'Jovita','Silvestre','Pavón','Villena','F','0412-87910001','Jiménez','PNF en Higiene y Seguridad Laboral',1),(66188151,'Georgina','Juanita','Bejarano','Alcalá','M','0412-59957121','Urdaneta','Distribución y Logística',1),(66369795,'Fortunata','Natividad','Barrio','Navarro','M','0412-11618792','Urdaneta','PNF en Contaduría',1),(66457465,'Paco','Rómulo','Caballero','Verdú','F','0412-97133095','Jiménez','Distribución y Logística',1),(66510963,'Macaria','Lucio','Guijarro','Asensio','M','0412-33272920','Jiménez','PNF en Agroalimentación',1),(66553307,'Casandra','Anacleto','Gelabert','Barrera','F','0412-68881580','Jiménez','PNF en Administración',1),(66665348,'Nacho','Jacobo','Salamanca','Reina','M','0412-88119233','Urdaneta','PNF en Contaduría',1),(66745198,'Diego','Nerea','Leiva','Pedrosa','F','0412-33632734','Urdaneta','PNF en Entrenamiento Deportivo',1),(66780580,'Eloy','Zacarías','Tena','Balaguer','F','0412-54512046','Urdaneta','PNF en Contaduría',1),(66912384,'Noé','Eliana','Baró','Pereira','M','0412-30804349','Urdaneta','PNF en Entrenamiento Deportivo',1),(67088297,'Severo','Paola','Morell','Lerma','F','0412-96518546','Urdaneta','PNF en Entrenamiento Deportivo',1),(67273596,'Jose Ignacio','Danilo','Falcón','Sanz','F','0412-49929157','Urdaneta','PNF en Contaduría',1),(67282883,'Mohamed','Juliana','Alemán','Tapia','M','0412-44883537','Morán','PNF en Ciencias de la Información',1),(67290126,'Irene','Eliseo','Huerta','Villalba','F','0412-4879944','Jiménez','PNF en Entrenamiento Deportivo',1),(67317607,'Julio César','Delfina','Rios','Sobrino','F','0412-88414945','Urdaneta','PNF en Ciencias de la Información',1),(67326863,'Cayetano','Rosenda','Pizarro','Moll','M','0412-83129732','Urdaneta','PNF en Turismo',1),(67403631,'Jenny','Claudia','Jove','Casanova','M','0412-68887939','Morán','PNF en Agroalimentación',1),(67537727,'Bernardino','Fito','Redondo','Carbajo','F','0412-44672272','Jiménez','PNF en Contaduría',1),(67562453,'Juana','Victoria','Sans','Chaparro','F','0412-48644275','Morán','PNF en Turismo',1),(67602643,'Carla','Edelmiro','Aragonés','Carreño','M','0412-80828082','Morán','PNF en Entrenamiento Deportivo',1),(67604161,'Tania','Baudelio','Plaza','Gallardo','F','0412-91105834','Morán','PNF en Administración',1),(67690981,'Maxi','Manolo','Batalla','Aguiló','M','0412-65220385','Urdaneta','PNF en Entrenamiento Deportivo',1),(67821069,'Norberto','Aureliano','Cañellas','Orozco','M','0412-67124690','Urdaneta','PNF en Agroalimentación',1),(67986593,'Geraldo','Santos','Iñiguez','Cuevas','M','0412-14718899','Jiménez','PNF en Higiene y Seguridad Laboral',1),(68065781,'Marianela','Manu','Solera','Balaguer','F','0412-84581080','Morán','PNF en Ciencias de la Información',1),(68071301,'Teodosio','Tere','Miranda','Redondo','M','0412-88139044','Morán','PNF en Turismo',1),(68099596,'Ruth','Juan José','Mendizábal','Alberola','F','0412-16604248','Morán','PNF en Contaduría',1),(68232357,'Sigfrido','Catalina','Olivares','Fernandez','F','0412-70713616','Jiménez','PNF en Agroalimentación',1),(68333425,'Ruy','Benita','Amaya','Miranda','F','0412-93866849','Urdaneta','PNF en Higiene y Seguridad Laboral',1),(68431780,'Borja','Gerónimo','Carmona','Tena','M','0412-68618756','Jiménez','PNF en Higiene y Seguridad Laboral',1),(68450545,'Lisandro','Alberto','Valle','Saavedra','M','0412-77462724','Jiménez','PNF en Contaduría',1),(68537393,'Miguela','Manuel','Tejedor','Morell','F','0412-27816921','Jiménez','PNF en Informática',1),(68579534,'Noa','Duilio','Tovar','Alba','M','0412-73139416','Morán','PNF en Administración',1),(68636075,'Cristina','Gervasio','Royo','Vicens','M','0412-12760417','Jiménez','PNF en Entrenamiento Deportivo',1),(68646168,'Carmelo','Albina','Pérez','Amigó','F','0412-55628913','Urdaneta','PNF en Ciencias de la Información',1),(68682433,'Pili','Albano','Blázquez','Nicolau','M','0412-64868679','Jiménez','PNF en Informática',1),(68862344,'Plácido','Heraclio','Villanueva','Quesada','M','0412-11897070','Jiménez','Distribución y Logística',1),(68898007,'Jenaro','Moreno','Ferrández','León','M','0412-9922567','Urdaneta','PNF en Agroalimentación',1),(68937587,'Aurelio','Bibiana','Quevedo','Rey','F','0412-58214679','Jiménez','PNF en Informática',1),(69098469,'Esperanza','Modesto','Escamilla','Nevado','M','0412-50144012','Jiménez','PNF en Contaduría',1),(69207511,'Toño','Ciríaco','Olivera','Muro','F','0412-70269144','Jiménez','PNF en Informática',1),(69378110,'Amor','Balduino','Batlle','Castro','F','0412-28754029','Morán','Distribución y Logística',1),(69434597,'Eladio','Iker','Mur','Pino','M','0412-49812808','Morán','PNF en Higiene y Seguridad Laboral',1),(69608975,'Baltasar','José María','Conesa','Carrera','F','0412-725872','Urdaneta','PNF en Turismo',1),(70159962,'Urbano','Maite','Oliva','Querol','F','0412-58195194','Urdaneta','Distribución y Logística',1),(70215965,'Pastor','Marciano','Bas','Lastra','M','0412-74492733','Jiménez','PNF en Administración',1),(70228073,'Bernardino','Paca','Valderrama','Herrero','F','0412-41628838','Urdaneta','Distribución y Logística',1),(70533568,'Pablo','Cándida','Martin','Bas','M','0412-19047797','Jiménez','PNF en Ciencias de la Información',1),(70664128,'Severino','Vidal','Barbero','Ariza','M','0412-19966761','Urdaneta','Distribución y Logística',1),(70680212,'Bartolomé','Pepita','Mateu','Mateos','F','0412-58628738','Urdaneta','PNF en Higiene y Seguridad Laboral',1),(70816213,'León','Calista','Torrens','Gil','M','0412-79664962','Jiménez','PNF en Turismo',1),(71078088,'Cristian','Juan Pablo','Pla','Lloret','M','0412-31653166','Jiménez','PNF en Turismo',1),(71148195,'Cornelio','José Luis','Pedro','Pujadas','M','0412-42811230','Jiménez','PNF en Agroalimentación',1),(71282891,'Cecilio','Amílcar','Rosales','Baquero','F','0412-46301322','Jiménez','PNF en Turismo',1),(71304643,'Iker','Ruben','Mascaró','Vallés','F','0412-38161157','Jiménez','PNF en Entrenamiento Deportivo',1),(71386784,'Ascensión','Chus','Barrena','Salamanca','M','0412-47434190','Jiménez','Distribución y Logística',1),(71480982,'Rosa María','Che','Ballesteros','Roselló','M','0412-14988737','Jiménez','PNF en Administración',1),(71495211,'Juan Luis','Lorenza','Anaya','Puerta','F','0412-126331','Morán','PNF en Contaduría',1),(71609054,'Severiano','Fulgencio','Menendez','Segura','M','0412-83193214','Jiménez','PNF en Agroalimentación',1),(71641497,'Patricio','Azahara','Alvarez','Vilanova','F','0412-40243954','Urdaneta','Distribución y Logística',1),(71684949,'Gerónimo','Poncio','Soler','Frutos','F','0412-352176','Urdaneta','PNF en Ciencias de la Información',1),(71688717,'Gisela','Armando','Villaverde','Castañeda','M','0412-84586394','Jiménez','PNF en Higiene y Seguridad Laboral',1),(71757602,'Carmelo','Daniel','Álvaro','Villaverde','M','0412-42276967','Urdaneta','PNF en Higiene y Seguridad Laboral',1),(71823013,'Urbano','Bernardita','Roma','Llamas','F','0412-8016868','Jiménez','PNF en Turismo',1),(71899335,'Lucas','Alberto','Cabo','Castañeda','M','0412-93270243','Jiménez','PNF en Ciencias de la Información',1),(71914385,'Rufino','Paloma','Galan','Briones','F','0412-79970708','Urdaneta','PNF en Turismo',1),(71934538,'Florinda','Efraín','Ojeda','Torrent','F','0412-29593058','Jiménez','PNF en Ciencias de la Información',1),(71948714,'Iker','Charo','Adán','Valbuena','F','0412-18545413','Jiménez','PNF en Contaduría',1),(71951063,'Ester','Tecla','Bermejo','Bosch','M','0412-74365091','Urdaneta','PNF en Higiene y Seguridad Laboral',1),(72002859,'Cornelio','Eleuterio','Salgado','Córdoba','M','0412-23006949','Morán','PNF en Ciencias de la Información',1),(72204572,'Calixta','Eufemia','Saldaña','Ríos','F','0412-17387927','Urdaneta','PNF en Administración',1),(72370459,'Calisto','Ricardo','Jaén','Saez','F','0412-93609385','Urdaneta','PNF en Higiene y Seguridad Laboral',1),(72454083,'Juan Bautista','Flavia','Jover','Jerez','M','0412-1655185','Morán','PNF en Entrenamiento Deportivo',1),(72571325,'Florinda','Vito','Roca','Peiró','F','0412-18335412','Jiménez','PNF en Entrenamiento Deportivo',1),(72613202,'Marcelo','Valeria','Vicens','Leiva','M','0412-19746185','Morán','PNF en Agroalimentación',1),(72857552,'Telmo','Florencia','Rincón','Zorrilla','M','0412-42684649','Jiménez','PNF en Administración',1),(72921565,'Jose Manuel','Alfonso','Ávila','Mateo','F','0412-75650865','Morán','Distribución y Logística',1),(72943563,'Tecla','Ricarda','Cabrero','Galiano','F','0412-75139445','Urdaneta','Distribución y Logística',1),(72945978,'Marco','Jorge','Pablo','Carpio','M','0412-67589960','Jiménez','PNF en Ciencias de la Información',1),(72966723,'Isaac','Bibiana','Torres','Perea','M','0412-43294186','Morán','PNF en Informática',1),(73055841,'Macario','Aroa','Vilalta','Román','F','0412-60118157','Morán','PNF en Agroalimentación',1),(73110482,'Anastasia','Desiderio','Adán','Martin','F','0412-34813876','Jiménez','PNF en Administración',1),(73465678,'Juliana','Abel','Pera','Feijoo','F','0412-65159660','Morán','PNF en Agroalimentación',1),(73578332,'Juan Bautista','Evangelina','Narváez','Navarrete','M','0412-72314758','Urdaneta','PNF en Informática',1),(73664624,'Gertrudis','Aníbal','Olmo','Roman','F','0412-85257918','Morán','PNF en Agroalimentación',1),(73834528,'Florencia','José María','Acosta','Barragán','M','0412-50800287','Morán','PNF en Informática',1),(74111448,'Adelardo','Margarita','Pablo','Arroyo','M','0412-71887924','Morán','PNF en Ciencias de la Información',1),(74116802,'Maura','Federico','Amor','Vives','F','0412-29165374','Urdaneta','PNF en Informática',1),(74153464,'Viviana','Édgar','Franco','Uría','M','0412-30117867','Morán','PNF en Entrenamiento Deportivo',1),(74194510,'Juanito','Cecilio','Mateo','Aparicio','F','0412-17188309','Jiménez','PNF en Administración',1),(74288522,'Edelmiro','Amado','Aramburu','Colom','F','0412-3748174','Morán','Distribución y Logística',1),(74322367,'Marcia','Severiano','Alfaro','Infante','F','0412-79237868','Urdaneta','PNF en Administración',1),(74356713,'Mirta','Leandro','Bonilla','Ribera','M','0412-55088117','Urdaneta','PNF en Contaduría',1),(74379415,'Atilio','Hernán','Cerdá','Calatayud','M','0412-66054320','Morán','PNF en Entrenamiento Deportivo',1),(74466627,'Anunciación','Camila','Ayllón','Berenguer','F','0412-81972699','Jiménez','PNF en Ciencias de la Información',1),(74610934,'Mariano','Maristela','Barragán','Artigas','M','0412-75538248','Morán','PNF en Higiene y Seguridad Laboral',1),(74895012,'Ainoa','Lourdes','Bermudez','Ibañez','F','0412-71752533','Urdaneta','PNF en Higiene y Seguridad Laboral',1),(75064049,'Reyna','Buenaventura','Maldonado','Cervantes','F','0412-85551001','Jiménez','PNF en Ciencias de la Información',1),(75078983,'Belen','Belén','Molins','Oliveras','M','0412-9867743','Jiménez','Distribución y Logística',1),(75223359,'Damián','Nazario','Romero','Blanca','F','0412-63131328','Jiménez','PNF en Higiene y Seguridad Laboral',1),(75271931,'Arcelia','Balduino','Téllez','Valverde','M','0412-41938961','Jiménez','PNF en Turismo',1),(75296579,'Basilio','Georgina','Ayllón','Camps','M','0412-21923759','Morán','PNF en Informática',1),(75517025,'Leonardo','Pedro','Vila','Calatayud','M','0412-61932464','Jiménez','PNF en Agroalimentación',1),(75563546,'Beatriz','Lino','Soto','Calzada','M','0412-95897316','Morán','PNF en Informática',1),(75634425,'Carmelita','Fortunato','Calderon','Tur','F','0412-8978782','Urdaneta','Distribución y Logística',1),(75634521,'Jose Miguel','Miriam','Gárate','Ruano','M','0412-42919053','Urdaneta','PNF en Administración',1),(75746273,'Rosaura','Jaime','Contreras','Roselló','F','0412-30941698','Morán','PNF en Higiene y Seguridad Laboral',1),(75942990,'Elba','Teodoro','Sabater','Serna','M','0412-55568710','Morán','PNF en Turismo',1),(75980017,'Antonio','José Ángel','Carrillo','Simó','M','0412-39165383','Urdaneta','Distribución y Logística',1),(75990065,'Valentina','Tecla','Corbacho','Guzman','F','0412-88071309','Jiménez','PNF en Ciencias de la Información',1),(76120396,'Manu','Clemente','Aliaga','Cordero','F','0412-97850344','Morán','PNF en Ciencias de la Información',1),(76182845,'Raimundo','Armando','Abellán','Cabello','M','0412-20841179','Jiménez','Distribución y Logística',1),(76256116,'Edu','Elvira','Abad','Bermúdez','M','0412-31645896','Morán','Distribución y Logística',1),(76403911,'Jimena','Blas','Ballester','Menendez','F','0412-85500087','Urdaneta','PNF en Ciencias de la Información',1),(76413161,'Isabela','Anacleto','Santamaria','Sáenz','M','0412-34617340','Urdaneta','PNF en Higiene y Seguridad Laboral',1),(76549488,'Esperanza','Custodio','Talavera','Mínguez','M','0412-12382460','Jiménez','PNF en Turismo',1),(76628086,'Carmen','Ángel','Donaire','Alba','M','0412-20767716','Morán','PNF en Administración',1),(76727651,'Cándida','Ainoa','Oliva','Zabala','F','0412-2896782','Morán','PNF en Contaduría',1),(76807017,'Débora','Adelina','Royo','Barrio','M','0412-54366127','Morán','PNF en Higiene y Seguridad Laboral',1),(76895965,'Raimundo','Nando','Pla','Blazquez','M','0412-33953751','Jiménez','PNF en Informática',1),(77162685,'Adolfo','Caridad','López','Quevedo','F','0412-85009761','Urdaneta','Distribución y Logística',1),(77236151,'Priscila','Danilo','Carbajo','Salazar','M','0412-26146292','Morán','PNF en Turismo',1),(77244776,'Noé','Fausto','Bermejo','Salcedo','M','0412-83669310','Urdaneta','PNF en Turismo',1),(77283128,'Pepita','Eliseo','Clavero','Casals','M','0412-39620932','Urdaneta','PNF en Entrenamiento Deportivo',1),(77322840,'Rico','Vinicio','Ferrández','Olivé','F','0412-95537249','Jiménez','PNF en Turismo',1),(77428421,'Angelino','Diana','Porras','Carbonell','F','0412-44848209','Jiménez','PNF en Agroalimentación',1),(77494721,'Adelardo','Ruben','Cortina','Escobar','M','0412-42580554','Morán','PNF en Turismo',1),(77532150,'Matías','Edelmira','Garriga','Dávila','F','0412-3139102','Morán','PNF en Informática',1),(77572947,'Porfirio','Jose','Elorza','Sanabria','F','0412-41763926','Urdaneta','PNF en Entrenamiento Deportivo',1),(77730146,'Eleuterio','Alfredo','Lerma','Sanabria','M','0412-97925864','Morán','PNF en Ciencias de la Información',1),(77765763,'Patricia','Hermenegildo','Pi','Flor','F','0412-56945404','Jiménez','PNF en Informática',1),(77778447,'Nazaret','Javi','Roig','Urrutia','M','0412-40360435','Urdaneta','PNF en Contaduría',1),(77899313,'Trinidad','Fernando','Talavera','Boix','M','0412-94766730','Jiménez','PNF en Informática',1),(77950846,'Oriana','Mohamed','Cepeda','Diez','M','0412-45861191','Jiménez','PNF en Higiene y Seguridad Laboral',1),(78080056,'Danilo','Guadalupe','Alcaraz','Jimenez','F','0412-13694005','Jiménez','PNF en Contaduría',1),(78118066,'Gustavo','Herminio','Vilaplana','Iriarte','M','0412-64359852','Urdaneta','PNF en Contaduría',1),(78356345,'Fabián','Aurora','Bravo','Milla','F','0412-3729854','Urdaneta','PNF en Higiene y Seguridad Laboral',1),(78629509,'Ana Sofía','Adriana','Beltran','Pou','F','0412-32849841','Morán','Distribución y Logística',1),(78637583,'Paula','Consuela','Casanovas','Calzada','F','0412-54333685','Urdaneta','PNF en Informática',1),(78667524,'Raquel','Aurora','Porras','Valderrama','F','0412-61655210','Urdaneta','PNF en Higiene y Seguridad Laboral',1),(78800500,'Bernardo','Anna','Azorin','Huerta','F','0412-14150881','Urdaneta','PNF en Turismo',1),(78899506,'Demetrio','Silvestre','Goicoechea','Vendrell','M','0412-74636174','Jiménez','PNF en Administración',1),(79012197,'Marcia','Baudelio','Escudero','Ángel','F','0412-7070149','Urdaneta','PNF en Turismo',1),(79223346,'África','Victorino','Trujillo','Vall','F','0412-64462773','Urdaneta','PNF en Higiene y Seguridad Laboral',1),(79267146,'Julio César','Elvira','Molins','Benavent','F','0412-56391547','Morán','PNF en Agroalimentación',1),(79385982,'María Cristina','Clímaco','Boada','Riera','M','0412-4094047','Morán','PNF en Informática',1),(79568014,'Ignacio','Eligia','Cal','Salas','M','0412-82155982','Jiménez','PNF en Higiene y Seguridad Laboral',1),(79663203,'Edelmiro','Máximo','Espejo','Piñeiro','M','0412-66593237','Morán','PNF en Contaduría',1),(79711794,'Miguel Ángel','Ámbar','Quintero','Perelló','F','0412-58778270','Jiménez','PNF en Contaduría',1),(79743250,'Lola','Moisés','Marti','Diéguez','F','0412-68035235','Jiménez','PNF en Turismo',1),(79743670,'Armando','Berto','Valderrama','Meléndez','M','0412-98622966','Jiménez','PNF en Contaduría',1),(79745924,'Petrona','Daniel','Gomis','Bolaños','F','0412-99627696','Morán','PNF en Turismo',1),(79858234,'Horacio','Natalia','Mariño','Fuertes','F','0412-85426432','Morán','PNF en Ciencias de la Información',1),(79884895,'Úrsula','Alex','Tomas','Valencia','F','0412-86512388','Jiménez','PNF en Contaduría',1),(80070799,'Loreto','Leoncio','Villalobos','Rocamora','F','0412-97030908','Morán','PNF en Informática',1),(80094243,'Fabio','Asdrubal','López','Cáceres','M','0412-40144285','Morán','PNF en Contaduría',1),(80189647,'Nereida','Bonifacio','Blazquez','Amores','F','0412-1489399','Morán','PNF en Agroalimentación',1),(80236370,'Cornelio','Dulce','Company','Font','F','0412-21471526','Jiménez','PNF en Ciencias de la Información',1),(80415825,'Lina','Celso','Riba','Adán','F','0412-14549628','Jiménez','PNF en Administración',1),(80494832,'Alonso','Josefina','Castillo','Beltran','F','0412-9189238','Urdaneta','PNF en Higiene y Seguridad Laboral',1),(80540716,'Marina','Etelvina','Toledo','Roura','M','0412-41666579','Jiménez','PNF en Entrenamiento Deportivo',1),(80595058,'María Fernanda','Modesto','Barragán','Román','M','0412-52263823','Urdaneta','PNF en Contaduría',1),(80713582,'Carina','Julieta','Tudela','Bellido','M','0412-99220987','Urdaneta','PNF en Contaduría',1),(80764018,'Julieta','Cesar','Navas','Garcés','F','0412-91198380','Urdaneta','PNF en Contaduría',1),(80924055,'Florentina','Emma','Conesa','Alberdi','M','0412-44326772','Jiménez','PNF en Informática',1),(81002837,'Aroa','Macaria','Cases','Llano','F','0412-86628291','Morán','PNF en Administración',1),(81005206,'Rufina','Florencia','Adán','Peña','M','0412-36231320','Jiménez','PNF en Turismo',1),(81019252,'Pelayo','Paulino','Godoy','Patiño','F','0412-85796770','Urdaneta','PNF en Administración',1),(81101126,'Ignacia','Tomás','Gabaldón','Reyes','M','0412-51972053','Morán','PNF en Administración',1),(81216472,'Rosa María','Reynaldo','Bayón','Torrens','M','0412-38818713','Jiménez','PNF en Ciencias de la Información',1),(81316144,'Roberto','Evaristo','Coloma','Perelló','F','0412-80536188','Urdaneta','PNF en Ciencias de la Información',1),(81333386,'Cruz','Miriam','Linares','Verdugo','M','0412-71240593','Urdaneta','Distribución y Logística',1),(81417221,'Teófilo','Anacleto','Arellano','Amores','M','0412-9455040','Urdaneta','Distribución y Logística',1),(81446011,'Piedad','Felisa','Sainz','Ariza','M','0412-43137139','Urdaneta','Distribución y Logística',1),(81511993,'Ariel','Fausto','Gallardo','Marqués','M','0412-48826050','Urdaneta','Distribución y Logística',1),(81711830,'Alex','Sandalio','Carballo','Corbacho','M','0412-18524225','Urdaneta','PNF en Contaduría',1),(81968004,'Ibán','Abigaíl','Belmonte','Ródenas','F','0412-86602389','Urdaneta','Distribución y Logística',1),(82047409,'Lázaro','Prudencia','Berrocal','Santana','F','0412-16364793','Jiménez','PNF en Turismo',1),(82125678,'Inmaculada','Isa','Llanos','Rosales','F','0412-60825612','Urdaneta','PNF en Informática',1),(82156587,'Noa','Josué','Ariño','Domingo','F','0412-79032183','Morán','PNF en Higiene y Seguridad Laboral',1),(82182589,'Graciana','Heliodoro','Camps','Estevez','M','0412-32703149','Urdaneta','PNF en Entrenamiento Deportivo',1),(82255030,'Loreto','Elisabet','Beltrán','Romero','M','0412-42820223','Morán','PNF en Ciencias de la Información',1),(82290608,'Faustino','Imelda','Pagès','Palacio','M','0412-45460830','Morán','PNF en Administración',1),(82296344,'Susana','Sabas','Canales','Fajardo','M','0412-7362950','Urdaneta','PNF en Higiene y Seguridad Laboral',1),(82325233,'Valentín','Darío','Cantero','Mesa','M','0412-34482812','Jiménez','Distribución y Logística',1),(82373394,'Gervasio','Ester','Juan','Bayona','M','0412-14301971','Jiménez','PNF en Higiene y Seguridad Laboral',1),(82410687,'Benita','Ana Belén','Roman','Diez','M','0412-93089196','Urdaneta','PNF en Contaduría',1),(82415432,'Marcia','Abel','Pol','Tejera','M','0412-66245247','Jiménez','PNF en Higiene y Seguridad Laboral',1),(82479963,'Rubén','Isabela','Quevedo','Noguera','M','0412-61142549','Morán','PNF en Agroalimentación',1),(82507525,'Basilio','Maximiliano','Soriano','Lledó','M','0412-63131484','Morán','PNF en Ciencias de la Información',1),(82655554,'Eli','Gregorio','Berenguer','Roselló','M','0412-49326876','Urdaneta','PNF en Turismo',1),(82747580,'Amada','Bruno','Arjona','Acevedo','F','0412-51295030','Jiménez','PNF en Informática',1),(82872716,'María Teresa','Dominga','Diaz','Mendoza','M','0412-528052','Urdaneta','Distribución y Logística',1),(82975129,'Alondra','Juan Manuel','Mayol','Zabala','F','0412-42500048','Morán','PNF en Agroalimentación',1),(83029851,'Camila','Palmira','Solana','Valcárcel','M','0412-23591124','Jiménez','Distribución y Logística',1),(83215157,'Chus','Marina','Nadal','Falcón','M','0412-46874144','Jiménez','PNF en Informática',1),(83248079,'María Fernanda','Manola','Caro','Teruel','F','0412-83195898','Jiménez','PNF en Ciencias de la Información',1),(83429786,'Francisca','Reyes','Nuñez','Iborra','F','0412-29394300','Jiménez','PNF en Ciencias de la Información',1),(83791692,'Maximiliano','Segismundo','Santamaria','Duque','F','0412-32045181','Jiménez','Distribución y Logística',1),(83889931,'Azahara','Jose Ignacio','Batlle','Iniesta','M','0412-50640693','Urdaneta','PNF en Contaduría',1),(83940700,'Victor','Nicolasa','Perales','Taboada','F','0412-70191440','Morán','PNF en Higiene y Seguridad Laboral',1),(84027484,'Armida','Benigna','Herrera','Vera','F','0412-84862004','Morán','PNF en Turismo',1),(84044238,'Rufino','Teófilo','Cuervo','Salom','F','0412-57245998','Urdaneta','PNF en Informática',1),(84075178,'Isa','Francisco Javier','Bertrán','Alcalá','F','0412-44299073','Morán','PNF en Higiene y Seguridad Laboral',1),(84117656,'Hugo','Edelmira','Álvaro','Lloret','F','0412-60780444','Morán','PNF en Turismo',1),(84347862,'Judith','Reinaldo','Miguel','Alberola','F','0412-54314269','Urdaneta','PNF en Informática',1),(84428709,'Patricio','Moisés','Moreno','Menendez','F','0412-34098241','Jiménez','PNF en Agroalimentación',1),(84503952,'Agustina','Cayetano','Arribas','Cabello','F','0412-57663558','Urdaneta','PNF en Administración',1),(84584436,'Edmundo','Rosendo','Montserrat','Beltran','M','0412-963646','Jiménez','PNF en Informática',1),(84700920,'Aurelia','Nicanor','Zapata','Valera','M','0412-93017627','Jiménez','PNF en Turismo',1),(84796946,'Buenaventura','Juan Luis','Pedraza','Nicolau','F','0412-78264840','Morán','PNF en Ciencias de la Información',1),(84988213,'Federico','Marisol','Águila','Sevillano','M','0412-15678749','Urdaneta','Distribución y Logística',1),(85046474,'Raquel','Danilo','Lorenzo','Valera','F','0412-20546501','Jiménez','PNF en Higiene y Seguridad Laboral',1),(85093264,'Paz','Amador','Badía','Corbacho','M','0412-51032598','Jiménez','PNF en Informática',1),(85093684,'Etelvina','Ainara','Marcos','Mascaró','F','0412-45955476','Morán','PNF en Contaduría',1),(85112763,'Haydée','Javier','Llabrés','Acuña','F','0412-96619694','Jiménez','PNF en Contaduría',1),(85120594,'Danilo','Alberto','Moraleda','Tena','M','0412-77910368','Jiménez','PNF en Turismo',1),(85235571,'Feliciana','Teobaldo','Saldaña','Carmona','M','0412-69843921','Jiménez','PNF en Entrenamiento Deportivo',1),(85417360,'Áurea','Guiomar','Taboada','Domingo','F','0412-75832383','Urdaneta','Distribución y Logística',1),(85630072,'Joel','Isaac','Cabello','Alberto','F','0412-24049387','Urdaneta','PNF en Higiene y Seguridad Laboral',1),(85724344,'David','Timoteo','Ramos','Arnau','F','0412-50459950','Urdaneta','PNF en Ciencias de la Información',1),(85965515,'Albano','Juan José','Téllez','Garzón','F','0412-9114391','Jiménez','Distribución y Logística',1),(85967305,'Victor','Jose Ignacio','Carretero','Piquer','M','0412-75152836','Jiménez','PNF en Higiene y Seguridad Laboral',1),(85967327,'Azahara','Conrado','Pareja','Cerezo','F','0412-73182429','Urdaneta','PNF en Administración',1),(85988467,'Clímaco','Isabela','Guzmán','Tomás','F','0412-91795772','Morán','PNF en Contaduría',1),(86044578,'José Manuel','Emilia','Luz','Rojas','M','0412-39861396','Jiménez','PNF en Turismo',1),(86078773,'Modesta','Mar','Bauzà','Morales','M','0412-824943','Urdaneta','PNF en Administración',1),(86091981,'Amaro','Néstor','Mosquera','Esteve','F','0412-71277226','Jiménez','PNF en Turismo',1),(86099132,'Azeneth','Lupita','Hidalgo','Mariño','M','0412-96100677','Morán','PNF en Higiene y Seguridad Laboral',1),(86244675,'Pía','Chus','Higueras','Valero','F','0412-89623655','Jiménez','PNF en Turismo',1),(86291957,'Manuelita','Cipriano','Gámez','Acero','F','0412-57653779','Urdaneta','PNF en Higiene y Seguridad Laboral',1),(86445075,'Maximiano','Américo','Marquez','León','M','0412-93183442','Jiménez','PNF en Contaduría',1),(86657887,'Delia','Eugenio','Tomas','Jove','F','0412-5629009','Jiménez','PNF en Entrenamiento Deportivo',1),(86676735,'Poncio','Adán','Coello','Navarro','F','0412-52996915','Jiménez','PNF en Entrenamiento Deportivo',1),(86985751,'Lisandro','Isidro','Artigas','Bolaños','F','0412-47188698','Morán','PNF en Administración',1),(87018391,'Desiderio','Seve','Díez','Ayuso','M','0412-52114264','Morán','PNF en Agroalimentación',1),(87114088,'Jerónimo','Jafet','Palacios','Pulido','F','0412-5530903','Jiménez','PNF en Administración',1),(87207140,'Amaya','Yago','Calatayud','Guitart','M','0412-86598733','Jiménez','PNF en Ciencias de la Información',1),(87208055,'Arsenio','Teo','Cañizares','Osuna','M','0412-77245822','Urdaneta','PNF en Ciencias de la Información',1),(87338194,'Ismael','Ulises','Páez','Bernat','F','0412-53383606','Urdaneta','PNF en Agroalimentación',1),(87382111,'Mireia','Calixto','Aparicio','Ribes','F','0412-86647319','Urdaneta','PNF en Informática',1),(87397771,'Domitila','Carlito','Benitez','Aragón','F','0412-8103363','Urdaneta','PNF en Informática',1),(87481453,'Fanny','Angelita','Zurita','Verdugo','F','0412-62309213','Jiménez','PNF en Administración',1),(87488298,'María Belén','Lorenza','Carlos','Beltrán','F','0412-48908263','Jiménez','PNF en Agroalimentación',1),(87662248,'Pili','Gastón','Gual','Hidalgo','F','0412-2056876','Urdaneta','PNF en Informática',1),(87749919,'Ricarda','Amador','Narváez','Marqués','F','0412-77685995','Jiménez','PNF en Administración',1),(87787569,'María Pilar','Manu','Aguirre','Taboada','M','0412-1956781','Jiménez','PNF en Agroalimentación',1),(87921530,'Dionisia','Marciano','Gracia','Becerra','M','0412-87759832','Jiménez','PNF en Turismo',1),(87956181,'Alba','Fortunato','Mir','Manrique','M','0412-88976575','Morán','PNF en Contaduría',1),(88303063,'Osvaldo','Elena','Juárez','Valle','F','0412-13257165','Morán','PNF en Administración',1),(88310730,'Trini','Jordi','Gracia','Miralles','M','0412-42071655','Jiménez','PNF en Contaduría',1),(88606646,'Virgilio','Nilda','Batalla','Iglesias','M','0412-38186483','Urdaneta','PNF en Entrenamiento Deportivo',1),(88621486,'Estela','María Cristina','Prats','Bernal','M','0412-5985504','Urdaneta','PNF en Turismo',1),(88669905,'Lupe','Agustina','Estévez','Cepeda','F','0412-27136292','Morán','PNF en Ciencias de la Información',1),(88777318,'Santiago','Liliana','Castilla','Torre','M','0412-69840384','Morán','PNF en Higiene y Seguridad Laboral',1),(88804495,'Piedad','Emilia','Uriarte','Palacios','M','0412-68964877','Morán','PNF en Entrenamiento Deportivo',1),(88832760,'Dominga','Isabela','Noguera','Elías','F','0412-31261281','Jiménez','PNF en Contaduría',1),(89161451,'Bartolomé','Dionisia','Sanjuan','Barrera','M','0412-3098934','Jiménez','PNF en Administración',1),(89180220,'Nidia','Vicenta','Palacios','Pagès','M','0412-93950739','Urdaneta','PNF en Contaduría',1),(89428251,'Diego','Eliana','Vaquero','Puga','M','0412-22680824','Jiménez','PNF en Ciencias de la Información',1),(89455495,'Claudia','Sebastián','Cordero','Miró','M','0412-74793023','Jiménez','PNF en Entrenamiento Deportivo',1),(89484852,'Macaria','Lucila','Barriga','Serra','F','0412-30016612','Jiménez','PNF en Entrenamiento Deportivo',1),(89490714,'Ale','Belen','Colom','Mendez','M','0412-33290442','Morán','PNF en Turismo',1),(89557979,'Águeda','Trini','Navarrete','Álamo','M','0412-67377966','Urdaneta','PNF en Informática',1),(89607431,'Alejo','Bartolomé','Ramón','Madrid','M','0412-72414683','Jiménez','PNF en Contaduría',1),(89805930,'Aura','Efraín','Taboada','Bas','F','0412-49227624','Jiménez','PNF en Administración',1),(89823308,'Sarita','Inocencio','Orozco','Isern','M','0412-87928096','Jiménez','PNF en Agroalimentación',1),(90178250,'Clarisa','Nilo','Téllez','Menéndez','M','0412-20217703','Morán','PNF en Ciencias de la Información',1),(90231835,'Amarilis','Rico','Araujo','Valenciano','F','0412-44977400','Urdaneta','PNF en Higiene y Seguridad Laboral',1),(90235162,'Anita','Celia','Alcaraz','Bernal','F','0412-58056711','Urdaneta','PNF en Ciencias de la Información',1),(90278355,'Perlita','Arcelia','Izquierdo','Berenguer','F','0412-9114014','Jiménez','PNF en Informática',1),(90291380,'Maximino','Micaela','Carballo','Vidal','M','0412-28687917','Urdaneta','PNF en Higiene y Seguridad Laboral',1),(90297348,'Abel','Gloria','Saez','Giménez','F','0412-76849666','Morán','PNF en Higiene y Seguridad Laboral',1),(90502679,'Pancho','Juan Bautista','Arribas','Cerro','M','0412-73141098','Jiménez','PNF en Agroalimentación',1),(90532509,'Marcia','Alfonso','Benítez','Díez','M','0412-99183391','Morán','PNF en Informática',1),(90552234,'Marco','Cloe','Lloret','Casado','F','0412-20081571','Morán','PNF en Ciencias de la Información',1),(90571890,'Rebeca','Irene','Artigas','Vizcaíno','M','0412-86500171','Urdaneta','PNF en Ciencias de la Información',1),(90649667,'Emilia','América','Guitart','Ángel','F','0412-3164614','Morán','PNF en Turismo',1),(90657727,'Alcides','Teodoro','Cuéllar','Heredia','F','0412-17468674','Urdaneta','PNF en Entrenamiento Deportivo',1),(90747182,'Gustavo','Pili','Dueñas','Pérez','F','0412-88170271','Morán','PNF en Entrenamiento Deportivo',1),(91190105,'Haroldo','Isabela','Pelayo','Tejedor','F','0412-57818679','Urdaneta','PNF en Informática',1),(91370239,'Tomás','Jose Manuel','Pont','Tello','F','0412-217584','Jiménez','PNF en Agroalimentación',1),(91389871,'Isabel','Leandra','Carreño','Aparicio','F','0412-46583105','Urdaneta','PNF en Agroalimentación',1),(91494863,'Viviana','Rufina','Tejada','Morán','M','0412-11550694','Morán','PNF en Entrenamiento Deportivo',1),(91704938,'Yésica','Epifanio','Llobet','Vera','F','0412-35273552','Urdaneta','PNF en Higiene y Seguridad Laboral',1),(91714531,'Marcial','Leandra','Llamas','Alonso','F','0412-60915513','Jiménez','PNF en Ciencias de la Información',1),(91761982,'María Manuela','Curro','Serra','Barral','F','0412-73331093','Urdaneta','Distribución y Logística',1),(91847140,'Jonatan','Griselda','Arjona','Quevedo','F','0412-37268476','Urdaneta','PNF en Contaduría',1),(91904947,'Alexandra','Efraín','Iglesia','Fonseca','M','0412-74733275','Morán','PNF en Entrenamiento Deportivo',1),(91999231,'Octavio','Ramona','Girón','Frutos','F','0412-14089534','Jiménez','PNF en Contaduría',1),(92417141,'José Luis','Pepe','Medina','España','M','0412-79663677','Morán','PNF en Contaduría',1),(92475124,'Federico','Primitivo','Pons','Carranza','F','0412-22181774','Jiménez','PNF en Entrenamiento Deportivo',1),(92731696,'Candelario','Lázaro','Rosales','Molins','M','0412-72418023','Urdaneta','PNF en Contaduría',1),(92740814,'Zaida','Rebeca','Gutierrez','Marquez','F','0412-4239544','Morán','PNF en Higiene y Seguridad Laboral',1),(92859133,'Ismael','Leandro','Abellán','Montserrat','M','0412-83702727','Urdaneta','PNF en Higiene y Seguridad Laboral',1),(92938019,'Juan Francisco','Elvira','Donaire','Diéguez','F','0412-90244002','Urdaneta','PNF en Turismo',1),(92984182,'Constanza','Hernán','Feliu','Taboada','M','0412-17166858','Morán','PNF en Ciencias de la Información',1),(93065389,'Camilo','Adán','Vergara','Recio','F','0412-62415569','Jiménez','PNF en Entrenamiento Deportivo',1),(93097581,'Elisa','Alonso','Rivas','Perera','F','0412-93262813','Urdaneta','Distribución y Logística',1),(93165654,'Graciano','Carmelita','Orozco','Nogués','M','0412-80205670','Morán','PNF en Turismo',1),(93230443,'Vilma','Duilio','Rovira','Sanabria','M','0412-12765311','Jiménez','PNF en Informática',1),(93326150,'Severo','Teo','Ariza','Mendizábal','M','0412-40025292','Morán','PNF en Turismo',1),(93404432,'Victoriano','Emigdio','Herranz','Hierro','F','0412-41158567','Morán','PNF en Administración',1),(93466826,'Berta','Amparo','Gordillo','Solsona','F','0412-58104755','Urdaneta','PNF en Turismo',1),(93509605,'Poncio','Lidia','Pavón','Hoyos','F','0412-54998166','Jiménez','PNF en Informática',1),(93547331,'Benigno','Cristóbal','Prado','Manzanares','F','0412-84398779','Urdaneta','PNF en Informática',1),(93632440,'Nilo','Alejandro','Osuna','Sainz','F','0412-2876223','Morán','PNF en Higiene y Seguridad Laboral',1),(93676827,'Tiburcio','Herberto','Chamorro','Chico','F','0412-23055734','Jiménez','PNF en Administración',1),(93717999,'Maura','Jordana','Lara','Perea','F','0412-90070746','Urdaneta','PNF en Administración',1),(93877431,'Maximino','Omar','Carrera','Ródenas','M','0412-44787008','Jiménez','PNF en Turismo',1),(94085836,'Narciso','Eutropio','Sans','Rosa','F','0412-35268303','Jiménez','Distribución y Logística',1),(94207043,'Jose Antonio','Pepe','Palmer','Gimenez','F','0412-69234873','Morán','PNF en Informática',1),(94244560,'Flavio','Graciana','Galindo','Uriarte','F','0412-30294409','Jiménez','PNF en Informática',1),(94271354,'Toni','Amando','Arévalo','Lopez','M','0412-90367606','Jiménez','PNF en Administración',1),(94361182,'Evaristo','Inocencio','Cal','Acosta','F','0412-83796220','Jiménez','PNF en Contaduría',1),(94566596,'Eustaquio','Apolonia','Torrens','Doménech','F','0412-76248223','Jiménez','PNF en Turismo',1),(94768650,'Clotilde','Salomón','Carbó','Carbonell','M','0412-49596041','Jiménez','PNF en Informática',1),(94846997,'Alex','Marcelo','Lledó','Cuervo','M','0412-67578524','Urdaneta','PNF en Entrenamiento Deportivo',1),(94892875,'Trini','Cristóbal','Puerta','Sanmartín','F','0412-34522564','Urdaneta','PNF en Higiene y Seguridad Laboral',1),(95098143,'Apolinar','Olimpia','Alcázar','Pujadas','F','0412-71126454','Jiménez','PNF en Contaduría',1),(95214447,'Regina','Santiago','Recio','Reig','M','0412-81810480','Jiménez','PNF en Turismo',1),(95282143,'Antonio','Segismundo','Colom','Pombo','M','0412-24367557','Morán','Distribución y Logística',1),(95294871,'Óscar','Joaquín','Cerdá','Revilla','F','0412-51510462','Urdaneta','PNF en Ciencias de la Información',1),(95523366,'Gerónimo','Ana Sofía','Cerdá','Cárdenas','M','0412-16095635','Urdaneta','PNF en Higiene y Seguridad Laboral',1),(95562755,'Petrona','Nacio','Mínguez','Bernat','F','0412-10032404','Jiménez','PNF en Higiene y Seguridad Laboral',1),(95612466,'Jose Luis','Rosa María','Pera','Montserrat','M','0412-75592754','Jiménez','PNF en Entrenamiento Deportivo',1),(95675100,'Cristóbal','Eduardo','Vallejo','Mínguez','F','0412-99113662','Morán','Distribución y Logística',1),(95802508,'Esteban','Basilio','Garrido','Mercader','F','0412-33091882','Jiménez','PNF en Informática',1),(95867807,'Armida','Marcia','Tomas','Naranjo','M','0412-71622476','Urdaneta','PNF en Contaduría',1),(96052022,'Manola','Teresita','Gimeno','Bueno','M','0412-69776965','Jiménez','Distribución y Logística',1),(96107657,'Lidia','Paca','Llamas','Andres','F','0412-69744724','Jiménez','PNF en Higiene y Seguridad Laboral',1),(96266923,'Celso','Chita','Alegria','Clavero','F','0412-27682364','Morán','PNF en Agroalimentación',1),(96605858,'Alcides','Pastora','Ferrando','Pinedo','M','0412-32661410','Urdaneta','Distribución y Logística',1),(96606840,'Noé','Eusebia','Monreal','Alegria','M','0412-22996986','Jiménez','PNF en Entrenamiento Deportivo',1),(96629766,'Gervasio','Aarón','Maza','Pintor','F','0412-36652726','Jiménez','PNF en Informática',1),(96683740,'Juan Manuel','Ana Sofía','Lorenzo','Haro','F','0412-42518622','Jiménez','PNF en Ciencias de la Información',1),(96724595,'Eustaquio','Aurelia','Vives','Barba','F','0412-28531842','Urdaneta','PNF en Entrenamiento Deportivo',1),(96760143,'Francisco','Imelda','Tejedor','Alsina','F','0412-46297496','Jiménez','PNF en Turismo',1),(96935353,'Toribio','Fernando','Escribano','Roselló','F','0412-61512832','Urdaneta','PNF en Contaduría',1),(97127471,'Agapito','Urbano','Gelabert','Luís','F','0412-69840824','Jiménez','PNF en Agroalimentación',1),(97156085,'Ricardo','Marcelino','Antúnez','Tejera','F','0412-79535048','Jiménez','PNF en Informática',1),(97234689,'Regina','Benjamín','Arnal','Saez','M','0412-79725486','Jiménez','PNF en Administración',1),(97332949,'Montserrat','Raquel','Téllez','Gutiérrez','M','0412-68438928','Jiménez','PNF en Ciencias de la Información',1),(97356816,'María','Leonor','Simó','Otero','F','0412-25201639','Urdaneta','PNF en Higiene y Seguridad Laboral',1),(97373707,'Susana','César','Redondo','Osorio','M','0412-93662232','Urdaneta','PNF en Administración',1),(97403698,'Leopoldo','Pepita','Moya','Batalla','F','0412-57022440','Urdaneta','PNF en Turismo',1),(97448116,'Lupita','Carla','Carballo','Llano','M','0412-10510238','Morán','PNF en Entrenamiento Deportivo',1),(97654759,'Lucía','Maximiliano','Mercader','Daza','F','0412-75923968','Urdaneta','PNF en Entrenamiento Deportivo',1),(97722617,'Manu','Rubén','Puerta','Taboada','F','0412-49154407','Urdaneta','PNF en Contaduría',1),(97815835,'Morena','Montserrat','Guardia','Soler','F','0412-44792455','Jiménez','PNF en Administración',1),(97849969,'Fernando','Eladio','Gabaldón','Jara','F','0412-21914001','Jiménez','Distribución y Logística',1),(97905076,'Goyo','Federico','Peláez','Escrivá','F','0412-99349562','Morán','Distribución y Logística',1),(97944927,'Curro','Nayara','Aguirre','Peñas','M','0412-24671290','Morán','PNF en Administración',1),(98019434,'Tomás','Poncio','Bermudez','Andreu','M','0412-23591216','Morán','PNF en Contaduría',1),(98089730,'Guadalupe','Balduino','Salvador','Goñi','F','0412-9718294','Urdaneta','PNF en Contaduría',1),(98094153,'Marisela','Caridad','Cañizares','Alcázar','F','0412-89184239','Morán','PNF en Entrenamiento Deportivo',1),(98099038,'Lara','Máxima','Pinilla','Gibert','F','0412-29271127','Urdaneta','PNF en Administración',1),(98122362,'María Carmen','Isidora','Hervia','Cabrero','M','0412-32317399','Urdaneta','PNF en Informática',1),(98294947,'Carina','Valero','Ojeda','Carpio','F','0412-91357460','Jiménez','PNF en Agroalimentación',1),(98444343,'Ruy','Alfredo','Cervantes','Lago','M','0412-51055958','Urdaneta','PNF en Agroalimentación',1),(98477390,'Isidora','Isidora','Pardo','Bayona','F','0412-96198953','Urdaneta','Distribución y Logística',1),(98477829,'Salomé','Ángeles','Ruiz','Ocaña','F','0412-46517613','Urdaneta','PNF en Agroalimentación',1),(98606094,'Flora','Desiderio','Chico','Cifuentes','F','0412-91124620','Morán','PNF en Agroalimentación',1),(98767247,'Pepe','Ana','Becerra','Cabezas','F','0412-39858014','Urdaneta','PNF en Entrenamiento Deportivo',1),(98976095,'Ema','Florinda','Sabater','Céspedes','M','0412-3257190','Urdaneta','PNF en Contaduría',1),(99003147,'Angelino','Leopoldo','Lobo','Bueno','F','0412-69317019','Urdaneta','PNF en Ciencias de la Información',1),(99004496,'Baltasar','Manuela','Medina','Navas','F','0412-72509038','Morán','PNF en Agroalimentación',1),(99040269,'Úrsula','Ani','Sandoval','Ochoa','F','0412-92106522','Morán','PNF en Entrenamiento Deportivo',1),(99157623,'Adelia','Saturnino','Acevedo','Miró','F','0412-39534426','Morán','PNF en Entrenamiento Deportivo',1),(99187726,'Macaria','Lina','Alegre','Fabregat','F','0412-67191359','Jiménez','PNF en Agroalimentación',1),(99234136,'Tamara','Octavio','Juan','Mendez','M','0412-88258205','Jiménez','PNF en Contaduría',1),(99234828,'Eulalia','Íngrid','Bravo','Aguirre','M','0412-97390369','Morán','PNF en Higiene y Seguridad Laboral',1),(99241649,'Gabriela','Trinidad','Escribano','Arrieta','F','0412-12197250','Morán','PNF en Contaduría',1),(99411840,'Godofredo','Benita','Blanch','Albero','F','0412-90278422','Urdaneta','Distribución y Logística',1),(99464646,'Caridad','Emma','Murcia','Osuna','M','0412-26751367','Urdaneta','PNF en Agroalimentación',1),(99972584,'Glauco','Anabel','Expósito','Rivas','M','0412-29534925','Jiménez','PNF en Ciencias de la Información',1),(99981944,'Julio César','Lorenza','Duran','Menéndez','F','0412-31956821','Urdaneta','Distribución y Logística',1);
/*!40000 ALTER TABLE `estudiante` ENABLE KEYS */;
UNLOCK TABLES;

--
-- Table structure for table `estudiante_seccion`
--

DROP TABLE IF EXISTS `estudiante_seccion`;
/*!40101 SET @saved_cs_client     = @@character_set_client */;
/*!40101 SET character_set_client = utf8 */;
CREATE TABLE `estudiante_seccion` (
  `idEstudianteSeccion` int(11) NOT NULL AUTO_INCREMENT,
  `cedEstudiante` int(11) NOT NULL,
  `idSeccion` int(11) NOT NULL,
  PRIMARY KEY (`idEstudianteSeccion`),
  KEY `cedEstudiante` (`cedEstudiante`),
  KEY `idSeccion` (`idSeccion`),
  CONSTRAINT `estudiante_seccion_ibfk_1` FOREIGN KEY (`cedEstudiante`) REFERENCES `estudiante` (`cedEstudiante`),
  CONSTRAINT `estudiante_seccion_ibfk_2` FOREIGN KEY (`idSeccion`) REFERENCES `seccion` (`idSeccion`)
) ENGINE=InnoDB AUTO_INCREMENT=9157 DEFAULT CHARSET=utf8mb4 COLLATE=utf8mb4_general_ci;
/*!40101 SET character_set_client = @saved_cs_client */;

--
-- Dumping data for table `estudiante_seccion`
--

LOCK TABLES `estudiante_seccion` WRITE;
/*!40000 ALTER TABLE `estudiante_seccion` DISABLE KEYS */;
INSERT INTO `estudiante_seccion` VALUES (7926,31158687,406),(7927,30896566,407),(7928,14853512,408),(7929,28757061,409),(7930,3518745,410),(7931,82296344,411),(7932,81968004,412),(7933,81511993,413),(7934,8960862,414),(7935,82125678,415),(7936,66665348,412),(7937,24754269,416),(7938,94566596,417),(7939,81101126,418),(7940,33286384,419),(7941,38873103,415),(7942,5246633,420),(7943,71609054,421),(7944,20596296,418),(7945,80713582,422),(7946,50646341,423),(7947,61301010,424),(7948,93877431,425),(7949,41133199,426),(7950,71386784,407),(7951,19320298,427),(7952,25337417,428),(7953,2531358,429),(7954,13807419,430),(7955,50352023,431),(7956,85093684,432),(7957,7412385,433),(7958,17621435,434),(7959,24435362,431),(7960,32933964,435),(7961,62584270,436),(7962,51551602,437),(7963,30885252,438),(7964,98976095,439),(7965,7171851,440),(7966,99187726,441),(7967,46272456,442),(7968,33098287,443),(7969,54792654,444),(7970,64171269,445),(7971,50198099,446),(7972,24724532,447),(7973,97722617,448),(7974,13438075,449),(7975,30370684,450),(7976,49621434,451),(7977,71914385,452),(7978,75563546,453),(7979,60770697,454),(7980,99241649,455),(7981,37320382,456),(7982,65047676,457),(7983,79743670,458),(7984,93230443,459),(7985,65433758,460),(7986,8929873,451),(7987,87018391,461),(7988,58927902,458),(7989,90235162,462),(7990,97234689,463),(7991,13242261,464),(7992,86985751,418),(7993,41514712,465),(7994,82872716,466),(7995,15595871,467),(7996,41344397,468),(7997,89455495,456),(7998,70533568,469),(7999,59906623,470),(8000,16122042,471),(8001,63528315,472),(8002,63171412,473),(8003,78667524,474),(8004,8625140,475),(8005,17887932,476),(8006,77950846,425),(8007,90552234,477),(8008,60622164,478),(8009,75271931,479),(8010,44539656,480),(8011,28265467,481),(8012,60703153,482),(8013,81216472,425),(8014,29526781,483),(8015,54578394,484),(8016,3518279,485),(8017,49619209,442),(8018,90657727,486),(8019,99040269,487),(8020,29839561,425),(8021,94846997,488),(8022,89557979,483),(8023,68099596,489),(8024,94768650,490),(8025,96683740,469),(8026,24425844,444),(8027,19066954,491),(8028,75746273,485),(8029,81002837,492),(8030,20006021,493),(8031,26107130,494),(8032,2838781,495),(8033,74153464,496),(8034,22380845,497),(8035,48396541,498),(8036,99234828,499),(8037,71641497,455),(8038,86657887,500),(8039,29241712,501),(8040,8001227,502),(8041,90571890,503),(8042,20083160,483),(8043,23087119,489),(8044,77428421,504),(8045,63205221,505),(8046,64779782,469),(8047,79223346,506),(8048,58253084,480),(8049,38319783,507),(8050,93632440,463),(8051,27135939,508),(8052,6425235,509),(8053,24125626,429),(8054,14478356,496),(8055,59452344,510),(8056,47852689,511),(8057,68232357,512),(8058,93165654,513),(8059,62995235,514),(8060,91494863,515),(8061,95214447,448),(8062,33553296,516),(8063,56340310,517),(8064,21205214,518),(8065,90278355,495),(8066,1995338,519),(8067,94361182,466),(8068,8227942,520),(8069,44831361,521),(8070,66036745,522),(8071,53219002,461),(8072,56143714,523),(8073,58903209,524),(8074,51500770,522),(8075,11937089,435),(8076,68071301,525),(8077,99157623,526),(8078,46160136,481),(8079,31522000,527),(8080,49086396,528),(8081,3487370,529),(8082,38917196,530),(8083,76413161,531),(8084,52709362,507),(8085,6945876,532),(8086,27013533,533),(8087,68937587,534),(8088,41779064,535),(8089,59467681,536),(8090,96605858,537),(8091,3706437,538),(8092,83889931,539),(8093,95098143,540),(8094,31821537,541),(8095,2506993,542),(8096,41277114,543),(8097,98444343,466),(8098,16300837,510),(8099,61340161,510),(8100,35644724,544),(8101,53999064,435),(8102,22064540,545),(8103,68450545,546),(8104,50606393,547),(8105,38337618,548),(8106,26353032,496),(8107,67088297,549),(8108,58273485,548),(8109,77244776,550),(8110,59519700,551),(8111,26937367,544),(8112,33604335,552),(8113,18637544,515),(8114,45856582,504),(8115,79568014,456),(8116,58798523,553),(8117,61811847,472),(8118,74194510,514),(8119,97944927,554),(8120,67273596,555),(8121,48043256,551),(8122,67602643,556),(8123,65638587,557),(8124,73664624,558),(8125,84428709,559),(8126,30954931,499),(8127,64343773,560),(8128,50412181,561),(8129,88303063,463),(8130,44599819,562),(8131,60720104,563),(8132,18304058,526),(8133,4469493,564),(8134,56947640,565),(8135,90291380,566),(8136,66553307,479),(8137,9407727,465),(8138,33300863,567),(8139,80764018,568),(8140,72921565,411),(8141,40697215,461),(8142,41366052,425),(8143,93547331,569),(8144,4674053,570),(8145,61155168,571),(8146,48300783,572),(8147,24121758,566),(8148,75634425,573),(8149,60364576,574),(8150,30520783,575),(8151,65522108,555),(8152,51398543,576),(8153,60662910,577),(8154,29067887,472),(8155,99972584,452),(8156,94085836,548),(8157,84988213,457),(8158,61339353,542),(8159,60756441,578),(8160,50426411,509),(8161,49813366,534),(8162,55356078,579),(8163,13575216,580),(8164,33887088,581),(8165,11711094,538),(8166,38963789,582),(8167,13856994,583),(8168,88777318,518),(8169,18924079,564),(8170,86091981,584),(8171,13559848,576),(8172,34675567,441),(8173,80595058,501),(8174,42284238,446),(8175,25813473,445),(8176,47182732,585),(8177,16678260,440),(8178,27052134,510),(8179,25323044,586),(8180,79012197,587),(8181,9454747,570),(8182,84700920,434),(8183,29280122,588),(8184,58922066,589),(8185,48112193,556),(8186,32173967,590),(8187,28249190,409),(8188,31372409,591),(8189,61481027,439),(8190,67604161,592),(8191,39135753,568),(8192,74116802,478),(8193,62690894,423),(8194,46401101,489),(8195,47711231,593),(8196,98089730,594),(8197,25268764,508),(8198,99234136,435),(8199,34606962,595),(8200,85988467,476),(8201,78080056,468),(8202,86099132,574),(8203,26932087,445),(8204,76628086,596),(8205,25769592,593),(8206,96760143,597),(8207,37129532,598),(8208,45936731,599),(8209,2243042,600),(8210,13169557,601),(8211,1941563,602),(8212,79745924,603),(8213,26584427,604),(8214,82507525,605),(8215,1992798,522),(8216,37096410,606),(8217,35727720,607),(8218,68333425,608),(8219,79711794,524),(8220,9042474,609),(8221,42322123,597),(8222,34137581,486),(8223,33136237,481),(8224,1868560,610),(8225,26099852,544),(8226,91389871,611),(8227,18702656,471),(8228,85046474,612),(8229,37301804,510),(8230,98477390,613),(8231,5966572,428),(8232,97156085,614),(8233,87338194,490),(8234,48956193,541),(8235,45348447,584),(8236,31109267,560),(8237,90747182,615),(8238,18914199,616),(8239,64678325,451),(8240,97905076,617),(8241,31952419,618),(8242,50582835,619),(8243,61707410,542),(8244,30236015,620),(8245,7294793,621),(8246,1346668,622),(8247,85112763,598),(8248,71684949,623),(8249,13104291,466),(8250,85630072,470),(8251,55489651,624),(8252,76182845,625),(8253,28306717,407),(8254,36953074,626),(8255,87481453,503),(8256,57168765,627),(8257,94892875,628),(8258,88669905,629),(8259,70664128,630),(8260,82747580,631),(8261,13472936,427),(8262,59692707,578),(8263,87956181,616),(8264,58005074,607),(8265,90297348,557),(8266,81333386,632),(8267,19634576,633),(8268,71948714,439),(8269,98122362,548),(8270,72454083,597),(8271,45254262,634),(8272,44270815,584),(8273,71495211,635),(8274,62305420,636),(8275,76895965,450),(8276,59002897,546),(8277,30435246,637),(8278,40993398,496),(8279,39788833,571),(8280,57795043,584),(8281,42928362,607),(8282,63990509,638),(8283,57332605,639),(8284,26281098,440),(8285,64594017,640),(8286,45224124,641),(8287,4622683,553),(8288,49540004,627),(8289,99003147,423),(8290,96052022,413),(8291,6127913,408),(8292,92475124,463),(8293,40087778,451),(8294,31122849,593),(8295,81316144,642),(8296,54831295,643),(8297,72370459,644),(8298,67690981,518),(8299,64015483,458),(8300,32823699,622),(8301,33760568,627),(8302,32265719,645),(8303,88832760,492),(8304,28502454,436),(8305,10753086,570),(8306,97356816,646),(8307,50934860,647),(8308,59052132,416),(8309,14551060,648),(8310,36685618,581),(8311,5344246,641),(8312,56233187,649),(8313,22302904,650),(8314,34174907,454),(8315,79385982,651),(8316,48562707,652),(8317,49558233,653),(8318,75517025,654),(8319,71951063,488),(8320,95675100,655),(8321,12211636,634),(8322,87749919,649),(8323,21600932,656),(8324,72002859,657),(8325,90532509,658),(8326,82047409,659),(8327,92984182,591),(8328,39500184,426),(8329,13097450,502),(8330,55252690,660),(8331,35909374,482),(8332,68579534,621),(8333,23586716,436),(8334,71934538,467),(8335,70228073,661),(8336,2069788,575),(8337,21242695,662),(8338,93509605,663),(8339,21991389,664),(8340,5663848,665),(8341,79858234,643),(8342,36042503,481),(8343,20415602,524),(8344,39314971,443),(8345,49954908,666),(8346,36866426,421),(8347,80924055,420),(8348,68646168,522),(8349,75296579,667),(8350,21827262,424),(8351,43671540,523),(8352,52433425,668),(8353,26715901,669),(8354,59138493,670),(8355,29809726,671),(8356,77730146,647),(8357,43308256,474),(8358,46246639,672),(8359,77236151,673),(8360,24574362,674),(8361,75634521,675),(8362,82415432,446),(8363,31738422,542),(8364,6297515,491),(8365,42771027,557),(8366,50795882,676),(8367,35938535,620),(8368,18376272,437),(8369,33028630,677),(8370,98767247,441),(8371,29086509,556),(8372,25036140,622),(8373,63371057,575),(8374,6002550,651),(8375,88606646,547),(8376,58906902,559),(8377,53213755,532),(8378,97448116,451),(8379,51405875,438),(8380,24329977,678),(8381,72966723,555),(8382,31184677,614),(8383,85967305,559),(8384,56278053,413),(8385,26629435,457),(8386,43270970,462),(8387,97654759,589),(8388,23092391,418),(8389,1113857,679),(8390,16805309,625),(8391,84027484,616),(8392,35617468,680),(8393,82975129,631),(8394,28184028,681),(8395,77283128,660),(8396,19430024,682),(8397,50482835,466),(8398,62912120,683),(8399,43717981,622),(8400,48549176,421),(8401,12285457,439),(8402,87382111,684),(8403,97815835,685),(8404,29017326,686),(8405,49501873,491),(8406,62469986,514),(8407,54554696,599),(8408,87921530,687),(8409,72943563,641),(8410,9983088,652),(8411,42956296,613),(8412,77572947,671),(8413,13520265,530),(8414,62540135,584),(8415,64254591,583),(8416,25824934,688),(8417,22248441,529),(8418,24191553,689),(8419,78356345,690),(8420,37137426,552),(8421,86445075,691),(8422,46415357,494),(8423,71480982,444),(8424,33835674,437),(8425,97373707,623),(8426,43912251,437),(8427,55827045,692),(8428,60194397,532),(8429,60286031,693),(8430,46697603,608),(8431,11878151,650),(8432,33678921,492),(8433,15849587,572),(8434,20212400,694),(8435,42566523,585),(8436,53243790,695),(8437,73110482,632),(8438,57065343,555),(8439,67326863,627),(8440,92938019,676),(8441,73834528,696),(8442,95562755,697),(8443,90502679,698),(8444,24831379,424),(8445,98606094,478),(8446,94271354,560),(8447,44862430,623),(8448,46718781,568),(8449,81005206,699),(8450,20709666,576),(8451,54777045,654),(8452,42582368,556),(8453,40883810,650),(8454,55864393,500),(8455,80415825,700),(8456,35400643,701),(8457,24959834,702),(8458,60244952,503),(8459,24522356,454),(8460,5686246,655),(8461,97849969,422),(8462,91704938,576),(8463,58329322,659),(8464,10747905,513),(8465,34245922,634),(8466,24354080,508),(8467,27910190,611),(8468,2652201,529),(8469,47223245,450),(8470,28810713,703),(8471,42135211,560),(8472,60261309,512),(8473,77322840,514),(8474,81711830,704),(8475,96266923,560),(8476,91904947,579),(8477,14399938,705),(8478,39885276,588),(8479,6306219,706),(8480,32357166,570),(8481,39854186,606),(8482,8768741,611),(8483,11949862,657),(8484,56241072,707),(8485,16164728,708),(8486,66780580,709),(8487,76549488,409),(8488,16709034,580),(8489,77765763,433),(8490,72613202,652),(8491,13409292,710),(8492,59515872,454),(8493,86676735,532),(8494,89161451,711),(8495,65904157,712),(8496,11594360,696),(8497,44446667,687),(8498,26709183,526),(8499,74610934,540),(8500,80070799,430),(8501,44708042,550),(8502,74356713,507),(8503,23448688,494),(8504,93065389,556),(8505,77899313,506),(8506,62621915,462),(8507,70215965,614),(8508,11492956,713),(8509,58915681,685),(8510,71282891,476),(8511,37539694,714),(8512,40803869,686),(8513,31848092,587),(8514,52237515,417),(8515,95294871,408),(8516,12438638,715),(8517,46988099,716),(8518,37777493,570),(8519,96107657,714),(8520,50104619,596),(8521,44898392,668),(8522,53228845,428),(8523,52275935,471),(8524,45148279,423),(8525,59568711,678),(8526,17175770,407),(8527,33350833,717),(8528,47822788,585),(8529,96935353,460),(8530,60696506,639),(8531,99981944,718),(8532,53738073,719),(8533,11828006,674),(8534,91761982,666),(8535,42503141,645),(8536,25677466,666),(8537,85724344,476),(8538,38308174,515),(8539,13475331,720),(8540,50013275,575),(8541,51975189,624),(8542,78118066,721),(8543,1566993,722),(8544,98477829,491),(8545,51879714,636),(8546,5756100,723),(8547,10804963,479),(8548,11340891,557),(8549,88621486,709),(8550,53088624,724),(8551,6252544,707),(8552,46722929,559),(8553,32622276,561),(8554,28607868,544),(8555,48916362,677),(8556,95867807,545),(8557,14953985,725),(8558,45577805,726),(8559,64159005,680),(8560,89428251,503),(8561,66102500,456),(8562,67562453,533),(8563,85235571,581),(8564,34812972,727),(8565,10916047,728),(8566,70159962,665),(8567,80189647,546),(8568,17754729,693),(8569,35649194,655),(8570,93404432,725),(8571,54411078,607),(8572,95802508,530),(8573,35830657,610),(8574,22451708,558),(8575,41040792,587),(8576,75223359,729),(8577,38718951,452),(8578,1093073,476),(8579,77162685,730),(8580,2071275,567),(8581,67290126,693),(8582,38294198,527),(8583,98294947,462),(8584,74288522,731),(8585,8799311,732),(8586,18187599,733),(8587,72204572,659),(8588,61886504,590),(8589,69207511,483),(8590,20759317,562),(8591,74111448,665),(8592,7788473,529),(8593,50596631,423),(8594,20988983,524),(8595,87662248,704),(8596,10943610,715),(8597,37217884,481),(8598,59704830,734),(8599,36196997,522),(8600,34122558,588),(8601,34463125,455),(8602,91714531,614),(8603,61715229,597),(8604,63969574,735),(8605,31546046,436),(8606,24526644,483),(8607,56406780,436),(8608,36615535,465),(8609,68636075,641),(8610,47333060,570),(8611,68065781,421),(8612,57450933,687),(8613,42355478,736),(8614,49318457,544),(8615,86044578,497),(8616,59873203,718),(8617,11294684,444),(8618,97127471,485),(8619,96606840,737),(8620,23375976,581),(8621,30508061,738),(8622,24442979,711),(8623,21432864,504),(8624,77532150,739),(8625,6316943,635),(8626,81417221,488),(8627,22896041,593),(8628,21414458,499),(8629,86291957,684),(8630,11057116,740),(8631,25412190,696),(8632,94244560,594),(8633,30520170,551),(8634,14359132,546),(8635,9283293,428),(8636,55245659,466),(8637,89607431,566),(8638,91370239,659),(8639,95523366,462),(8640,62317774,644),(8641,25501886,711),(8642,34581264,685),(8643,83791692,741),(8644,67317607,594),(8645,91847140,424),(8646,27895162,457),(8647,99004496,742),(8648,80094243,711),(8649,75064049,714),(8650,87488298,621),(8651,61199791,571),(8652,45802149,699),(8653,8394301,743),(8654,50948347,566),(8655,66072401,583),(8656,52675184,697),(8657,15433701,679),(8658,14724440,658),(8659,38175830,744),(8660,93466826,439),(8661,38157066,518),(8662,84117656,605),(8663,60187174,423),(8664,47768080,709),(8665,52678986,536),(8666,7628675,447),(8667,10136313,725),(8668,68862344,745),(8669,24036646,657),(8670,48878337,746),(8671,68431780,491),(8672,12731340,705),(8673,19306557,747),(8674,93326150,493),(8675,74895012,563),(8676,21214762,710),(8677,96724595,586),(8678,19869839,748),(8679,97403698,557),(8680,17083703,585),(8681,14857506,414),(8682,16378756,574),(8683,48964486,635),(8684,35462787,653),(8685,10972153,439),(8686,91190105,414),(8687,4307939,530),(8688,4482111,640),(8689,62615550,525),(8690,31353862,749),(8691,25115005,615),(8692,7332323,489),(8693,31927129,492),(8694,54213985,641),(8695,19880635,726),(8696,13135127,636),(8697,54530619,636),(8698,60218537,507),(8699,30976157,556),(8700,30756552,648),(8701,39238223,750),(8702,71688717,527),(8703,59404787,598),(8704,50147531,751),(8705,43656971,698),(8706,25651511,654),(8707,61932000,630),(8708,19176051,440),(8709,15314832,457),(8710,8107260,623),(8711,42653045,679),(8712,45659693,697),(8713,19252266,473),(8714,76807017,548),(8715,61895634,467),(8716,50725586,517),(8717,70680212,649),(8718,22935007,752),(8719,21562586,597),(8720,4853640,428),(8721,14455856,692),(8722,18716144,435),(8723,38611710,691),(8724,3219659,442),(8725,56432639,471),(8726,45496497,519),(8727,71757602,753),(8728,34068809,734),(8729,65194897,459),(8730,73055841,576),(8731,3258446,528),(8732,31564034,540),(8733,82410687,459),(8734,40224678,754),(8735,41380778,525),(8736,58974341,687),(8737,45152543,429),(8738,55623885,445),(8739,22221808,453),(8740,98099038,502),(8741,23843788,431),(8742,21344184,755),(8743,39838164,670),(8744,50168576,613),(8745,24328320,743),(8746,30524457,561),(8747,66457465,522),(8748,39854363,756),(8749,51913954,757),(8750,14978864,758),(8751,27375001,549),(8752,57098456,496),(8753,48622304,433),(8754,1605003,755),(8755,58255727,759),(8756,8936613,511),(8757,7434505,486),(8758,9831979,536),(8759,68537393,711),(8760,13926407,754),(8761,40235852,698),(8762,16175086,672),(8763,84347862,550),(8764,79663203,621),(8765,2661651,625),(8766,64106311,711),(8767,14778316,760),(8768,26957813,661),(8769,30423085,639),(8770,22640775,747),(8771,80494832,761),(8772,44878310,424),(8773,1992390,703),(8774,92731696,406),(8775,57788097,610),(8776,87787569,699),(8777,21665972,604),(8778,62943157,604),(8779,36894999,762),(8780,97332949,477),(8781,44066659,649),(8782,50341038,676),(8783,8910512,415),(8784,14149646,526),(8785,51321985,726),(8786,59951328,687),(8787,27653715,671),(8788,5738258,536),(8789,57159947,652),(8790,75990065,473),(8791,41144457,712),(8792,30291958,642),(8793,40109511,507),(8794,9292016,464),(8795,15529192,763),(8796,44598209,711),(8797,76256116,431),(8798,20519869,426),(8799,4448138,652),(8800,23288934,429),(8801,83940700,598),(8802,44333758,764),(8803,63833215,551),(8804,49767449,533),(8805,87207140,472),(8806,65350887,464),(8807,95282143,683),(8808,4421175,484),(8809,33530068,446),(8810,93097581,765),(8811,32724053,739),(8812,29651604,750),(8813,94207043,600),(8814,20184107,593),(8815,55407821,762),(8816,8627270,753),(8817,21959058,484),(8818,82479963,714),(8819,60982145,443),(8820,78800500,513),(8821,21744906,572),(8822,76727651,631),(8823,82373394,407),(8824,54564557,719),(8825,88804495,502),(8826,5317656,766),(8827,58029267,442),(8828,23764796,527),(8829,38044112,595),(8830,61673721,722),(8831,85965515,542),(8832,20343917,661),(8833,37242052,569),(8834,96629766,543),(8835,79267146,435),(8836,78637583,494),(8837,83029851,432),(8838,55985757,407),(8839,99464646,767),(8840,83429786,455),(8841,25157138,713),(8842,56401929,589),(8843,51706191,447),(8844,18674245,477),(8845,45421610,678),(8846,62988975,478),(8847,73578332,622),(8848,1011987,452),(8849,15483363,620),(8850,38147832,601),(8851,61409230,768),(8852,66188151,769),(8853,85093264,709),(8854,50244336,720),(8855,23823744,723),(8856,60729838,586),(8857,78899506,568),(8858,55886322,581),(8859,3174086,409),(8860,89823308,770),(8861,1442072,408),(8862,8600826,506),(8863,62189413,616),(8864,35049361,735),(8865,35482528,671),(8866,9063764,429),(8867,46179566,511),(8868,66745198,693),(8869,51572799,492),(8870,60700071,519),(8871,69378110,588),(8872,36553816,500),(8873,15896046,490),(8874,51469553,584),(8875,23968890,754),(8876,28893245,480),(8877,21074172,636),(8878,6771056,589),(8879,10855124,705),(8880,32993446,691),(8881,65177863,477),(8882,90649667,645),(8883,33876393,595),(8884,7956034,640),(8885,38788124,554),(8886,86078773,587),(8887,36716948,583),(8888,42782373,771),(8889,25521671,560),(8890,3484399,660),(8891,2217838,641),(8892,83248079,772),(8893,31880435,554),(8894,89490714,431),(8895,62267076,636),(8896,58738153,572),(8897,93676827,773),(8898,34258767,410),(8899,19801900,696),(8900,88310730,447),(8901,90231835,588),(8902,13942644,567),(8903,82255030,720),(8904,76403911,702),(8905,84075178,469),(8906,59374877,455),(8907,58332532,592),(8908,72571325,655),(8909,50887867,519),(8910,66369795,556),(8911,35920359,505),(8912,82655554,500),(8913,5722917,679),(8914,54461356,575),(8915,34821699,732),(8916,17170537,641),(8917,46510505,475),(8918,40231149,588),(8919,59770370,774),(8920,33166346,775),(8921,21175182,519),(8922,29496876,707),(8923,17959044,765),(8924,38208593,671),(8925,85967327,758),(8926,50897876,490),(8927,23662346,530),(8928,67403631,594),(8929,82156587,593),(8930,4764257,432),(8931,36926048,586),(8932,74466627,631),(8933,43279003,495),(8934,46899556,776),(8935,35516225,619),(8936,72857552,526),(8937,75078983,708),(8938,17901559,478),(8939,3408721,719),(8940,67282883,642),(8941,8320617,509),(8942,68682433,720),(8943,45906762,583),(8944,17683003,647),(8945,8737875,431),(8946,81446011,522),(8947,66912384,599),(8948,62347650,620),(8949,51518302,604),(8950,4783625,415),(8951,85417360,553),(8952,3809364,568),(8953,51476862,537),(8954,43676198,661),(8955,18921106,527),(8956,35334699,642),(8957,47027210,652),(8958,87114088,653),(8959,42967170,777),(8960,41468644,604),(8961,35243650,680),(8962,19956706,710),(8963,17765907,530),(8964,92859133,778),(8965,8631842,779),(8966,23971670,531),(8967,22549512,693),(8968,48613835,604),(8969,30329828,761),(8970,5213357,445),(8971,40287043,552),(8972,49098763,650),(8973,14671763,449),(8974,22665892,675),(8975,67986593,407),(8976,38381307,614),(8977,80236370,626),(8978,58488257,465),(8979,31291337,640),(8980,20491029,425),(8981,2721544,509),(8982,82325233,536),(8983,52594988,594),(8984,16331419,679),(8985,63480325,487),(8986,73465678,631),(8987,7782135,474),(8988,17939703,511),(8989,83215157,698),(8990,37152560,566),(8991,56969971,585),(8992,29039733,581),(8993,99411840,716),(8994,40823316,606),(8995,61249711,617),(8996,23526223,760),(8997,76120396,566),(8998,48765713,780),(8999,14620007,525),(9000,77778447,702),(9001,48407438,518),(9002,28129161,764),(9003,14140720,758),(9004,39899249,438),(9005,90178250,611),(9006,56720257,587),(9007,67537727,556),(9008,20058775,465),(9009,27148059,685),(9010,23794675,462),(9011,54086365,758),(9012,57572318,745),(9013,57409573,732),(9014,70816213,781),(9015,27569190,448),(9016,98019434,627),(9017,56017214,429),(9018,10964940,655),(9019,84796946,663),(9020,12403815,428),(9021,63816891,469),(9022,7964494,671),(9023,85120594,448),(9024,15795390,425),(9025,87397771,534),(9026,69098469,459),(9027,58336008,438),(9028,55779179,438),(9029,9337074,471),(9030,41346464,410),(9031,37395782,537),(9032,27272405,731),(9033,19221281,782),(9034,3783903,643),(9035,6741044,529),(9036,75980017,621),(9037,48076224,661),(9038,86244675,409),(9039,31271269,683),(9040,33308678,644),(9041,89805930,417),(9042,63236771,610),(9043,50091100,783),(9044,39840974,688),(9045,11856635,409),(9046,26863793,559),(9047,34817852,670),(9048,63435313,602),(9049,71078088,506),(9050,61887878,581),(9051,32577827,532),(9052,66510963,574),(9053,42374775,708),(9054,29908884,538),(9055,59369624,646),(9056,69608975,657),(9057,57234432,419),(9058,52832605,505),(9059,59313835,493),(9060,81019252,754),(9061,50999796,507),(9062,3278280,690),(9063,48202545,755),(9064,68898007,765),(9065,25966643,672),(9066,17124743,784),(9067,93717999,785),(9068,4183141,415),(9069,54977977,604),(9070,65965719,703),(9071,60787800,570),(9072,21757604,468),(9073,57291407,513),(9074,92740814,600),(9075,5661705,764),(9076,43625858,678),(9077,29130824,582),(9078,65973738,786),(9079,32081831,787),(9080,89484852,628),(9081,56771297,667),(9082,45297429,669),(9083,79884895,565),(9084,11474227,632),(9085,47667711,482),(9086,38969096,788),(9087,72945978,707),(9088,82290608,747),(9089,13915042,463),(9090,69434597,560),(9091,84044238,687),(9092,95612466,469),(9093,44229196,574),(9094,77494721,758),(9095,74322367,705),(9096,40639594,678),(9097,13364273,604),(9098,59707839,682),(9099,98094153,485),(9100,12585829,416),(9101,20922481,509),(9102,84584436,551),(9103,17022300,789),(9104,11114644,668),(9105,13461006,601),(9106,79743250,411),(9107,89180220,566),(9108,67821069,584),(9109,54920260,767),(9110,4346385,657),(9111,35487320,556),(9112,43721695,604),(9113,27961976,482),(9114,71304643,550),(9115,64011890,441),(9116,8059425,630),(9117,91999231,419),(9118,84503952,685),(9119,57130589,471),(9120,55588239,698),(9121,32654475,635),(9122,17396466,773),(9123,34043937,461),(9124,20667496,620),(9125,71823013,746),(9126,82182589,468),(9127,74379415,558),(9128,15914557,497),(9129,6166499,544),(9130,71148195,553),(9131,5908901,596),(9132,34997328,709),(9133,92417141,565),(9134,21148328,482),(9135,78629509,708),(9136,64985844,469),(9137,56344124,685),(9138,30197478,547),(9139,50539602,407),(9140,1732157,492),(9141,55219334,719),(9142,35088370,456),(9143,87208055,464),(9144,71899335,611),(9145,75942990,621),(9146,11163289,451),(9147,60384284,489),(9148,43279376,657),(9149,20009650,719),(9150,80540716,460),(9151,47902671,470),(9152,15031280,485),(9153,2540524,529),(9154,47460810,532),(9155,55951140,729),(9156,64588836,546);
/*!40000 ALTER TABLE `estudiante_seccion` ENABLE KEYS */;
UNLOCK TABLES;

--
-- Table structure for table `evento`
--

DROP TABLE IF EXISTS `evento`;
/*!40101 SET @saved_cs_client     = @@character_set_client */;
/*!40101 SET character_set_client = utf8 */;
CREATE TABLE `evento` (
  `idEvento` int(11) NOT NULL AUTO_INCREMENT,
  `nomEvent` varchar(255) NOT NULL,
  `descripEvent` varchar(6000) NOT NULL,
  `idMenu` int(11) NOT NULL,
  `status` tinyint(1) NOT NULL,
  PRIMARY KEY (`idEvento`),
  KEY `idMenu` (`idMenu`),
  CONSTRAINT `evento_ibfk_1` FOREIGN KEY (`idMenu`) REFERENCES `menu` (`idMenu`)
) ENGINE=InnoDB AUTO_INCREMENT=13 DEFAULT CHARSET=utf8mb4 COLLATE=utf8mb4_general_ci;
/*!40101 SET character_set_client = @saved_cs_client */;

--
-- Dumping data for table `evento`
--

LOCK TABLES `evento` WRITE;
/*!40000 ALTER TABLE `evento` DISABLE KEYS */;
INSERT INTO `evento` VALUES (12,'Reunion ','reunion estudiantil',38,1);
/*!40000 ALTER TABLE `evento` ENABLE KEYS */;
UNLOCK TABLES;

--
-- Table structure for table `excepcion`
--

DROP TABLE IF EXISTS `excepcion`;
/*!40101 SET @saved_cs_client     = @@character_set_client */;
/*!40101 SET character_set_client = utf8 */;
CREATE TABLE `excepcion` (
  `idExc` int(11) NOT NULL AUTO_INCREMENT,
  `descripcion` varchar(1000) NOT NULL,
  `cedEstudiante` int(11) NOT NULL,
  `fecha` date NOT NULL DEFAULT current_timestamp(),
  `status` tinyint(1) NOT NULL,
  PRIMARY KEY (`idExc`),
  KEY `cedEstudiante` (`cedEstudiante`),
  CONSTRAINT `excepcion_ibfk_1` FOREIGN KEY (`cedEstudiante`) REFERENCES `estudiante` (`cedEstudiante`)
) ENGINE=InnoDB AUTO_INCREMENT=3 DEFAULT CHARSET=utf8mb4 COLLATE=utf8mb4_general_ci;
/*!40101 SET character_set_client = @saved_cs_client */;

--
-- Dumping data for table `excepcion`
--

LOCK TABLES `excepcion` WRITE;
/*!40000 ALTER TABLE `excepcion` DISABLE KEYS */;
/*!40000 ALTER TABLE `excepcion` ENABLE KEYS */;
UNLOCK TABLES;

--
-- Table structure for table `horario`
--

DROP TABLE IF EXISTS `horario`;
/*!40101 SET @saved_cs_client     = @@character_set_client */;
/*!40101 SET character_set_client = utf8 */;
CREATE TABLE `horario` (
  `idHorario` int(11) NOT NULL AUTO_INCREMENT,
  `dia` varchar(200) NOT NULL,
  `idSeccion` int(11) NOT NULL,
  `status` tinyint(1) NOT NULL,
  PRIMARY KEY (`idHorario`),
  KEY `idSeccion` (`idSeccion`),
  CONSTRAINT `horario_ibfk_1` FOREIGN KEY (`idSeccion`) REFERENCES `seccion` (`idSeccion`)
) ENGINE=InnoDB AUTO_INCREMENT=4725 DEFAULT CHARSET=utf8mb4 COLLATE=utf8mb4_general_ci;
/*!40101 SET character_set_client = @saved_cs_client */;

--
-- Dumping data for table `horario`
--

LOCK TABLES `horario` WRITE;
/*!40000 ALTER TABLE `horario` DISABLE KEYS */;
INSERT INTO `horario` VALUES (2687,'Viernes',406,1),(2688,'Domingo',406,1),(2689,'Lunes',406,1),(2690,'Sábado',407,1),(2691,'Sábado',408,1),(2692,'Miércoles',408,1),(2693,'Martes',408,1),(2694,'Sábado',409,1),(2695,'Domingo',409,1),(2696,'Miércoles',409,1),(2697,'Viernes',410,1),(2698,'Lunes',410,1),(2699,'Sábado',410,1),(2700,'Jueves',410,1),(2701,'Sábado',411,1),(2702,'Viernes',411,1),(2703,'Lunes',412,1),(2704,'Viernes',412,1),(2705,'Viernes',413,1),(2706,'Martes',414,1),(2707,'Jueves',414,1),(2708,'Viernes',414,1),(2709,'Sábado',414,1),(2710,'Miércoles',414,1),(2711,'Viernes',415,1),(2712,'Sábado',415,1),(2713,'Lunes',415,1),(2714,'Jueves',415,1),(2715,'Domingo',412,1),(2716,'Miércoles',412,1),(2717,'Jueves',416,1),(2718,'Martes',416,1),(2719,'Viernes',416,1),(2720,'Lunes',416,1),(2721,'Lunes',417,1),(2722,'Miércoles',417,1),(2723,'Lunes',418,1),(2724,'Martes',419,1),(2725,'Lunes',419,1),(2726,'Domingo',415,1),(2727,'Martes',415,1),(2728,'Lunes',420,1),(2729,'Viernes',420,1),(2730,'Jueves',420,1),(2731,'Lunes',421,1),(2732,'Jueves',418,1),(2733,'Viernes',418,1),(2734,'Lunes',422,1),(2735,'Jueves',422,1),(2736,'Viernes',423,1),(2737,'Sábado',424,1),(2738,'Jueves',424,1),(2739,'Miércoles',424,1),(2740,'Viernes',424,1),(2741,'Miércoles',425,1),(2742,'Jueves',425,1),(2743,'Viernes',425,1),(2744,'Martes',425,1),(2745,'Domingo',425,1),(2746,'Sábado',426,1),(2747,'Miércoles',426,1),(2748,'Martes',426,1),(2749,'Jueves',426,1),(2750,'Jueves',407,1),(2751,'Miércoles',407,1),(2752,'Martes',407,1),(2753,'Lunes',407,1),(2754,'Viernes',427,1),(2755,'Sábado',427,1),(2756,'Viernes',428,1),(2757,'Miércoles',428,1),(2758,'Jueves',428,1),(2759,'Lunes',428,1),(2760,'Domingo',429,1),(2761,'Jueves',429,1),(2762,'Lunes',430,1),(2763,'Martes',430,1),(2764,'Sábado',430,1),(2765,'Miércoles',430,1),(2766,'Martes',431,1),(2767,'Domingo',431,1),(2768,'Viernes',431,1),(2769,'Miércoles',431,1),(2770,'Lunes',432,1),(2771,'Miércoles',432,1),(2772,'Martes',432,1),(2773,'Sábado',432,1),(2774,'Jueves',432,1),(2775,'Jueves',433,1),(2776,'Martes',433,1),(2777,'Viernes',433,1),(2778,'Sábado',433,1),(2779,'Lunes',433,1),(2780,'Domingo',434,1),(2781,'Viernes',434,1),(2782,'Lunes',434,1),(2783,'Martes',434,1),(2784,'Sábado',435,1),(2785,'Jueves',435,1),(2786,'Sábado',436,1),(2787,'Domingo',436,1),(2788,'Jueves',436,1),(2789,'Martes',437,1),(2790,'Lunes',438,1),(2791,'Jueves',438,1),(2792,'Lunes',439,1),(2793,'Jueves',439,1),(2794,'Domingo',439,1),(2795,'Sábado',439,1),(2796,'Miércoles',439,1),(2797,'Viernes',440,1),(2798,'Martes',440,1),(2799,'Jueves',440,1),(2800,'Lunes',440,1),(2801,'Sábado',440,1),(2802,'Domingo',441,1),(2803,'Viernes',441,1),(2804,'Miércoles',441,1),(2805,'Martes',441,1),(2806,'Jueves',441,1),(2807,'Jueves',442,1),(2808,'Miércoles',442,1),(2809,'Sábado',442,1),(2810,'Viernes',442,1),(2811,'Martes',442,1),(2812,'Martes',443,1),(2813,'Sábado',443,1),(2814,'Miércoles',443,1),(2815,'Lunes',443,1),(2816,'Jueves',443,1),(2817,'Jueves',444,1),(2818,'Lunes',444,1),(2819,'Miércoles',444,1),(2820,'Sábado',444,1),(2821,'Viernes',444,1),(2822,'Viernes',445,1),(2823,'Martes',445,1),(2824,'Jueves',445,1),(2825,'Miércoles',445,1),(2826,'Sábado',445,1),(2827,'Martes',446,1),(2828,'Domingo',446,1),(2829,'Martes',447,1),(2830,'Lunes',447,1),(2831,'Sábado',447,1),(2832,'Miércoles',447,1),(2833,'Viernes',447,1),(2834,'Martes',448,1),(2835,'Lunes',448,1),(2836,'Jueves',449,1),(2837,'Domingo',449,1),(2838,'Sábado',449,1),(2839,'Miércoles',449,1),(2840,'Lunes',449,1),(2841,'Domingo',450,1),(2842,'Sábado',450,1),(2843,'Jueves',450,1),(2844,'Lunes',451,1),(2845,'Jueves',451,1),(2846,'Viernes',451,1),(2847,'Domingo',452,1),(2848,'Jueves',452,1),(2849,'Martes',452,1),(2850,'Miércoles',452,1),(2851,'Miércoles',453,1),(2852,'Lunes',453,1),(2853,'Sábado',453,1),(2854,'Domingo',453,1),(2855,'Lunes',454,1),(2856,'Sábado',454,1),(2857,'Viernes',454,1),(2858,'Martes',454,1),(2859,'Miércoles',454,1),(2860,'Martes',455,1),(2861,'Sábado',455,1),(2862,'Jueves',455,1),(2863,'Viernes',455,1),(2864,'Viernes',456,1),(2865,'Domingo',456,1),(2866,'Sábado',456,1),(2867,'Lunes',457,1),(2868,'Miércoles',457,1),(2869,'Jueves',457,1),(2870,'Viernes',457,1),(2871,'Martes',457,1),(2872,'Domingo',458,1),(2873,'Miércoles',458,1),(2874,'Lunes',458,1),(2875,'Jueves',458,1),(2876,'Viernes',459,1),(2877,'Miércoles',459,1),(2878,'Sábado',459,1),(2879,'Viernes',460,1),(2880,'Martes',460,1),(2881,'Domingo',460,1),(2882,'Sábado',460,1),(2883,'Miércoles',460,1),(2884,'Martes',451,1),(2885,'Miércoles',461,1),(2886,'Martes',461,1),(2887,'Domingo',461,1),(2888,'Jueves',462,1),(2889,'Miércoles',462,1),(2890,'Martes',462,1),(2891,'Domingo',462,1),(2892,'Lunes',462,1),(2893,'Domingo',463,1),(2894,'Martes',463,1),(2895,'Miércoles',464,1),(2896,'Viernes',464,1),(2897,'Lunes',464,1),(2898,'Domingo',464,1),(2899,'Sábado',464,1),(2900,'Domingo',418,1),(2901,'Sábado',418,1),(2902,'Miércoles',418,1),(2903,'Martes',465,1),(2904,'Sábado',465,1),(2905,'Lunes',465,1),(2906,'Martes',466,1),(2907,'Lunes',466,1),(2908,'Viernes',466,1),(2909,'Miércoles',466,1),(2910,'Sábado',466,1),(2911,'Domingo',467,1),(2912,'Martes',468,1),(2913,'Miércoles',456,1),(2914,'Martes',456,1),(2915,'Jueves',456,1),(2916,'Lunes',469,1),(2917,'Jueves',469,1),(2918,'Martes',469,1),(2919,'Domingo',469,1),(2920,'Miércoles',469,1),(2921,'Miércoles',470,1),(2922,'Sábado',470,1),(2923,'Martes',470,1),(2924,'Jueves',470,1),(2925,'Jueves',471,1),(2926,'Martes',471,1),(2927,'Viernes',471,1),(2928,'Miércoles',471,1),(2929,'Sábado',472,1),(2930,'Jueves',473,1),(2931,'Martes',473,1),(2932,'Sábado',473,1),(2933,'Domingo',473,1),(2934,'Miércoles',473,1),(2935,'Viernes',474,1),(2936,'Sábado',474,1),(2937,'Domingo',474,1),(2938,'Jueves',474,1),(2939,'Jueves',475,1),(2940,'Martes',475,1),(2941,'Miércoles',475,1),(2942,'Lunes',475,1),(2943,'Miércoles',476,1),(2944,'Sábado',476,1),(2945,'Miércoles',477,1),(2946,'Jueves',477,1),(2947,'Martes',477,1),(2948,'Sábado',478,1),(2949,'Lunes',478,1),(2950,'Viernes',478,1),(2951,'Jueves',478,1),(2952,'Sábado',479,1),(2953,'Miércoles',479,1),(2954,'Sábado',480,1),(2955,'Jueves',480,1),(2956,'Lunes',480,1),(2957,'Miércoles',480,1),(2958,'Sábado',481,1),(2959,'Domingo',482,1),(2960,'Viernes',482,1),(2961,'Lunes',425,1),(2962,'Miércoles',483,1),(2963,'Sábado',484,1),(2964,'Domingo',484,1),(2965,'Martes',484,1),(2966,'Miércoles',484,1),(2967,'Martes',485,1),(2968,'Viernes',485,1),(2969,'Jueves',485,1),(2970,'Lunes',442,1),(2971,'Domingo',486,1),(2972,'Lunes',487,1),(2973,'Miércoles',487,1),(2974,'Domingo',487,1),(2975,'Jueves',488,1),(2976,'Domingo',488,1),(2977,'Viernes',483,1),(2978,'Jueves',483,1),(2979,'Domingo',483,1),(2980,'Viernes',489,1),(2981,'Domingo',489,1),(2982,'Lunes',489,1),(2983,'Sábado',489,1),(2984,'Miércoles',489,1),(2985,'Lunes',490,1),(2986,'Sábado',469,1),(2987,'Viernes',469,1),(2988,'Viernes',491,1),(2989,'Domingo',491,1),(2990,'Martes',491,1),(2991,'Sábado',485,1),(2992,'Miércoles',485,1),(2993,'Domingo',485,1),(2994,'Jueves',492,1),(2995,'Martes',492,1),(2996,'Miércoles',492,1),(2997,'Domingo',492,1),(2998,'Sábado',492,1),(2999,'Domingo',493,1),(3000,'Miércoles',493,1),(3001,'Viernes',493,1),(3002,'Jueves',494,1),(3003,'Martes',494,1),(3004,'Domingo',494,1),(3005,'Sábado',494,1),(3006,'Viernes',494,1),(3007,'Sábado',495,1),(3008,'Domingo',495,1),(3009,'Miércoles',495,1),(3010,'Martes',495,1),(3011,'Lunes',495,1),(3012,'Sábado',496,1),(3013,'Jueves',496,1),(3014,'Martes',496,1),(3015,'Domingo',496,1),(3016,'Viernes',497,1),(3017,'Martes',497,1),(3018,'Domingo',497,1),(3019,'Jueves',497,1),(3020,'Lunes',498,1),(3021,'Sábado',498,1),(3022,'Domingo',498,1),(3023,'Viernes',498,1),(3024,'Domingo',499,1),(3025,'Viernes',499,1),(3026,'Jueves',499,1),(3027,'Lunes',499,1),(3028,'Lunes',455,1),(3029,'Domingo',455,1),(3030,'Jueves',500,1),(3031,'Miércoles',500,1),(3032,'Domingo',500,1),(3033,'Martes',500,1),(3034,'Domingo',501,1),(3035,'Viernes',501,1),(3036,'Sábado',501,1),(3037,'Jueves',501,1),(3038,'Lunes',502,1),(3039,'Sábado',502,1),(3040,'Martes',502,1),(3041,'Miércoles',502,1),(3042,'Sábado',503,1),(3043,'Miércoles',503,1),(3044,'Viernes',503,1),(3045,'Lunes',483,1),(3046,'Sábado',483,1),(3047,'Martes',483,1),(3048,'Jueves',489,1),(3049,'Jueves',504,1),(3050,'Sábado',504,1),(3051,'Miércoles',505,1),(3052,'Sábado',505,1),(3053,'Domingo',505,1),(3054,'Martes',506,1),(3055,'Sábado',506,1),(3056,'Domingo',480,1),(3057,'Sábado',507,1),(3058,'Viernes',507,1),(3059,'Domingo',507,1),(3060,'Jueves',507,1),(3061,'Viernes',463,1),(3062,'Miércoles',508,1),(3063,'Viernes',508,1),(3064,'Domingo',509,1),(3065,'Martes',509,1),(3066,'Lunes',429,1),(3067,'Martes',429,1),(3068,'Viernes',496,1),(3069,'Miércoles',510,1),(3070,'Sábado',511,1),(3071,'Jueves',511,1),(3072,'Sábado',512,1),(3073,'Martes',512,1),(3074,'Lunes',512,1),(3075,'Domingo',512,1),(3076,'Jueves',512,1),(3077,'Jueves',513,1),(3078,'Sábado',513,1),(3079,'Domingo',514,1),(3080,'Sábado',515,1),(3081,'Jueves',448,1),(3082,'Sábado',448,1),(3083,'Viernes',448,1),(3084,'Lunes',516,1),(3085,'Miércoles',516,1),(3086,'Domingo',516,1),(3087,'Domingo',517,1),(3088,'Martes',517,1),(3089,'Lunes',517,1),(3090,'Lunes',518,1),(3091,'Sábado',518,1),(3092,'Viernes',518,1),(3093,'Jueves',495,1),(3094,'Viernes',519,1),(3095,'Sábado',520,1),(3096,'Miércoles',520,1),(3097,'Jueves',520,1),(3098,'Domingo',520,1),(3099,'Viernes',520,1),(3100,'Viernes',521,1),(3101,'Lunes',521,1),(3102,'Domingo',521,1),(3103,'Domingo',522,1),(3104,'Lunes',522,1),(3105,'Sábado',522,1),(3106,'Sábado',461,1),(3107,'Lunes',461,1),(3108,'Jueves',523,1),(3109,'Viernes',523,1),(3110,'Miércoles',523,1),(3111,'Domingo',524,1),(3112,'Miércoles',524,1),(3113,'Viernes',524,1),(3114,'Sábado',524,1),(3115,'Jueves',522,1),(3116,'Viernes',522,1),(3117,'Martes',435,1),(3118,'Lunes',435,1),(3119,'Miércoles',435,1),(3120,'Viernes',525,1),(3121,'Miércoles',525,1),(3122,'Jueves',525,1),(3123,'Sábado',526,1),(3124,'Lunes',481,1),(3125,'Domingo',481,1),(3126,'Martes',481,1),(3127,'Jueves',481,1),(3128,'Lunes',527,1),(3129,'Jueves',527,1),(3130,'Viernes',527,1),(3131,'Sábado',527,1),(3132,'Domingo',528,1),(3133,'Miércoles',528,1),(3134,'Jueves',528,1),(3135,'Domingo',529,1),(3136,'Miércoles',529,1),(3137,'Viernes',529,1),(3138,'Jueves',529,1),(3139,'Viernes',530,1),(3140,'Sábado',530,1),(3141,'Jueves',530,1),(3142,'Sábado',531,1),(3143,'Martes',531,1),(3144,'Lunes',531,1),(3145,'Martes',507,1),(3146,'Martes',532,1),(3147,'Jueves',533,1),(3148,'Sábado',533,1),(3149,'Martes',533,1),(3150,'Lunes',533,1),(3151,'Viernes',533,1),(3152,'Viernes',534,1),(3153,'Miércoles',534,1),(3154,'Domingo',534,1),(3155,'Lunes',535,1),(3156,'Miércoles',535,1),(3157,'Domingo',535,1),(3158,'Martes',535,1),(3159,'Domingo',536,1),(3160,'Domingo',537,1),(3161,'Martes',537,1),(3162,'Viernes',537,1),(3163,'Sábado',537,1),(3164,'Jueves',538,1),(3165,'Martes',538,1),(3166,'Lunes',538,1),(3167,'Viernes',538,1),(3168,'Sábado',538,1),(3169,'Martes',539,1),(3170,'Viernes',539,1),(3171,'Lunes',539,1),(3172,'Miércoles',539,1),(3173,'Jueves',539,1),(3174,'Martes',540,1),(3175,'Viernes',540,1),(3176,'Miércoles',540,1),(3177,'Lunes',540,1),(3178,'Jueves',540,1),(3179,'Jueves',541,1),(3180,'Domingo',541,1),(3181,'Martes',541,1),(3182,'Lunes',541,1),(3183,'Martes',542,1),(3184,'Lunes',542,1),(3185,'Domingo',542,1),(3186,'Domingo',543,1),(3187,'Viernes',543,1),(3188,'Miércoles',543,1),(3189,'Domingo',466,1),(3190,'Viernes',510,1),(3191,'Sábado',510,1),(3192,'Domingo',510,1),(3193,'Martes',510,1),(3194,'Viernes',544,1),(3195,'Martes',544,1),(3196,'Sábado',544,1),(3197,'Miércoles',544,1),(3198,'Jueves',544,1),(3199,'Martes',545,1),(3200,'Lunes',546,1),(3201,'Sábado',546,1),(3202,'Domingo',546,1),(3203,'Miércoles',547,1),(3204,'Miércoles',548,1),(3205,'Martes',548,1),(3206,'Jueves',548,1),(3207,'Miércoles',496,1),(3208,'Sábado',549,1),(3209,'Viernes',549,1),(3210,'Martes',549,1),(3211,'Lunes',549,1),(3212,'Miércoles',549,1),(3213,'Lunes',548,1),(3214,'Sábado',548,1),(3215,'Domingo',548,1),(3216,'Sábado',550,1),(3217,'Miércoles',550,1),(3218,'Martes',550,1),(3219,'Jueves',550,1),(3220,'Domingo',550,1),(3221,'Martes',551,1),(3222,'Sábado',551,1),(3223,'Lunes',551,1),(3224,'Miércoles',551,1),(3225,'Jueves',551,1),(3226,'Viernes',552,1),(3227,'Domingo',552,1),(3228,'Sábado',552,1),(3229,'Lunes',552,1),(3230,'Jueves',552,1),(3231,'Domingo',515,1),(3232,'Miércoles',515,1),(3233,'Martes',515,1),(3234,'Viernes',515,1),(3235,'Miércoles',504,1),(3236,'Domingo',504,1),(3237,'Domingo',553,1),(3238,'Martes',553,1),(3239,'Jueves',472,1),(3240,'Lunes',472,1),(3241,'Sábado',514,1),(3242,'Viernes',514,1),(3243,'Miércoles',514,1),(3244,'Jueves',514,1),(3245,'Martes',514,1),(3246,'Miércoles',554,1),(3247,'Domingo',555,1),(3248,'Domingo',551,1),(3249,'Viernes',556,1),(3250,'Domingo',556,1),(3251,'Jueves',557,1),(3252,'Viernes',558,1),(3253,'Sábado',558,1),(3254,'Jueves',558,1),(3255,'Domingo',558,1),(3256,'Lunes',558,1),(3257,'Viernes',559,1),(3258,'Domingo',559,1),(3259,'Jueves',559,1),(3260,'Lunes',559,1),(3261,'Martes',559,1),(3262,'Martes',499,1),(3263,'Sábado',560,1),(3264,'Domingo',560,1),(3265,'Martes',560,1),(3266,'Miércoles',560,1),(3267,'Viernes',560,1),(3268,'Lunes',561,1),(3269,'Viernes',561,1),(3270,'Miércoles',561,1),(3271,'Sábado',561,1),(3272,'Lunes',562,1),(3273,'Viernes',562,1),(3274,'Viernes',563,1),(3275,'Viernes',526,1),(3276,'Martes',564,1),(3277,'Miércoles',564,1),(3278,'Domingo',564,1),(3279,'Jueves',564,1),(3280,'Sábado',564,1),(3281,'Martes',565,1),(3282,'Sábado',565,1),(3283,'Jueves',565,1),(3284,'Viernes',565,1),(3285,'Miércoles',565,1),(3286,'Sábado',566,1),(3287,'Martes',479,1),(3288,'Jueves',479,1),(3289,'Domingo',465,1),(3290,'Domingo',567,1),(3291,'Miércoles',567,1),(3292,'Martes',567,1),(3293,'Jueves',567,1),(3294,'Lunes',567,1),(3295,'Jueves',568,1),(3296,'Lunes',568,1),(3297,'Martes',568,1),(3298,'Sábado',568,1),(3299,'Martes',411,1),(3300,'Miércoles',411,1),(3301,'Jueves',411,1),(3302,'Jueves',461,1),(3303,'Viernes',569,1),(3304,'Miércoles',569,1),(3305,'Jueves',569,1),(3306,'Martes',569,1),(3307,'Lunes',569,1),(3308,'Jueves',570,1),(3309,'Domingo',570,1),(3310,'Miércoles',570,1),(3311,'Sábado',570,1),(3312,'Jueves',571,1),(3313,'Domingo',571,1),(3314,'Jueves',572,1),(3315,'Miércoles',572,1),(3316,'Viernes',572,1),(3317,'Sábado',572,1),(3318,'Martes',572,1),(3319,'Lunes',566,1),(3320,'Viernes',566,1),(3321,'Jueves',566,1),(3322,'Viernes',573,1),(3323,'Martes',574,1),(3324,'Lunes',574,1),(3325,'Miércoles',574,1),(3326,'Domingo',574,1),(3327,'Jueves',574,1),(3328,'Sábado',575,1),(3329,'Viernes',575,1),(3330,'Miércoles',575,1),(3331,'Jueves',575,1),(3332,'Sábado',555,1),(3333,'Lunes',555,1),(3334,'Martes',555,1),(3335,'Miércoles',576,1),(3336,'Martes',577,1),(3337,'Domingo',472,1),(3338,'Martes',472,1),(3339,'Miércoles',472,1),(3340,'Sábado',452,1),(3341,'Lunes',452,1),(3342,'Domingo',457,1),(3343,'Jueves',542,1),(3344,'Viernes',578,1),(3345,'Jueves',509,1),(3346,'Lunes',579,1),(3347,'Viernes',579,1),(3348,'Miércoles',580,1),(3349,'Viernes',580,1),(3350,'Domingo',580,1),(3351,'Martes',580,1),(3352,'Jueves',581,1),(3353,'Miércoles',538,1),(3354,'Lunes',582,1),(3355,'Jueves',582,1),(3356,'Viernes',582,1),(3357,'Martes',582,1),(3358,'Domingo',582,1),(3359,'Domingo',583,1),(3360,'Martes',583,1),(3361,'Jueves',583,1),(3362,'Miércoles',583,1),(3363,'Jueves',518,1),(3364,'Martes',518,1),(3365,'Lunes',564,1),(3366,'Viernes',564,1),(3367,'Miércoles',584,1),(3368,'Viernes',584,1),(3369,'Sábado',576,1),(3370,'Sábado',441,1),(3371,'Lunes',441,1),(3372,'Martes',501,1),(3373,'Sábado',446,1),(3374,'Miércoles',446,1),(3375,'Domingo',585,1),(3376,'Martes',585,1),(3377,'Miércoles',585,1),(3378,'Sábado',585,1),(3379,'Lunes',585,1),(3380,'Lunes',586,1),(3381,'Miércoles',586,1),(3382,'Domingo',587,1),(3383,'Martes',587,1),(3384,'Jueves',587,1),(3385,'Lunes',587,1),(3386,'Lunes',570,1),(3387,'Sábado',434,1),(3388,'Miércoles',434,1),(3389,'Jueves',434,1),(3390,'Lunes',588,1),(3391,'Lunes',589,1),(3392,'Martes',556,1),(3393,'Sábado',556,1),(3394,'Jueves',556,1),(3395,'Lunes',556,1),(3396,'Viernes',590,1),(3397,'Lunes',590,1),(3398,'Domingo',590,1),(3399,'Martes',409,1),(3400,'Lunes',409,1),(3401,'Miércoles',591,1),(3402,'Martes',591,1),(3403,'Sábado',591,1),(3404,'Domingo',592,1),(3405,'Martes',592,1),(3406,'Viernes',592,1),(3407,'Miércoles',592,1),(3408,'Miércoles',568,1),(3409,'Viernes',568,1),(3410,'Miércoles',478,1),(3411,'Jueves',423,1),(3412,'Domingo',423,1),(3413,'Miércoles',593,1),(3414,'Viernes',593,1),(3415,'Domingo',593,1),(3416,'Viernes',594,1),(3417,'Sábado',594,1),(3418,'Domingo',594,1),(3419,'Domingo',508,1),(3420,'Lunes',508,1),(3421,'Domingo',435,1),(3422,'Viernes',435,1),(3423,'Martes',595,1),(3424,'Miércoles',595,1),(3425,'Jueves',595,1),(3426,'Viernes',595,1),(3427,'Domingo',595,1),(3428,'Domingo',476,1),(3429,'Viernes',476,1),(3430,'Lunes',468,1),(3431,'Sábado',468,1),(3432,'Miércoles',468,1),(3433,'Domingo',468,1),(3434,'Sábado',574,1),(3435,'Domingo',445,1),(3436,'Domingo',596,1),(3437,'Viernes',596,1),(3438,'Martes',596,1),(3439,'Sábado',593,1),(3440,'Lunes',593,1),(3441,'Lunes',597,1),(3442,'Sábado',597,1),(3443,'Miércoles',597,1),(3444,'Viernes',597,1),(3445,'Domingo',597,1),(3446,'Jueves',598,1),(3447,'Domingo',598,1),(3448,'Martes',598,1),(3449,'Viernes',598,1),(3450,'Viernes',599,1),(3451,'Domingo',599,1),(3452,'Sábado',599,1),(3453,'Martes',599,1),(3454,'Lunes',599,1),(3455,'Miércoles',600,1),(3456,'Jueves',601,1),(3457,'Lunes',602,1),(3458,'Jueves',602,1),(3459,'Miércoles',602,1),(3460,'Lunes',603,1),(3461,'Miércoles',603,1),(3462,'Domingo',603,1),(3463,'Sábado',603,1),(3464,'Viernes',603,1),(3465,'Sábado',604,1),(3466,'Domingo',604,1),(3467,'Jueves',604,1),(3468,'Lunes',604,1),(3469,'Martes',604,1),(3470,'Jueves',605,1),(3471,'Viernes',605,1),(3472,'Miércoles',605,1),(3473,'Domingo',605,1),(3474,'Martes',522,1),(3475,'Lunes',606,1),(3476,'Viernes',606,1),(3477,'Sábado',606,1),(3478,'Domingo',606,1),(3479,'Jueves',607,1),(3480,'Domingo',607,1),(3481,'Viernes',607,1),(3482,'Sábado',607,1),(3483,'Lunes',608,1),(3484,'Jueves',609,1),(3485,'Domingo',609,1),(3486,'Martes',609,1),(3487,'Jueves',486,1),(3488,'Martes',486,1),(3489,'Lunes',486,1),(3490,'Viernes',481,1),(3491,'Martes',610,1),(3492,'Sábado',611,1),(3493,'Martes',611,1),(3494,'Domingo',611,1),(3495,'Lunes',611,1),(3496,'Lunes',471,1),(3497,'Domingo',471,1),(3498,'Martes',612,1),(3499,'Viernes',612,1),(3500,'Lunes',510,1),(3501,'Viernes',613,1),(3502,'Jueves',613,1),(3503,'Lunes',613,1),(3504,'Domingo',428,1),(3505,'Viernes',614,1),(3506,'Jueves',490,1),(3507,'Miércoles',490,1),(3508,'Martes',490,1),(3509,'Domingo',490,1),(3510,'Viernes',541,1),(3511,'Domingo',584,1),(3512,'Martes',584,1),(3513,'Jueves',560,1),(3514,'Lunes',615,1),(3515,'Miércoles',615,1),(3516,'Lunes',616,1),(3517,'Martes',616,1),(3518,'Miércoles',616,1),(3519,'Jueves',616,1),(3520,'Domingo',616,1),(3521,'Sábado',451,1),(3522,'Lunes',617,1),(3523,'Martes',617,1),(3524,'Jueves',617,1),(3525,'Sábado',617,1),(3526,'Martes',618,1),(3527,'Viernes',618,1),(3528,'Domingo',618,1),(3529,'Miércoles',619,1),(3530,'Lunes',619,1),(3531,'Domingo',619,1),(3532,'Viernes',619,1),(3533,'Miércoles',542,1),(3534,'Viernes',542,1),(3535,'Lunes',620,1),(3536,'Miércoles',621,1),(3537,'Lunes',621,1),(3538,'Viernes',621,1),(3539,'Jueves',621,1),(3540,'Sábado',621,1),(3541,'Martes',622,1),(3542,'Miércoles',598,1),(3543,'Martes',623,1),(3544,'Viernes',623,1),(3545,'Sábado',623,1),(3546,'Lunes',623,1),(3547,'Jueves',466,1),(3548,'Domingo',470,1),(3549,'Miércoles',624,1),(3550,'Jueves',624,1),(3551,'Domingo',624,1),(3552,'Lunes',625,1),(3553,'Sábado',625,1),(3554,'Viernes',407,1),(3555,'Sábado',626,1),(3556,'Domingo',626,1),(3557,'Jueves',503,1),(3558,'Domingo',503,1),(3559,'Viernes',627,1),(3560,'Lunes',627,1),(3561,'Martes',627,1),(3562,'Domingo',628,1),(3563,'Martes',628,1),(3564,'Miércoles',628,1),(3565,'Lunes',629,1),(3566,'Jueves',629,1),(3567,'Sábado',630,1),(3568,'Jueves',630,1),(3569,'Martes',630,1),(3570,'Domingo',630,1),(3571,'Viernes',630,1),(3572,'Viernes',631,1),(3573,'Jueves',427,1),(3574,'Jueves',578,1),(3575,'Miércoles',578,1),(3576,'Martes',557,1),(3577,'Miércoles',557,1),(3578,'Domingo',557,1),(3579,'Viernes',632,1),(3580,'Jueves',632,1),(3581,'Sábado',632,1),(3582,'Viernes',633,1),(3583,'Lunes',633,1),(3584,'Jueves',633,1),(3585,'Miércoles',633,1),(3586,'Martes',439,1),(3587,'Viernes',548,1),(3588,'Lunes',634,1),(3589,'Sábado',584,1),(3590,'Jueves',584,1),(3591,'Jueves',635,1),(3592,'Jueves',636,1),(3593,'Lunes',450,1),(3594,'Martes',546,1),(3595,'Viernes',546,1),(3596,'Miércoles',546,1),(3597,'Lunes',637,1),(3598,'Viernes',571,1),(3599,'Miércoles',571,1),(3600,'Sábado',571,1),(3601,'Martes',571,1),(3602,'Lunes',571,1),(3603,'Miércoles',638,1),(3604,'Viernes',639,1),(3605,'Miércoles',639,1),(3606,'Jueves',639,1),(3607,'Lunes',639,1),(3608,'Jueves',640,1),(3609,'Sábado',640,1),(3610,'Domingo',640,1),(3611,'Martes',640,1),(3612,'Lunes',640,1),(3613,'Domingo',641,1),(3614,'Viernes',641,1),(3615,'Sábado',641,1),(3616,'Domingo',627,1),(3617,'Sábado',423,1),(3618,'Martes',423,1),(3619,'Sábado',413,1),(3620,'Lunes',413,1),(3621,'Domingo',451,1),(3622,'Martes',593,1),(3623,'Sábado',642,1),(3624,'Miércoles',642,1),(3625,'Viernes',642,1),(3626,'Domingo',642,1),(3627,'Martes',643,1),(3628,'Domingo',643,1),(3629,'Jueves',644,1),(3630,'Miércoles',644,1),(3631,'Martes',644,1),(3632,'Lunes',644,1),(3633,'Jueves',622,1),(3634,'Miércoles',622,1),(3635,'Jueves',627,1),(3636,'Jueves',645,1),(3637,'Domingo',645,1),(3638,'Lunes',492,1),(3639,'Viernes',492,1),(3640,'Martes',436,1),(3641,'Miércoles',436,1),(3642,'Martes',570,1),(3643,'Viernes',646,1),(3644,'Sábado',646,1),(3645,'Martes',646,1),(3646,'Sábado',647,1),(3647,'Miércoles',647,1),(3648,'Martes',647,1),(3649,'Domingo',416,1),(3650,'Viernes',648,1),(3651,'Jueves',648,1),(3652,'Miércoles',648,1),(3653,'Domingo',648,1),(3654,'Domingo',581,1),(3655,'Lunes',641,1),(3656,'Martes',641,1),(3657,'Jueves',641,1),(3658,'Lunes',649,1),(3659,'Viernes',650,1),(3660,'Miércoles',650,1),(3661,'Sábado',650,1),(3662,'Domingo',454,1),(3663,'Jueves',454,1),(3664,'Martes',651,1),(3665,'Jueves',651,1),(3666,'Sábado',651,1),(3667,'Lunes',652,1),(3668,'Viernes',652,1),(3669,'Miércoles',652,1),(3670,'Domingo',652,1),(3671,'Jueves',652,1),(3672,'Jueves',653,1),(3673,'Domingo',653,1),(3674,'Viernes',654,1),(3675,'Lunes',654,1),(3676,'Domingo',654,1),(3677,'Miércoles',488,1),(3678,'Lunes',488,1),(3679,'Viernes',488,1),(3680,'Martes',655,1),(3681,'Domingo',634,1),(3682,'Martes',649,1),(3683,'Miércoles',649,1),(3684,'Viernes',656,1),(3685,'Miércoles',656,1),(3686,'Sábado',656,1),(3687,'Jueves',657,1),(3688,'Viernes',658,1),(3689,'Martes',658,1),(3690,'Miércoles',659,1),(3691,'Domingo',659,1),(3692,'Viernes',591,1),(3693,'Jueves',591,1),(3694,'Domingo',426,1),(3695,'Domingo',502,1),(3696,'Jueves',660,1),(3697,'Sábado',660,1),(3698,'Lunes',660,1),(3699,'Miércoles',660,1),(3700,'Martes',482,1),(3701,'Sábado',482,1),(3702,'Jueves',482,1),(3703,'Lunes',436,1),(3704,'Sábado',467,1),(3705,'Martes',467,1),(3706,'Lunes',467,1),(3707,'Domingo',661,1),(3708,'Martes',575,1),(3709,'Lunes',575,1),(3710,'Domingo',662,1),(3711,'Martes',662,1),(3712,'Miércoles',662,1),(3713,'Sábado',662,1),(3714,'Jueves',662,1),(3715,'Viernes',663,1),(3716,'Sábado',664,1),(3717,'Viernes',664,1),(3718,'Jueves',664,1),(3719,'Martes',665,1),(3720,'Jueves',665,1),(3721,'Sábado',665,1),(3722,'Viernes',665,1),(3723,'Lunes',665,1),(3724,'Viernes',643,1),(3725,'Lunes',643,1),(3726,'Jueves',643,1),(3727,'Miércoles',481,1),(3728,'Martes',524,1),(3729,'Domingo',443,1),(3730,'Lunes',666,1),(3731,'Martes',666,1),(3732,'Miércoles',666,1),(3733,'Miércoles',421,1),(3734,'Sábado',421,1),(3735,'Domingo',421,1),(3736,'Miércoles',420,1),(3737,'Miércoles',667,1),(3738,'Domingo',424,1),(3739,'Lunes',424,1),(3740,'Lunes',523,1),(3741,'Martes',668,1),(3742,'Domingo',668,1),(3743,'Lunes',668,1),(3744,'Miércoles',668,1),(3745,'Miércoles',669,1),(3746,'Martes',670,1),(3747,'Sábado',670,1),(3748,'Viernes',671,1),(3749,'Sábado',671,1),(3750,'Domingo',647,1),(3751,'Jueves',647,1),(3752,'Miércoles',474,1),(3753,'Viernes',672,1),(3754,'Lunes',673,1),(3755,'Viernes',673,1),(3756,'Jueves',674,1),(3757,'Viernes',674,1),(3758,'Lunes',674,1),(3759,'Martes',674,1),(3760,'Domingo',674,1),(3761,'Viernes',675,1),(3762,'Lunes',446,1),(3763,'Miércoles',491,1),(3764,'Lunes',557,1),(3765,'Viernes',557,1),(3766,'Sábado',557,1),(3767,'Viernes',676,1),(3768,'Domingo',676,1),(3769,'Jueves',620,1),(3770,'Jueves',437,1),(3771,'Lunes',437,1),(3772,'Domingo',437,1),(3773,'Martes',677,1),(3774,'Domingo',677,1),(3775,'Jueves',677,1),(3776,'Viernes',677,1),(3777,'Domingo',622,1),(3778,'Domingo',575,1),(3779,'Viernes',651,1),(3780,'Lunes',651,1),(3781,'Lunes',547,1),(3782,'Domingo',547,1),(3783,'Viernes',547,1),(3784,'Sábado',547,1),(3785,'Miércoles',559,1),(3786,'Sábado',559,1),(3787,'Jueves',532,1),(3788,'Domingo',532,1),(3789,'Sábado',438,1),(3790,'Viernes',678,1),(3791,'Jueves',678,1),(3792,'Miércoles',555,1),(3793,'Miércoles',614,1),(3794,'Jueves',614,1),(3795,'Sábado',614,1),(3796,'Domingo',413,1),(3797,'Sábado',462,1),(3798,'Martes',589,1),(3799,'Miércoles',589,1),(3800,'Domingo',589,1),(3801,'Viernes',679,1),(3802,'Lunes',679,1),(3803,'Miércoles',625,1),(3804,'Martes',625,1),(3805,'Viernes',616,1),(3806,'Sábado',616,1),(3807,'Viernes',680,1),(3808,'Jueves',680,1),(3809,'Sábado',680,1),(3810,'Miércoles',631,1),(3811,'Lunes',631,1),(3812,'Sábado',631,1),(3813,'Domingo',631,1),(3814,'Sábado',681,1),(3815,'Martes',681,1),(3816,'Viernes',681,1),(3817,'Jueves',681,1),(3818,'Domingo',660,1),(3819,'Martes',660,1),(3820,'Viernes',682,1),(3821,'Martes',682,1),(3822,'Domingo',682,1),(3823,'Miércoles',682,1),(3824,'Martes',683,1),(3825,'Viernes',683,1),(3826,'Miércoles',683,1),(3827,'Domingo',683,1),(3828,'Viernes',622,1),(3829,'Sábado',622,1),(3830,'Martes',421,1),(3831,'Jueves',421,1),(3832,'Viernes',684,1),(3833,'Miércoles',684,1),(3834,'Jueves',684,1),(3835,'Lunes',685,1),(3836,'Viernes',685,1),(3837,'Martes',685,1),(3838,'Sábado',686,1),(3839,'Domingo',686,1),(3840,'Jueves',686,1),(3841,'Jueves',599,1),(3842,'Viernes',687,1),(3843,'Martes',687,1),(3844,'Miércoles',641,1),(3845,'Sábado',613,1),(3846,'Martes',613,1),(3847,'Miércoles',613,1),(3848,'Domingo',613,1),(3849,'Miércoles',671,1),(3850,'Martes',530,1),(3851,'Domingo',688,1),(3852,'Jueves',688,1),(3853,'Jueves',689,1),(3854,'Domingo',689,1),(3855,'Viernes',689,1),(3856,'Lunes',689,1),(3857,'Domingo',690,1),(3858,'Miércoles',690,1),(3859,'Martes',690,1),(3860,'Lunes',690,1),(3861,'Jueves',690,1),(3862,'Sábado',691,1),(3863,'Domingo',691,1),(3864,'Viernes',691,1),(3865,'Domingo',623,1),(3866,'Miércoles',623,1),(3867,'Miércoles',437,1),(3868,'Viernes',437,1),(3869,'Lunes',692,1),(3870,'Sábado',692,1),(3871,'Sábado',532,1),(3872,'Miércoles',532,1),(3873,'Lunes',532,1),(3874,'Lunes',693,1),(3875,'Sábado',693,1),(3876,'Domingo',693,1),(3877,'Jueves',693,1),(3878,'Viernes',608,1),(3879,'Sábado',608,1),(3880,'Jueves',608,1),(3881,'Domingo',650,1),(3882,'Lunes',650,1),(3883,'Martes',650,1),(3884,'Lunes',572,1),(3885,'Domingo',572,1),(3886,'Martes',694,1),(3887,'Viernes',694,1),(3888,'Lunes',694,1),(3889,'Sábado',694,1),(3890,'Domingo',694,1),(3891,'Domingo',695,1),(3892,'Sábado',695,1),(3893,'Martes',695,1),(3894,'Lunes',695,1),(3895,'Viernes',695,1),(3896,'Lunes',632,1),(3897,'Viernes',555,1),(3898,'Jueves',676,1),(3899,'Miércoles',696,1),(3900,'Domingo',696,1),(3901,'Martes',697,1),(3902,'Viernes',697,1),(3903,'Jueves',697,1),(3904,'Martes',698,1),(3905,'Jueves',698,1),(3906,'Sábado',698,1),(3907,'Lunes',698,1),(3908,'Miércoles',698,1),(3909,'Martes',478,1),(3910,'Domingo',478,1),(3911,'Lunes',560,1),(3912,'Sábado',699,1),(3913,'Viernes',576,1),(3914,'Jueves',654,1),(3915,'Miércoles',556,1),(3916,'Lunes',500,1),(3917,'Sábado',700,1),(3918,'Jueves',700,1),(3919,'Lunes',700,1),(3920,'Lunes',701,1),(3921,'Miércoles',701,1),(3922,'Jueves',702,1),(3923,'Martes',702,1),(3924,'Lunes',702,1),(3925,'Martes',503,1),(3926,'Viernes',655,1),(3927,'Sábado',655,1),(3928,'Lunes',655,1),(3929,'Sábado',422,1),(3930,'Martes',422,1),(3931,'Jueves',576,1),(3932,'Martes',576,1),(3933,'Martes',659,1),(3934,'Jueves',659,1),(3935,'Lunes',513,1),(3936,'Miércoles',513,1),(3937,'Viernes',513,1),(3938,'Martes',513,1),(3939,'Viernes',634,1),(3940,'Jueves',634,1),(3941,'Miércoles',634,1),(3942,'Sábado',508,1),(3943,'Miércoles',611,1),(3944,'Lunes',529,1),(3945,'Martes',529,1),(3946,'Martes',450,1),(3947,'Miércoles',450,1),(3948,'Domingo',703,1),(3949,'Lunes',514,1),(3950,'Jueves',704,1),(3951,'Martes',704,1),(3952,'Domingo',704,1),(3953,'Viernes',704,1),(3954,'Jueves',579,1),(3955,'Martes',579,1),(3956,'Miércoles',579,1),(3957,'Lunes',705,1),(3958,'Martes',705,1),(3959,'Domingo',705,1),(3960,'Domingo',588,1),(3961,'Miércoles',588,1),(3962,'Domingo',706,1),(3963,'Miércoles',706,1),(3964,'Miércoles',606,1),(3965,'Jueves',606,1),(3966,'Viernes',611,1),(3967,'Jueves',611,1),(3968,'Domingo',657,1),(3969,'Viernes',707,1),(3970,'Domingo',707,1),(3971,'Jueves',707,1),(3972,'Miércoles',707,1),(3973,'Domingo',708,1),(3974,'Jueves',708,1),(3975,'Miércoles',708,1),(3976,'Miércoles',709,1),(3977,'Viernes',409,1),(3978,'Jueves',580,1),(3979,'Sábado',652,1),(3980,'Martes',652,1),(3981,'Viernes',710,1),(3982,'Domingo',710,1),(3983,'Martes',710,1),(3984,'Lunes',710,1),(3985,'Sábado',711,1),(3986,'Miércoles',711,1),(3987,'Domingo',712,1),(3988,'Lunes',712,1),(3989,'Jueves',712,1),(3990,'Sábado',696,1),(3991,'Martes',696,1),(3992,'Jueves',687,1),(3993,'Lunes',687,1),(3994,'Domingo',687,1),(3995,'Martes',526,1),(3996,'Domingo',430,1),(3997,'Viernes',550,1),(3998,'Domingo',506,1),(3999,'Miércoles',506,1),(4000,'Lunes',614,1),(4001,'Domingo',614,1),(4002,'Sábado',713,1),(4003,'Sábado',685,1),(4004,'Jueves',685,1),(4005,'Miércoles',685,1),(4006,'Sábado',714,1),(4007,'Lunes',714,1),(4008,'Miércoles',686,1),(4009,'Viernes',686,1),(4010,'Miércoles',587,1),(4011,'Viernes',587,1),(4012,'Sábado',417,1),(4013,'Jueves',417,1),(4014,'Lunes',408,1),(4015,'Sábado',715,1),(4016,'Martes',715,1),(4017,'Miércoles',715,1),(4018,'Viernes',715,1),(4019,'Lunes',715,1),(4020,'Lunes',716,1),(4021,'Viernes',716,1),(4022,'Sábado',716,1),(4023,'Domingo',716,1),(4024,'Martes',714,1),(4025,'Jueves',714,1),(4026,'Miércoles',714,1),(4027,'Viernes',714,1),(4028,'Jueves',668,1),(4029,'Lunes',678,1),(4030,'Sábado',678,1),(4031,'Miércoles',678,1),(4032,'Domingo',678,1),(4033,'Domingo',407,1),(4034,'Miércoles',717,1),(4035,'Sábado',717,1),(4036,'Domingo',639,1),(4037,'Jueves',718,1),(4038,'Martes',718,1),(4039,'Sábado',718,1),(4040,'Domingo',718,1),(4041,'Miércoles',718,1),(4042,'Martes',719,1),(4043,'Lunes',719,1),(4044,'Domingo',719,1),(4045,'Miércoles',674,1),(4046,'Sábado',674,1),(4047,'Viernes',666,1),(4048,'Jueves',666,1),(4049,'Domingo',666,1),(4050,'Miércoles',645,1),(4051,'Lunes',645,1),(4052,'Sábado',645,1),(4053,'Martes',645,1),(4054,'Sábado',666,1),(4055,'Jueves',476,1),(4056,'Lunes',515,1),(4057,'Jueves',720,1),(4058,'Lunes',720,1),(4059,'Miércoles',720,1),(4060,'Martes',720,1),(4061,'Sábado',720,1),(4062,'Martes',624,1),(4063,'Sábado',624,1),(4064,'Miércoles',721,1),(4065,'Viernes',721,1),(4066,'Jueves',721,1),(4067,'Domingo',721,1),(4068,'Martes',722,1),(4069,'Sábado',722,1),(4070,'Jueves',722,1),(4071,'Jueves',491,1),(4072,'Lunes',636,1),(4073,'Miércoles',636,1),(4074,'Martes',636,1),(4075,'Domingo',723,1),(4076,'Sábado',723,1),(4077,'Lunes',723,1),(4078,'Viernes',479,1),(4079,'Lunes',479,1),(4080,'Martes',709,1),(4081,'Domingo',709,1),(4082,'Viernes',709,1),(4083,'Martes',724,1),(4084,'Sábado',724,1),(4085,'Sábado',707,1),(4086,'Martes',561,1),(4087,'Sábado',677,1),(4088,'Miércoles',677,1),(4089,'Miércoles',545,1),(4090,'Domingo',545,1),(4091,'Lunes',545,1),(4092,'Sábado',725,1),(4093,'Martes',726,1),(4094,'Viernes',726,1),(4095,'Martes',680,1),(4096,'Lunes',680,1),(4097,'Miércoles',680,1),(4098,'Lunes',503,1),(4099,'Domingo',533,1),(4100,'Miércoles',533,1),(4101,'Miércoles',581,1),(4102,'Sábado',581,1),(4103,'Lunes',727,1),(4104,'Miércoles',727,1),(4105,'Viernes',727,1),(4106,'Sábado',728,1),(4107,'Lunes',728,1),(4108,'Miércoles',665,1),(4109,'Miércoles',693,1),(4110,'Jueves',655,1),(4111,'Lunes',725,1),(4112,'Domingo',725,1),(4113,'Miércoles',725,1),(4114,'Viernes',725,1),(4115,'Martes',607,1),(4116,'Domingo',530,1),(4117,'Jueves',610,1),(4118,'Sábado',610,1),(4119,'Miércoles',558,1),(4120,'Sábado',587,1),(4121,'Miércoles',729,1),(4122,'Sábado',729,1),(4123,'Domingo',729,1),(4124,'Jueves',729,1),(4125,'Viernes',729,1),(4126,'Martes',476,1),(4127,'Martes',730,1),(4128,'Lunes',730,1),(4129,'Sábado',730,1),(4130,'Jueves',730,1),(4131,'Sábado',567,1),(4132,'Viernes',693,1),(4133,'Martes',693,1),(4134,'Martes',527,1),(4135,'Viernes',462,1),(4136,'Jueves',731,1),(4137,'Lunes',731,1),(4138,'Sábado',731,1),(4139,'Jueves',732,1),(4140,'Viernes',732,1),(4141,'Martes',732,1),(4142,'Miércoles',732,1),(4143,'Sábado',732,1),(4144,'Lunes',733,1),(4145,'Viernes',733,1),(4146,'Domingo',733,1),(4147,'Lunes',659,1),(4148,'Viernes',659,1),(4149,'Miércoles',590,1),(4150,'Martes',590,1),(4151,'Sábado',562,1),(4152,'Jueves',562,1),(4153,'Martes',562,1),(4154,'Domingo',665,1),(4155,'Sábado',529,1),(4156,'Miércoles',423,1),(4157,'Lunes',423,1),(4158,'Lunes',524,1),(4159,'Sábado',704,1),(4160,'Domingo',734,1),(4161,'Viernes',734,1),(4162,'Miércoles',734,1),(4163,'Sábado',734,1),(4164,'Lunes',734,1),(4165,'Miércoles',522,1),(4166,'Martes',588,1),(4167,'Jueves',588,1),(4168,'Martes',597,1),(4169,'Viernes',735,1),(4170,'Viernes',436,1),(4171,'Jueves',465,1),(4172,'Viernes',465,1),(4173,'Viernes',570,1),(4174,'Miércoles',687,1),(4175,'Viernes',736,1),(4176,'Martes',736,1),(4177,'Lunes',736,1),(4178,'Lunes',544,1),(4179,'Lunes',718,1),(4180,'Domingo',444,1),(4181,'Sábado',737,1),(4182,'Sábado',738,1),(4183,'Viernes',738,1),(4184,'Domingo',711,1),(4185,'Lunes',711,1),(4186,'Viernes',504,1),(4187,'Lunes',504,1),(4188,'Martes',504,1),(4189,'Viernes',739,1),(4190,'Domingo',739,1),(4191,'Lunes',739,1),(4192,'Martes',635,1),(4193,'Domingo',635,1),(4194,'Miércoles',635,1),(4195,'Sábado',488,1),(4196,'Jueves',593,1),(4197,'Lunes',684,1),(4198,'Sábado',684,1),(4199,'Miércoles',740,1),(4200,'Viernes',696,1),(4201,'Jueves',594,1),(4202,'Miércoles',594,1),(4203,'Martes',594,1),(4204,'Viernes',551,1),(4205,'Jueves',546,1),(4206,'Martes',428,1),(4207,'Sábado',659,1),(4208,'Viernes',644,1),(4209,'Domingo',644,1),(4210,'Sábado',644,1),(4211,'Jueves',711,1),(4212,'Sábado',741,1),(4213,'Martes',741,1),(4214,'Viernes',741,1),(4215,'Miércoles',741,1),(4216,'Martes',424,1),(4217,'Viernes',742,1),(4218,'Jueves',742,1),(4219,'Lunes',742,1),(4220,'Domingo',714,1),(4221,'Domingo',699,1),(4222,'Jueves',699,1),(4223,'Viernes',743,1),(4224,'Martes',743,1),(4225,'Viernes',583,1),(4226,'Miércoles',697,1),(4227,'Domingo',697,1),(4228,'Sábado',697,1),(4229,'Miércoles',679,1),(4230,'Domingo',679,1),(4231,'Miércoles',658,1),(4232,'Sábado',658,1),(4233,'Jueves',658,1),(4234,'Lunes',658,1),(4235,'Lunes',744,1),(4236,'Sábado',744,1),(4237,'Miércoles',518,1),(4238,'Sábado',605,1),(4239,'Lunes',605,1),(4240,'Jueves',709,1),(4241,'Miércoles',536,1),(4242,'Sábado',536,1),(4243,'Jueves',725,1),(4244,'Miércoles',745,1),(4245,'Jueves',745,1),(4246,'Martes',745,1),(4247,'Lunes',745,1),(4248,'Sábado',657,1),(4249,'Viernes',746,1),(4250,'Domingo',746,1),(4251,'Sábado',491,1),(4252,'Sábado',747,1),(4253,'Domingo',747,1),(4254,'Jueves',747,1),(4255,'Martes',493,1),(4256,'Sábado',563,1),(4257,'Jueves',563,1),(4258,'Martes',563,1),(4259,'Domingo',563,1),(4260,'Jueves',710,1),(4261,'Jueves',586,1),(4262,'Domingo',586,1),(4263,'Martes',586,1),(4264,'Sábado',586,1),(4265,'Miércoles',748,1),(4266,'Domingo',748,1),(4267,'Jueves',748,1),(4268,'Viernes',574,1),(4269,'Sábado',635,1),(4270,'Lunes',635,1),(4271,'Lunes',653,1),(4272,'Domingo',414,1),(4273,'Miércoles',530,1),(4274,'Miércoles',640,1),(4275,'Viernes',640,1),(4276,'Martes',525,1),(4277,'Sábado',749,1),(4278,'Domingo',749,1),(4279,'Viernes',749,1),(4280,'Martes',489,1),(4281,'Lunes',726,1),(4282,'Sábado',636,1),(4283,'Sábado',648,1),(4284,'Lunes',648,1),(4285,'Sábado',750,1),(4286,'Miércoles',527,1),(4287,'Sábado',598,1),(4288,'Lunes',598,1),(4289,'Miércoles',751,1),(4290,'Jueves',751,1),(4291,'Viernes',698,1),(4292,'Domingo',698,1),(4293,'Martes',654,1),(4294,'Miércoles',654,1),(4295,'Lunes',630,1),(4296,'Miércoles',630,1),(4297,'Jueves',623,1),(4298,'Sábado',679,1),(4299,'Viernes',517,1),(4300,'Sábado',649,1),(4301,'Viernes',649,1),(4302,'Lunes',752,1),(4303,'Sábado',752,1),(4304,'Viernes',692,1),(4305,'Jueves',692,1),(4306,'Martes',692,1),(4307,'Domingo',442,1),(4308,'Sábado',519,1),(4309,'Miércoles',519,1),(4310,'Miércoles',753,1),(4311,'Jueves',734,1),(4312,'Jueves',459,1),(4313,'Lunes',459,1),(4314,'Domingo',459,1),(4315,'Miércoles',754,1),(4316,'Viernes',754,1),(4317,'Domingo',754,1),(4318,'Jueves',754,1),(4319,'Lunes',754,1),(4320,'Domingo',525,1),(4321,'Sábado',525,1),(4322,'Viernes',429,1),(4323,'Sábado',429,1),(4324,'Lunes',445,1),(4325,'Martes',453,1),(4326,'Jueves',502,1),(4327,'Viernes',502,1),(4328,'Lunes',431,1),(4329,'Sábado',755,1),(4330,'Viernes',755,1),(4331,'Domingo',755,1),(4332,'Miércoles',755,1),(4333,'Jueves',755,1),(4334,'Miércoles',670,1),(4335,'Lunes',743,1),(4336,'Domingo',743,1),(4337,'Viernes',756,1),(4338,'Jueves',756,1),(4339,'Martes',756,1),(4340,'Jueves',757,1),(4341,'Domingo',757,1),(4342,'Lunes',758,1),(4343,'Sábado',758,1),(4344,'Miércoles',758,1),(4345,'Domingo',433,1),(4346,'Lunes',755,1),(4347,'Miércoles',759,1),(4348,'Jueves',759,1),(4349,'Lunes',759,1),(4350,'Domingo',511,1),(4351,'Viernes',536,1),(4352,'Lunes',536,1),(4353,'Martes',754,1),(4354,'Lunes',672,1),(4355,'Jueves',625,1),(4356,'Viernes',625,1),(4357,'Viernes',711,1),(4358,'Martes',711,1),(4359,'Miércoles',760,1),(4360,'Miércoles',661,1),(4361,'Lunes',661,1),(4362,'Jueves',661,1),(4363,'Martes',661,1),(4364,'Sábado',639,1),(4365,'Martes',639,1),(4366,'Martes',747,1),(4367,'Viernes',747,1),(4368,'Domingo',761,1),(4369,'Miércoles',761,1),(4370,'Martes',761,1),(4371,'Martes',703,1),(4372,'Jueves',703,1),(4373,'Martes',406,1),(4374,'Domingo',610,1),(4375,'Lunes',699,1),(4376,'Miércoles',699,1),(4377,'Martes',699,1),(4378,'Miércoles',604,1),(4379,'Miércoles',762,1),(4380,'Lunes',762,1),(4381,'Martes',762,1),(4382,'Jueves',762,1),(4383,'Viernes',762,1),(4384,'Sábado',477,1),(4385,'Sábado',676,1),(4386,'Lunes',526,1),(4387,'Domingo',526,1),(4388,'Jueves',726,1),(4389,'Miércoles',726,1),(4390,'Sábado',687,1),(4391,'Lunes',671,1),(4392,'Domingo',671,1),(4393,'Martes',671,1),(4394,'Jueves',536,1),(4395,'Martes',712,1),(4396,'Sábado',712,1),(4397,'Lunes',642,1),(4398,'Lunes',507,1),(4399,'Martes',464,1),(4400,'Jueves',464,1),(4401,'Lunes',763,1),(4402,'Sábado',763,1),(4403,'Viernes',763,1),(4404,'Viernes',426,1),(4405,'Sábado',764,1),(4406,'Lunes',764,1),(4407,'Lunes',683,1),(4408,'Jueves',683,1),(4409,'Viernes',484,1),(4410,'Jueves',446,1),(4411,'Lunes',765,1),(4412,'Sábado',765,1),(4413,'Domingo',765,1),(4414,'Martes',739,1),(4415,'Jueves',739,1),(4416,'Domingo',750,1),(4417,'Jueves',750,1),(4418,'Sábado',600,1),(4419,'Domingo',762,1),(4420,'Sábado',753,1),(4421,'Jueves',753,1),(4422,'Viernes',443,1),(4423,'Jueves',719,1),(4424,'Viernes',719,1),(4425,'Miércoles',719,1),(4426,'Domingo',766,1),(4427,'Lunes',595,1),(4428,'Lunes',722,1),(4429,'Miércoles',722,1),(4430,'Viernes',661,1),(4431,'Jueves',543,1),(4432,'Domingo',432,1),(4433,'Viernes',767,1),(4434,'Domingo',767,1),(4435,'Miércoles',713,1),(4436,'Domingo',713,1),(4437,'Viernes',713,1),(4438,'Lunes',713,1),(4439,'Jueves',713,1),(4440,'Sábado',589,1),(4441,'Jueves',447,1),(4442,'Miércoles',620,1),(4443,'Sábado',601,1),(4444,'Sábado',768,1),(4445,'Lunes',768,1),(4446,'Jueves',769,1),(4447,'Martes',769,1),(4448,'Sábado',709,1),(4449,'Martes',723,1),(4450,'Jueves',723,1),(4451,'Miércoles',723,1),(4452,'Sábado',770,1),(4453,'Jueves',408,1),(4454,'Viernes',506,1),(4455,'Miércoles',735,1),(4456,'Martes',511,1),(4457,'Jueves',519,1),(4458,'Lunes',519,1),(4459,'Domingo',519,1),(4460,'Viernes',500,1),(4461,'Jueves',589,1),(4462,'Viernes',589,1),(4463,'Jueves',705,1),(4464,'Miércoles',705,1),(4465,'Viernes',645,1),(4466,'Viernes',554,1),(4467,'Jueves',554,1),(4468,'Martes',554,1),(4469,'Lunes',583,1),(4470,'Jueves',771,1),(4471,'Martes',771,1),(4472,'Lunes',772,1),(4473,'Sábado',772,1),(4474,'Miércoles',772,1),(4475,'Martes',772,1),(4476,'Viernes',772,1),(4477,'Lunes',554,1),(4478,'Domingo',554,1),(4479,'Sábado',431,1),(4480,'Jueves',431,1),(4481,'Domingo',636,1),(4482,'Viernes',636,1),(4483,'Sábado',773,1),(4484,'Lunes',773,1),(4485,'Martes',773,1),(4486,'Domingo',773,1),(4487,'Jueves',773,1),(4488,'Miércoles',410,1),(4489,'Martes',410,1),(4490,'Domingo',410,1),(4491,'Sábado',588,1),(4492,'Viernes',588,1),(4493,'Viernes',720,1),(4494,'Sábado',702,1),(4495,'Viernes',702,1),(4496,'Domingo',702,1),(4497,'Miércoles',655,1),(4498,'Domingo',655,1),(4499,'Martes',519,1),(4500,'Martes',505,1),(4501,'Lunes',505,1),(4502,'Jueves',505,1),(4503,'Martes',679,1),(4504,'Jueves',679,1),(4505,'Lunes',732,1),(4506,'Viernes',774,1),(4507,'Sábado',774,1),(4508,'Martes',774,1),(4509,'Jueves',775,1),(4510,'Viernes',775,1),(4511,'Martes',707,1),(4512,'Viernes',765,1),(4513,'Domingo',758,1),(4514,'Sábado',490,1),(4515,'Viernes',490,1),(4516,'Viernes',586,1),(4517,'Jueves',631,1),(4518,'Viernes',495,1),(4519,'Martes',776,1),(4520,'Sábado',776,1),(4521,'Jueves',526,1),(4522,'Martes',708,1),(4523,'Sábado',719,1),(4524,'Domingo',720,1),(4525,'Lunes',647,1),(4526,'Viernes',647,1),(4527,'Sábado',620,1),(4528,'Sábado',553,1),(4529,'Domingo',568,1),(4530,'Sábado',661,1),(4531,'Domingo',527,1),(4532,'Martes',642,1),(4533,'Jueves',642,1),(4534,'Sábado',653,1),(4535,'Jueves',777,1),(4536,'Martes',777,1),(4537,'Viernes',777,1),(4538,'Domingo',777,1),(4539,'Lunes',777,1),(4540,'Sábado',710,1),(4541,'Martes',778,1),(4542,'Viernes',778,1),(4543,'Jueves',778,1),(4544,'Sábado',778,1),(4545,'Jueves',779,1),(4546,'Viernes',779,1),(4547,'Lunes',779,1),(4548,'Martes',779,1),(4549,'Domingo',531,1),(4550,'Viernes',531,1),(4551,'Viernes',604,1),(4552,'Jueves',650,1),(4553,'Viernes',449,1),(4554,'Sábado',675,1),(4555,'Lunes',675,1),(4556,'Martes',675,1),(4557,'Martes',614,1),(4558,'Miércoles',626,1),(4559,'Martes',626,1),(4560,'Jueves',626,1),(4561,'Viernes',626,1),(4562,'Lunes',509,1),(4563,'Miércoles',509,1),(4564,'Lunes',594,1),(4565,'Martes',487,1),(4566,'Viernes',487,1),(4567,'Lunes',474,1),(4568,'Lunes',511,1),(4569,'Miércoles',566,1),(4570,'Domingo',566,1),(4571,'Martes',566,1),(4572,'Viernes',585,1),(4573,'Jueves',585,1),(4574,'Martes',581,1),(4575,'Lunes',581,1),(4576,'Viernes',581,1),(4577,'Miércoles',716,1),(4578,'Martes',716,1),(4579,'Domingo',617,1),(4580,'Miércoles',617,1),(4581,'Martes',760,1),(4582,'Domingo',760,1),(4583,'Sábado',780,1),(4584,'Jueves',780,1),(4585,'Lunes',780,1),(4586,'Domingo',780,1),(4587,'Lunes',525,1),(4588,'Domingo',518,1),(4589,'Martes',764,1),(4590,'Viernes',758,1),(4591,'Miércoles',438,1),(4592,'Viernes',438,1),(4593,'Martes',438,1),(4594,'Miércoles',465,1),(4595,'Domingo',732,1),(4596,'Jueves',781,1),(4597,'Miércoles',781,1),(4598,'Viernes',781,1),(4599,'Sábado',627,1),(4600,'Miércoles',429,1),(4601,'Lunes',663,1),(4602,'Domingo',663,1),(4603,'Jueves',663,1),(4604,'Sábado',663,1),(4605,'Sábado',428,1),(4606,'Domingo',448,1),(4607,'Martes',459,1),(4608,'Sábado',471,1),(4609,'Jueves',537,1),(4610,'Lunes',537,1),(4611,'Miércoles',731,1),(4612,'Viernes',731,1),(4613,'Domingo',731,1),(4614,'Martes',782,1),(4615,'Lunes',782,1),(4616,'Domingo',621,1),(4617,'Lunes',610,1),(4618,'Miércoles',610,1),(4619,'Lunes',783,1),(4620,'Viernes',783,1),(4621,'Sábado',783,1),(4622,'Martes',783,1),(4623,'Jueves',783,1),(4624,'Viernes',688,1),(4625,'Martes',688,1),(4626,'Lunes',688,1),(4627,'Miércoles',688,1),(4628,'Jueves',670,1),(4629,'Domingo',670,1),(4630,'Sábado',602,1),(4631,'Domingo',602,1),(4632,'Martes',602,1),(4633,'Jueves',506,1),(4634,'Lunes',708,1),(4635,'Miércoles',646,1),(4636,'Domingo',646,1),(4637,'Lunes',646,1),(4638,'Lunes',657,1),(4639,'Miércoles',657,1),(4640,'Martes',657,1),(4641,'Jueves',419,1),(4642,'Domingo',419,1),(4643,'Miércoles',419,1),(4644,'Viernes',419,1),(4645,'Lunes',493,1),(4646,'Sábado',493,1),(4647,'Viernes',690,1),(4648,'Jueves',765,1),(4649,'Martes',765,1),(4650,'Miércoles',672,1),(4651,'Jueves',672,1),(4652,'Sábado',672,1),(4653,'Domingo',672,1),(4654,'Lunes',784,1),(4655,'Jueves',784,1),(4656,'Miércoles',784,1),(4657,'Domingo',784,1),(4658,'Sábado',785,1),(4659,'Martes',785,1),(4660,'Miércoles',415,1),(4661,'Viernes',703,1),(4662,'Sábado',703,1),(4663,'Miércoles',703,1),(4664,'Jueves',468,1),(4665,'Viernes',600,1),(4666,'Domingo',600,1),(4667,'Jueves',764,1),(4668,'Domingo',764,1),(4669,'Miércoles',764,1),(4670,'Viernes',764,1),(4671,'Miércoles',582,1),(4672,'Jueves',786,1),(4673,'Miércoles',787,1),(4674,'Viernes',787,1),(4675,'Jueves',787,1),(4676,'Sábado',787,1),(4677,'Domingo',787,1),(4678,'Lunes',628,1),(4679,'Viernes',667,1),(4680,'Martes',667,1),(4681,'Sábado',667,1),(4682,'Jueves',669,1),(4683,'Lunes',669,1),(4684,'Viernes',669,1),(4685,'Miércoles',632,1),(4686,'Lunes',482,1),(4687,'Miércoles',482,1),(4688,'Martes',788,1),(4689,'Miércoles',747,1),(4690,'Miércoles',463,1),(4691,'Jueves',463,1),(4692,'Martes',758,1),(4693,'Viernes',705,1),(4694,'Sábado',705,1),(4695,'Sábado',682,1),(4696,'Lunes',682,1),(4697,'Lunes',485,1),(4698,'Viernes',509,1),(4699,'Sábado',509,1),(4700,'Miércoles',789,1),(4701,'Jueves',789,1),(4702,'Viernes',789,1),(4703,'Martes',789,1),(4704,'Domingo',411,1),(4705,'Lunes',584,1),(4706,'Martes',767,1),(4707,'Jueves',767,1),(4708,'Miércoles',767,1),(4709,'Miércoles',773,1),(4710,'Domingo',620,1),(4711,'Viernes',620,1),(4712,'Jueves',746,1),(4713,'Viernes',468,1),(4714,'Sábado',497,1),(4715,'Miércoles',497,1),(4716,'Domingo',544,1),(4717,'Lunes',553,1),(4718,'Sábado',596,1),(4719,'Lunes',596,1),(4720,'Viernes',708,1),(4721,'Domingo',685,1),(4722,'Martes',547,1),(4723,'Viernes',657,1),(4724,'Lunes',460,1);
/*!40000 ALTER TABLE `horario` ENABLE KEYS */;
UNLOCK TABLES;

--
-- Table structure for table `menu`
--

DROP TABLE IF EXISTS `menu`;
/*!40101 SET @saved_cs_client     = @@character_set_client */;
/*!40101 SET character_set_client = utf8 */;
CREATE TABLE `menu` (
  `idMenu` int(11) NOT NULL AUTO_INCREMENT,
  `feMenu` date NOT NULL,
  `horarioComida` varchar(255) NOT NULL,
  `cantPlatos` int(11) NOT NULL,
  `status` tinyint(1) NOT NULL,
  PRIMARY KEY (`idMenu`)
) ENGINE=InnoDB AUTO_INCREMENT=39 DEFAULT CHARSET=utf8mb4 COLLATE=utf8mb4_general_ci;
/*!40101 SET character_set_client = @saved_cs_client */;

--
-- Dumping data for table `menu`
--

LOCK TABLES `menu` WRITE;
/*!40000 ALTER TABLE `menu` DISABLE KEYS */;
INSERT INTO `menu` VALUES (37,'2024-12-01','Almuerzo',60,1),(38,'2024-12-02','Almuerzo',50,1);
/*!40000 ALTER TABLE `menu` ENABLE KEYS */;
UNLOCK TABLES;

--
-- Table structure for table `salidaalimentos`
--

DROP TABLE IF EXISTS `salidaalimentos`;
/*!40101 SET @saved_cs_client     = @@character_set_client */;
/*!40101 SET character_set_client = utf8 */;
CREATE TABLE `salidaalimentos` (
  `idSalidaA` int(11) NOT NULL AUTO_INCREMENT,
  `fecha` date NOT NULL,
  `hora` time NOT NULL DEFAULT current_timestamp(),
  `descripcion` varchar(255) NOT NULL,
  `idTipoSalidaA` int(11) NOT NULL,
  `status` tinyint(1) NOT NULL,
  PRIMARY KEY (`idSalidaA`),
  KEY `idTipoSalidaA` (`idTipoSalidaA`),
  CONSTRAINT `salidaalimentos_ibfk_1` FOREIGN KEY (`idTipoSalidaA`) REFERENCES `tiposalidas` (`idTipoSalidas`)
) ENGINE=InnoDB AUTO_INCREMENT=51 DEFAULT CHARSET=utf8mb4 COLLATE=utf8mb4_general_ci;
/*!40101 SET character_set_client = @saved_cs_client */;

--
-- Dumping data for table `salidaalimentos`
--

LOCK TABLES `salidaalimentos` WRITE;
/*!40000 ALTER TABLE `salidaalimentos` DISABLE KEYS */;
INSERT INTO `salidaalimentos` VALUES (48,'2024-12-01','19:32:00','se daño',2,1),(49,'0000-00-00','19:35:49','Pollo en crema',1,1),(50,'0000-00-00','19:44:17','Pollo en crema',1,1);
/*!40000 ALTER TABLE `salidaalimentos` ENABLE KEYS */;
UNLOCK TABLES;

--
-- Table structure for table `salidautensilios`
--

DROP TABLE IF EXISTS `salidautensilios`;
/*!40101 SET @saved_cs_client     = @@character_set_client */;
/*!40101 SET character_set_client = utf8 */;
CREATE TABLE `salidautensilios` (
  `idSalidaU` int(11) NOT NULL AUTO_INCREMENT,
  `fecha` date NOT NULL,
  `hora` time NOT NULL DEFAULT current_timestamp(),
  `descripcion` varchar(255) NOT NULL,
  `idTipoSalidas` int(11) NOT NULL,
  `status` tinyint(1) NOT NULL,
  PRIMARY KEY (`idSalidaU`),
  KEY `idTipoSalidas` (`idTipoSalidas`),
  CONSTRAINT `salidautensilios_ibfk_1` FOREIGN KEY (`idTipoSalidas`) REFERENCES `tiposalidas` (`idTipoSalidas`)
) ENGINE=InnoDB AUTO_INCREMENT=6 DEFAULT CHARSET=utf8mb4 COLLATE=utf8mb4_general_ci;
/*!40101 SET character_set_client = @saved_cs_client */;

--
-- Dumping data for table `salidautensilios`
--

LOCK TABLES `salidautensilios` WRITE;
/*!40000 ALTER TABLE `salidautensilios` DISABLE KEYS */;
INSERT INTO `salidautensilios` VALUES (2,'2024-11-17','13:48:48','se daño',2,1),(3,'2024-11-19','09:33:15','oxido',2,1),(4,'2024-11-29','11:21:57','se dañaron',2,1),(5,'2024-12-01','19:57:43','se daño',2,1);
/*!40000 ALTER TABLE `salidautensilios` ENABLE KEYS */;
UNLOCK TABLES;

--
-- Table structure for table `seccion`
--

DROP TABLE IF EXISTS `seccion`;
/*!40101 SET @saved_cs_client     = @@character_set_client */;
/*!40101 SET character_set_client = utf8 */;
CREATE TABLE `seccion` (
  `idSeccion` int(11) NOT NULL AUTO_INCREMENT,
  `seccion` varchar(255) NOT NULL,
  `status` tinyint(1) NOT NULL,
  PRIMARY KEY (`idSeccion`)
) ENGINE=InnoDB AUTO_INCREMENT=790 DEFAULT CHARSET=utf8mb4 COLLATE=utf8mb4_general_ci;
/*!40101 SET character_set_client = @saved_cs_client */;

--
-- Dumping data for table `seccion`
--

LOCK TABLES `seccion` WRITE;
/*!40000 ALTER TABLE `seccion` DISABLE KEYS */;
INSERT INTO `seccion` VALUES (406,'PNFAG4102J',1),(407,'PNFAD4102U',1),(408,'PNFAD4101M',1),(409,'PNFHS0101M',1),(410,'PNFCI2202U',1),(411,'PNFAD0101U',1),(412,'PNFCO4103U',1),(413,'PNFCI4101U',1),(414,'PNFAG1101J',1),(415,'PNFCI4101J',1),(416,'PNFI2202U',1),(417,'PNFCO0102J',1),(418,'PNFI0102M',1),(419,'PNFI1101U',1),(420,'PNFHS2201J',1),(421,'PNFED3101M',1),(422,'PNFDL0103M',1),(423,'PNFTU3101U',1),(424,'PNFED4102M',1),(425,'PNFI3102U',1),(426,'PNFED2201U',1),(427,'PNFTU4102U',1),(428,'PNFTU2203U',1),(429,'PNFCO4103M',1),(430,'PNFCI2203M',1),(431,'PNFDL3101J',1),(432,'PNFED1103U',1),(433,'PNFAG3101M',1),(434,'PNFAD1102J',1),(435,'PNFDL1103J',1),(436,'PNFHS1101M',1),(437,'PNFAD3103U',1),(438,'PNFCI1102J',1),(439,'PNFED3101J',1),(440,'PNFTU2202J',1),(441,'PNFHS4103U',1),(442,'PNFAG1101M',1),(443,'PNFHS0101J',1),(444,'PNFTU1101M',1),(445,'PNFI2201J',1),(446,'PNFAD2201U',1),(447,'PNFHS4103J',1),(448,'PNFI3101U',1),(449,'PNFAG4103M',1),(450,'PNFI1102U',1),(451,'PNFAG0101J',1),(452,'PNFED0101J',1),(453,'PNFCI1102U',1),(454,'PNFED3103M',1),(455,'PNFI2203M',1),(456,'PNFED2203U',1),(457,'PNFI2202M',1),(458,'PNFAG2201J',1),(459,'PNFAD0103J',1),(460,'PNFTU1102M',1),(461,'PNFCO3101J',1),(462,'PNFED3101U',1),(463,'PNFTU2202M',1),(464,'PNFI4101J',1),(465,'PNFDL2203U',1),(466,'PNFAG3102U',1),(467,'PNFCI0103U',1),(468,'PNFTU1101J',1),(469,'PNFI0101U',1),(470,'PNFCI2201M',1),(471,'PNFED1102U',1),(472,'PNFCI2203U',1),(473,'PNFED2201J',1),(474,'PNFED3103U',1),(475,'PNFDL2202M',1),(476,'PNFI0103J',1),(477,'PNFCO0101M',1),(478,'PNFDL3103U',1),(479,'PNFI3102M',1),(480,'PNFAD1103U',1),(481,'PNFCI1101M',1),(482,'PNFCI0103J',1),(483,'PNFAD2202U',1),(484,'PNFAG2202J',1),(485,'PNFI1103M',1),(486,'PNFI2202J',1),(487,'PNFCO3103U',1),(488,'PNFED4101M',1),(489,'PNFTU0101U',1),(490,'PNFHS1103M',1),(491,'PNFED4102U',1),(492,'PNFED0101M',1),(493,'PNFAD0103M',1),(494,'PNFAG2203U',1),(495,'PNFDL4103M',1),(496,'PNFDL3102J',1),(497,'PNFI2203U',1),(498,'PNFCO3101U',1),(499,'PNFED4103U',1),(500,'PNFI2201U',1),(501,'PNFDL4102J',1),(502,'PNFDL2201M',1),(503,'PNFHS2203M',1),(504,'PNFED4103J',1),(505,'PNFCO0103U',1),(506,'PNFTU4101J',1),(507,'PNFAD3102U',1),(508,'PNFCO0101J',1),(509,'PNFDL1101U',1),(510,'PNFAG2201U',1),(511,'PNFAD4103M',1),(512,'PNFAD2203M',1),(513,'PNFCO4102U',1),(514,'PNFCO3102J',1),(515,'PNFDL1102J',1),(516,'PNFCI0101U',1),(517,'PNFHS3103M',1),(518,'PNFAG0103U',1),(519,'PNFCO3102U',1),(520,'PNFAD4103U',1),(521,'PNFAG0102U',1),(522,'PNFAD2202J',1),(523,'PNFDL1103U',1),(524,'PNFED1103M',1),(525,'PNFAD3103M',1),(526,'PNFDL2203M',1),(527,'PNFED0102U',1),(528,'PNFCO1103U',1),(529,'PNFI3101J',1),(530,'PNFDL1103M',1),(531,'PNFED0103J',1),(532,'PNFTU4101M',1),(533,'PNFI3101M',1),(534,'PNFHS3101J',1),(535,'PNFHS3103J',1),(536,'PNFAG4101U',1),(537,'PNFCI4101M',1),(538,'PNFI4103M',1),(539,'PNFHS2202U',1),(540,'PNFHS0103J',1),(541,'PNFED1103J',1),(542,'PNFTU4102J',1),(543,'PNFCI2201U',1),(544,'PNFI1102J',1),(545,'PNFAD1103J',1),(546,'PNFCI3101M',1),(547,'PNFED0103M',1),(548,'PNFAD4102M',1),(549,'PNFAG0103M',1),(550,'PNFI0103U',1),(551,'PNFCI2202J',1),(552,'PNFCO0103M',1),(553,'PNFED1101J',1),(554,'PNFCO2201U',1),(555,'PNFCI1103U',1),(556,'PNFED2202M',1),(557,'PNFHS1102M',1),(558,'PNFHS1102J',1),(559,'PNFAD0102M',1),(560,'PNFHS3103U',1),(561,'PNFAD4101J',1),(562,'PNFDL2202U',1),(563,'PNFCI4102J',1),(564,'PNFED2202U',1),(565,'PNFHS4102J',1),(566,'PNFDL1101J',1),(567,'PNFCO2202M',1),(568,'PNFAG3103U',1),(569,'PNFAG4103J',1),(570,'PNFAG3102M',1),(571,'PNFCI0102U',1),(572,'PNFCI3102J',1),(573,'PNFAG3101J',1),(574,'PNFAG3101U',1),(575,'PNFAG2202U',1),(576,'PNFTU4103U',1),(577,'PNFHS3101U',1),(578,'PNFTU1102U',1),(579,'PNFCI2201J',1),(580,'PNFDL0103J',1),(581,'PNFED0102M',1),(582,'PNFAD2201M',1),(583,'PNFAG0102M',1),(584,'PNFED4103M',1),(585,'PNFI4101M',1),(586,'PNFHS0102M',1),(587,'PNFDL4101J',1),(588,'PNFDL4102M',1),(589,'PNFAG0102J',1),(590,'PNFDL0102U',1),(591,'PNFCO2201J',1),(592,'PNFCO3101M',1),(593,'PNFTU2201J',1),(594,'PNFTU3101M',1),(595,'PNFCO3103J',1),(596,'PNFI1103U',1),(597,'PNFED1101M',1),(598,'PNFI3103J',1),(599,'PNFAG2203M',1),(600,'PNFCO4101U',1),(601,'PNFAD2201J',1),(602,'PNFAD1103M',1),(603,'PNFCI0102M',1),(604,'PNFAG3103M',1),(605,'PNFHS4101J',1),(606,'PNFHS2201M',1),(607,'PNFI1101J',1),(608,'PNFI0103M',1),(609,'PNFI4103U',1),(610,'PNFED3103J',1),(611,'PNFCO0102U',1),(612,'PNFDL3103J',1),(613,'PNFAD2203J',1),(614,'PNFCI1103M',1),(615,'PNFCI4103J',1),(616,'PNFAD3103J',1),(617,'PNFCI0102J',1),(618,'PNFI3103U',1),(619,'PNFDL3102M',1),(620,'PNFCO4101M',1),(621,'PNFI4102J',1),(622,'PNFCO4102J',1),(623,'PNFTU0102M',1),(624,'PNFDL3103M',1),(625,'PNFCI3103U',1),(626,'PNFCI1103J',1),(627,'PNFAG1103U',1),(628,'PNFAG4101M',1),(629,'PNFTU0101J',1),(630,'PNFHS1101J',1),(631,'PNFDL2201J',1),(632,'PNFDL0103U',1),(633,'PNFDL4101M',1),(634,'PNFCI3102M',1),(635,'PNFAG3102J',1),(636,'PNFTU4102M',1),(637,'PNFCO2203M',1),(638,'PNFDL4103J',1),(639,'PNFED1102M',1),(640,'PNFHS2202M',1),(641,'PNFCO1101M',1),(642,'PNFED1102J',1),(643,'PNFED2202J',1),(644,'PNFAG1101U',1),(645,'PNFAD3102M',1),(646,'PNFTU1103U',1),(647,'PNFCO1102M',1),(648,'PNFAG2203J',1),(649,'PNFTU2202U',1),(650,'PNFHS0102J',1),(651,'PNFHS1102U',1),(652,'PNFI0101M',1),(653,'PNFAD4102J',1),(654,'PNFI4102U',1),(655,'PNFAG0103J',1),(656,'PNFCO2202J',1),(657,'PNFAD3101U',1),(658,'PNFCO4103J',1),(659,'PNFDL3101M',1),(660,'PNFED4101U',1),(661,'PNFAD1101J',1),(662,'PNFCI4102U',1),(663,'PNFTU1102J',1),(664,'PNFCI3101U',1),(665,'PNFCO1101J',1),(666,'PNFAD4101U',1),(667,'PNFTU0101M',1),(668,'PNFDL4102U',1),(669,'PNFAG1103M',1),(670,'PNFCO2203U',1),(671,'PNFAD1102M',1),(672,'PNFDL4103U',1),(673,'PNFED3102M',1),(674,'PNFED0102J',1),(675,'PNFAG0101U',1),(676,'PNFHS2203U',1),(677,'PNFDL0102M',1),(678,'PNFTU2201U',1),(679,'PNFAG2202M',1),(680,'PNFAD2202M',1),(681,'PNFAD3101M',1),(682,'PNFI1102M',1),(683,'PNFCO2201M',1),(684,'PNFCI4102M',1),(685,'PNFDL2202J',1),(686,'PNFAD2203U',1),(687,'PNFTU3103J',1),(688,'PNFTU0103U',1),(689,'PNFTU0103M',1),(690,'PNFAD0102U',1),(691,'PNFCO1101U',1),(692,'PNFHS2202J',1),(693,'PNFCI4103M',1),(694,'PNFHS3102M',1),(695,'PNFCO1103M',1),(696,'PNFED3102U',1),(697,'PNFDL3102U',1),(698,'PNFCI0101J',1),(699,'PNFDL0101M',1),(700,'PNFED0101U',1),(701,'PNFTU3101J',1),(702,'PNFDL0101J',1),(703,'PNFTU2201M',1),(704,'PNFHS3101M',1),(705,'PNFAG1102M',1),(706,'PNFI4102M',1),(707,'PNFI4103J',1),(708,'PNFED2203M',1),(709,'PNFHS2201U',1),(710,'PNFAG2201M',1),(711,'PNFHS4102M',1),(712,'PNFTU1103J',1),(713,'PNFHS4103M',1),(714,'PNFCI3102U',1),(715,'PNFDL1102U',1),(716,'PNFAD1102U',1),(717,'PNFCO1102J',1),(718,'PNFCO4102M',1),(719,'PNFTU0102U',1),(720,'PNFDL4101U',1),(721,'PNFCO0101U',1),(722,'PNFHS1103U',1),(723,'PNFTU3103U',1),(724,'PNFCI0101M',1),(725,'PNFAG4102U',1),(726,'PNFTU2203M',1),(727,'PNFDL0101U',1),(728,'PNFAG1103J',1),(729,'PNFCI3103M',1),(730,'PNFCO4101J',1),(731,'PNFCO0103J',1),(732,'PNFHS3102J',1),(733,'PNFDL1102M',1),(734,'PNFCI0103M',1),(735,'PNFCI3103J',1),(736,'PNFDL3101U',1),(737,'PNFCO2202U',1),(738,'PNFHS4102U',1),(739,'PNFCO3102M',1),(740,'PNFAD4103J',1),(741,'PNFCO1102U',1),(742,'PNFTU3102M',1),(743,'PNFTU3103M',1),(744,'PNFED2203J',1),(745,'PNFED3102J',1),(746,'PNFTU3102U',1),(747,'PNFHS4101U',1),(748,'PNFTU4103M',1),(749,'PNFAG3103J',1),(750,'PNFCO0102M',1),(751,'PNFI0102U',1),(752,'PNFHS1103J',1),(753,'PNFTU0102J',1),(754,'PNFAG0101M',1),(755,'PNFAD0101J',1),(756,'PNFHS0103U',1),(757,'PNFI1101M',1),(758,'PNFED2201M',1),(759,'PNFI2201M',1),(760,'PNFDL2203J',1),(761,'PNFTU3102J',1),(762,'PNFCI1101J',1),(763,'PNFCI1102M',1),(764,'PNFAG4102M',1),(765,'PNFAD0101M',1),(766,'PNFHS0103M',1),(767,'PNFED4101J',1),(768,'PNFHS1101U',1),(769,'PNFCO3103M',1),(770,'PNFAD1101M',1),(771,'PNFTU0103J',1),(772,'PNFAG1102J',1),(773,'PNFCI2203J',1),(774,'PNFI4101U',1),(775,'PNFCI1101U',1),(776,'PNFHS3102U',1),(777,'PNFDL0102J',1),(778,'PNFAG4103U',1),(779,'PNFTU1103M',1),(780,'PNFAD1101U',1),(781,'PNFED4102J',1),(782,'PNFI0101J',1),(783,'PNFED0103U',1),(784,'PNFTU2203J',1),(785,'PNFI0102J',1),(786,'PNFI1103J',1),(787,'PNFAD0102J',1),(788,'PNFCI4103U',1),(789,'PNFI3103M',1);
/*!40000 ALTER TABLE `seccion` ENABLE KEYS */;
UNLOCK TABLES;

--
-- Table structure for table `tipoalimento`
--

DROP TABLE IF EXISTS `tipoalimento`;
/*!40101 SET @saved_cs_client     = @@character_set_client */;
/*!40101 SET character_set_client = utf8 */;
CREATE TABLE `tipoalimento` (
  `idTipoA` int(11) NOT NULL AUTO_INCREMENT,
  `tipo` varchar(255) NOT NULL,
  `status` tinyint(1) NOT NULL,
  PRIMARY KEY (`idTipoA`)
) ENGINE=InnoDB AUTO_INCREMENT=11 DEFAULT CHARSET=utf8mb4 COLLATE=utf8mb4_general_ci;
/*!40101 SET character_set_client = @saved_cs_client */;

--
-- Dumping data for table `tipoalimento`
--

LOCK TABLES `tipoalimento` WRITE;
/*!40000 ALTER TABLE `tipoalimento` DISABLE KEYS */;
INSERT INTO `tipoalimento` VALUES (2,'Lácteos',1),(3,'Víveres',1),(4,'Proteinas',1),(5,'Frutas',1),(6,'Hortalizas',1),(8,'Lejumbres',1);
/*!40000 ALTER TABLE `tipoalimento` ENABLE KEYS */;
UNLOCK TABLES;

--
-- Table structure for table `tiposalidas`
--

DROP TABLE IF EXISTS `tiposalidas`;
/*!40101 SET @saved_cs_client     = @@character_set_client */;
/*!40101 SET character_set_client = utf8 */;
CREATE TABLE `tiposalidas` (
  `idTipoSalidas` int(11) NOT NULL AUTO_INCREMENT,
  `tipoSalida` varchar(255) NOT NULL,
  `status` tinyint(1) NOT NULL,
  PRIMARY KEY (`idTipoSalidas`)
) ENGINE=InnoDB AUTO_INCREMENT=11 DEFAULT CHARSET=utf8mb4 COLLATE=utf8mb4_general_ci;
/*!40101 SET character_set_client = @saved_cs_client */;

--
-- Dumping data for table `tiposalidas`
--

LOCK TABLES `tiposalidas` WRITE;
/*!40000 ALTER TABLE `tiposalidas` DISABLE KEYS */;
INSERT INTO `tiposalidas` VALUES (1,'Menú',1),(2,'Merma',1),(3,'Donación',1);
/*!40000 ALTER TABLE `tiposalidas` ENABLE KEYS */;
UNLOCK TABLES;

--
-- Table structure for table `tipoutensilios`
--

DROP TABLE IF EXISTS `tipoutensilios`;
/*!40101 SET @saved_cs_client     = @@character_set_client */;
/*!40101 SET character_set_client = utf8 */;
CREATE TABLE `tipoutensilios` (
  `idTipoU` int(11) NOT NULL AUTO_INCREMENT,
  `tipo` varchar(255) NOT NULL,
  `status` tinyint(1) NOT NULL,
  PRIMARY KEY (`idTipoU`)
) ENGINE=InnoDB AUTO_INCREMENT=8 DEFAULT CHARSET=utf8mb4 COLLATE=utf8mb4_general_ci;
/*!40101 SET character_set_client = @saved_cs_client */;

--
-- Dumping data for table `tipoutensilios`
--

LOCK TABLES `tipoutensilios` WRITE;
/*!40000 ALTER TABLE `tipoutensilios` DISABLE KEYS */;
INSERT INTO `tipoutensilios` VALUES (1,'Bandejas',1),(2,'Ollas',1),(3,'Cubiertos',1),(4,'Vaso',1),(6,'Electrodoméstico',1);
/*!40000 ALTER TABLE `tipoutensilios` ENABLE KEYS */;
UNLOCK TABLES;

--
-- Table structure for table `utensilios`
--

DROP TABLE IF EXISTS `utensilios`;
/*!40101 SET @saved_cs_client     = @@character_set_client */;
/*!40101 SET character_set_client = utf8 */;
CREATE TABLE `utensilios` (
  `idUtensilios` int(11) NOT NULL AUTO_INCREMENT,
  `imgUtensilios` varchar(10000) CHARACTER SET utf8mb4 COLLATE utf8mb4_unicode_ci NOT NULL,
  `nombre` varchar(255) NOT NULL,
  `material` varchar(255) NOT NULL,
  `stock` int(11) NOT NULL,
  `idTipoU` int(11) NOT NULL,
  `status` tinyint(1) NOT NULL,
  PRIMARY KEY (`idUtensilios`),
  KEY `idTipoU` (`idTipoU`),
  CONSTRAINT `utensilios_ibfk_1` FOREIGN KEY (`idTipoU`) REFERENCES `tipoutensilios` (`idTipoU`)
) ENGINE=InnoDB AUTO_INCREMENT=12 DEFAULT CHARSET=utf8mb4 COLLATE=utf8mb4_general_ci;
/*!40101 SET character_set_client = @saved_cs_client */;

--
-- Dumping data for table `utensilios`
--

LOCK TABLES `utensilios` WRITE;
/*!40000 ALTER TABLE `utensilios` DISABLE KEYS */;
INSERT INTO `utensilios` VALUES (1,'assets/images/utensilios/BAAL29.png','Bandeja Con Repartimiento','Aluminio',299,1,1),(2,'assets/images/utensilios/BAAL93.png','Batidor De Mano','Aluminio',10,3,1),(3,'assets/images/utensilios/CUAL70.png','Cucharon','Aluminio',10,3,1),(4,'assets/images/utensilios/SAAC52.png','Sarten','Acero Carbono',9,2,1),(5,'assets/images/utensilios/BUAC87.png','Budare','Acero Carbono',110,2,1),(6,'assets/images/utensilios/OLAC82.png','Olla De Presion','Acero Inoxidable',4,2,1),(7,'assets/images/utensilios/CUAC78.png','Cuchara','Acero Inoxidable',200,3,1),(8,'assets/images/utensilios/TEAC73.png','Tenedor','Acero Inoxidable',200,3,1),(9,'assets/images/utensilios/VAPL10.png','Vaso Desechables','Plástico',0,4,1),(10,'assets/images/utensilios/VASALU61.png','Vaso De Aluminio','Aluminio',0,4,1),(11,'assets/images/utensilios/LIAC14.png','Licuadora','Acero Inoxidable',4,6,1);
/*!40000 ALTER TABLE `utensilios` ENABLE KEYS */;
UNLOCK TABLES;
/*!40103 SET TIME_ZONE=@OLD_TIME_ZONE */;

/*!40101 SET SQL_MODE=@OLD_SQL_MODE */;
/*!40014 SET FOREIGN_KEY_CHECKS=@OLD_FOREIGN_KEY_CHECKS */;
/*!40014 SET UNIQUE_CHECKS=@OLD_UNIQUE_CHECKS */;
/*!40101 SET CHARACTER_SET_CLIENT=@OLD_CHARACTER_SET_CLIENT */;
/*!40101 SET CHARACTER_SET_RESULTS=@OLD_CHARACTER_SET_RESULTS */;
/*!40101 SET COLLATION_CONNECTION=@OLD_COLLATION_CONNECTION */;
/*!40111 SET SQL_NOTES=@OLD_SQL_NOTES */;

-- Dump completed on 2025-02-06 20:08:00
