-- MariaDB dump 10.19  Distrib 10.4.32-MariaDB, for Win64 (AMD64)
--
-- Host: localhost    Database: seguridadUptaeb
-- ------------------------------------------------------
-- Server version	10.4.32-MariaDB

/*!40101 SET @OLD_CHARACTER_SET_CLIENT=@@CHARACTER_SET_CLIENT */;
/*!40101 SET @OLD_CHARACTER_SET_RESULTS=@@CHARACTER_SET_RESULTS */;
/*!40101 SET @OLD_COLLATION_CONNECTION=@@COLLATION_CONNECTION */;
/*!40101 SET NAMES utf8mb4 */;
/*!40103 SET @OLD_TIME_ZONE=@@TIME_ZONE */;
/*!40103 SET TIME_ZONE='+00:00' */;
/*!40014 SET @OLD_UNIQUE_CHECKS=@@UNIQUE_CHECKS, UNIQUE_CHECKS=0 */;
/*!40014 SET @OLD_FOREIGN_KEY_CHECKS=@@FOREIGN_KEY_CHECKS, FOREIGN_KEY_CHECKS=0 */;
/*!40101 SET @OLD_SQL_MODE=@@SQL_MODE, SQL_MODE='NO_AUTO_VALUE_ON_ZERO' */;
/*!40111 SET @OLD_SQL_NOTES=@@SQL_NOTES, SQL_NOTES=0 */;

--
-- Table structure for table `bitacora`
--

DROP TABLE IF EXISTS `bitacora`;
/*!40101 SET @saved_cs_client     = @@character_set_client */;
/*!40101 SET character_set_client = utf8 */;
CREATE TABLE `bitacora` (
  `idBitacora` int(11) NOT NULL AUTO_INCREMENT,
  `modulo` varchar(100) CHARACTER SET utf8mb4 COLLATE utf8mb4_unicode_ci NOT NULL,
  `acciones` varchar(200) CHARACTER SET utf8mb4 COLLATE utf8mb4_unicode_ci NOT NULL,
  `fecha` date NOT NULL DEFAULT current_timestamp(),
  `hora` time NOT NULL DEFAULT current_timestamp(),
  `cedula` int(11) NOT NULL,
  `status` tinyint(1) NOT NULL,
  PRIMARY KEY (`idBitacora`),
  KEY `idx_bitacora_cedula` (`cedula`),
  KEY `idx_bitacora_fecha` (`fecha`),
  KEY `idx_bitacora_hora` (`hora`),
  CONSTRAINT `bitacora_ibfk_1` FOREIGN KEY (`cedula`) REFERENCES `usuario` (`cedula`)
) ENGINE=InnoDB AUTO_INCREMENT=422 DEFAULT CHARSET=utf8mb4 COLLATE=utf8mb4_general_ci;
/*!40101 SET character_set_client = @saved_cs_client */;

--
-- Dumping data for table `bitacora`
--

LOCK TABLES `bitacora` WRITE;
/*!40000 ALTER TABLE `bitacora` DISABLE KEYS */;
INSERT INTO `bitacora` VALUES (1,'Tipos De Alimentos','Registró un Tipo de Alimento llamado: Verduras Y Hortalizas','2025-08-03','11:51:42',12345678,1),(2,'Tipos De Alimentos','Registró un Tipo de Alimento llamado: Frutas','2025-08-03','11:52:59',12345678,1),(3,'Tipos De Alimentos','Registró un Tipo de Alimento llamado: Cereales Y Derivados','2025-08-03','11:53:09',12345678,1),(4,'Tipos De Alimentos','Registró un Tipo de Alimento llamado: Legumbres Y Granos Secos','2025-08-03','11:53:39',12345678,1),(5,'Tipos De Alimentos','Registró un Tipo de Alimento llamado: Tubérculos Y Raíces','2025-08-03','11:53:50',12345678,1),(6,'Tipos De Alimentos','Registró un Tipo de Alimento llamado: Carnes Y Derivados','2025-08-03','11:54:01',12345678,1),(7,'Tipos De Alimentos','Registró un Tipo de Alimento llamado: Pescados Y Mariscos','2025-08-03','11:54:20',12345678,1),(8,'Tipos De Alimentos','Registró un Tipo de Alimento llamado: Huevos','2025-08-03','11:54:33',12345678,1),(9,'Tipos De Alimentos','Registró un Tipo de Alimento llamado: Lácteos Y Derivados','2025-08-03','11:54:57',12345678,1),(10,'Tipos De Alimentos','Registró un Tipo de Alimento llamado: Grasas Y Aceites','2025-08-03','11:55:14',12345678,1),(11,'Tipos De Alimentos','Registró un Tipo de Alimento llamado: Azúcares Y Dulces','2025-08-03','11:55:25',12345678,1),(12,'Tipos De Alimentos','Registró un Tipo de Alimento llamado: Bebidas','2025-08-03','11:55:34',12345678,1),(13,'Tipos De Alimentos','Registró un Tipo de Alimento llamado: Condimentos Y Especias','2025-08-03','11:55:43',12345678,1),(14,'Tipos De Alimentos','Registró un Tipo de Alimento llamado: Víveres','2025-08-03','11:56:02',12345678,1),(15,'Tipos De Alimentos','Registró un Tipo de Alimento llamado: Alimentos Ultraprocesados','2025-08-03','11:56:18',12345678,1),(16,'Tipos De Alimentos','Registró un Tipo de Alimento llamado: Suplementos Y Productos Nutricionales','2025-08-03','11:56:28',12345678,1),(17,'Tipos de Alimentos','Se Modificó un Tipo de Alimento llamado:Frutas','2025-08-03','11:56:52',12345678,1),(18,'Tipos de Alimentos','Se Modificó un Tipo de Alimento llamado:Verduras Y Hortalizas','2025-08-03','11:57:55',12345678,1),(19,'Tipos de Alimentos','Se Modificó un Tipo de Alimento llamado:Bebidas','2025-08-03','11:58:49',12345678,1),(20,'Tipos de Alimentos','Se Modificó un Tipo de Alimento llamado:Bebidas','2025-08-03','12:00:02',12345678,1),(21,'Tipos de Alimentos','Se Modificó un Tipo de Alimento llamado:Bebidas','2025-08-03','12:00:59',12345678,1),(22,'Tipos De Alimentos','Registró un Tipo de Alimento llamado: Verduras Y Hortalizas','2025-08-03','12:03:33',12345678,1),(23,'Tipos De Alimentos','Registró un Tipo de Alimento llamado: Frutas','2025-08-03','12:03:45',12345678,1),(24,'Tipos De Alimentos','Registró un Tipo de Alimento llamado: Cereales','2025-08-03','12:03:57',12345678,1),(25,'Tipos De Alimentos','Registró un Tipo de Alimento llamado: Legumbres Y Granos Secos','2025-08-03','12:04:07',12345678,1),(26,'Tipos De Alimentos','Registró un Tipo de Alimento llamado: Tubérculos Y Raíces','2025-08-03','12:04:16',12345678,1),(27,'Tipos De Alimentos','Registró un Tipo de Alimento llamado: Carnes Y Derivados','2025-08-03','12:04:26',12345678,1),(28,'Tipos De Alimentos','Registró un Tipo de Alimento llamado: Pescados Y Mariscos','2025-08-03','12:04:36',12345678,1),(29,'Tipos De Alimentos','Registró un Tipo de Alimento llamado: Huevos','2025-08-03','12:04:45',12345678,1),(30,'Tipos De Alimentos','Registró un Tipo de Alimento llamado: Lácteos Y Derivados','2025-08-03','12:04:54',12345678,1),(31,'Tipos De Alimentos','Registró un Tipo de Alimento llamado: Grasas Y Aceites','2025-08-03','12:05:05',12345678,1),(32,'Tipos De Alimentos','Registró un Tipo de Alimento llamado: Azúcares Y Dulces','2025-08-03','12:05:13',12345678,1),(33,'Tipos De Alimentos','Registró un Tipo de Alimento llamado: Bebidas','2025-08-03','12:05:26',12345678,1),(34,'Tipos De Alimentos','Registró un Tipo de Alimento llamado: Condimentos Y Especias','2025-08-03','12:05:36',12345678,1),(35,'Tipos De Alimentos','Registró un Tipo de Alimento llamado: Viveres','2025-08-03','12:05:49',12345678,1),(36,'Tipos De Alimentos','Registró un Tipo de Alimento llamado: Alimentos Ultraprocesados','2025-08-03','12:06:00',12345678,1),(37,'Tipos De Alimentos','Registró un Tipo de Alimento llamado: Suplementos Y Productos Nutricionales','2025-08-03','12:06:08',12345678,1),(38,'Tipos de Alimentos','Se Modificó un Tipo de Alimento llamado:Lácteos','2025-08-03','12:06:17',12345678,1),(39,'Tipos de Alimentos','Se Modificó un Tipo de Alimento llamado:Carnes','2025-08-03','12:06:26',12345678,1),(40,'Tipos de Alimentos','Se anuló un Tipo de alimento llamado: Suplementos Y Productos Nutricionales','2025-08-03','12:08:09',12345678,1),(41,'Tipos De Alimentos','Registró un Tipo de Alimento llamado: Suplementos Y Productos Nutricionales','2025-08-03','12:08:21',12345678,1),(42,'Tipos de Alimentos','Se Modificó un Tipo de Alimento llamado:Carne','2025-08-03','12:30:06',12345678,1),(43,'Tipos de Alimentos','Se Modificó un Tipo de Alimento llamado:Carnes','2025-08-03','12:30:12',12345678,1),(44,'Tipos De Alimentos','Registró un Tipo de Alimento llamado: Lsxklsl','2025-08-03','12:32:05',12345678,1),(45,'Tipos de Alimentos','Se anuló un Tipo de alimento llamado: Lsxklsl','2025-08-03','12:32:18',12345678,1),(46,'Roles','Registró un rol llamado: Cocinero','2025-08-03','13:17:45',12345678,1),(47,'Roles','Registró un rol llamado: Jefe De Cocina','2025-08-03','13:34:27',12345678,1),(48,'Roles','Registró un rol llamado: Coord Serv Nutricional','2025-08-03','13:38:31',12345678,1),(49,'Roles','Registró un rol llamado: Asistente De Bienestar Estudiantil','2025-08-03','13:38:58',12345678,1),(50,'Roles','Registró un rol llamado: Control De Estudio','2025-08-03','13:39:12',12345678,1),(51,'Roles','Registró un rol llamado: Encargado','2025-08-03','14:01:14',12345678,1),(52,'Alimentos','Registró un Alimento llamado: Zanahoria','2025-08-03','14:02:15',12345678,1),(53,'Alimentos','Registró un Alimento llamado: Lechuga','2025-08-03','14:06:13',12345678,1),(54,'Alimentos','Registró un Alimento llamado: Tomate','2025-08-03','14:08:22',12345678,1),(55,'Alimentos','Registró un Alimento llamado: Cebolla','2025-08-03','14:08:40',12345678,1),(56,'Alimentos','Registró un Alimento llamado: Brocoli','2025-08-03','14:09:44',12345678,1),(57,'Alimentos','Registró un Alimento llamado: Papa','2025-08-03','14:10:26',12345678,1),(58,'Alimentos','Registró un Alimento llamado: Acelga','2025-08-03','14:11:12',12345678,1),(59,'Alimentos','Registró un Alimento llamado: Calabazin','2025-08-03','14:37:17',12345678,1),(60,'Alimentos','Registró un Alimento llamado: Berengena','2025-08-03','14:37:32',12345678,1),(61,'Alimentos','Registró un Alimento llamado: Pimenton','2025-08-03','14:37:55',12345678,1),(62,'Alimentos','Registró un Alimento llamado: Apio','2025-08-03','14:38:44',12345678,1),(63,'Alimentos','Registró un Alimento llamado: Pepino','2025-08-03','14:39:09',12345678,1),(64,'Alimentos','Registró un Alimento llamado: Remolacha','2025-08-03','14:39:52',12345678,1),(65,'Alimentos','Registró un Alimento llamado: Coliflor','2025-08-03','14:40:33',12345678,1),(66,'Alimentos','Registró un Alimento llamado: Rabano','2025-08-03','14:41:22',12345678,1),(67,'Alimentos','Registró un Alimento llamado: Repollo','2025-08-03','14:41:42',12345678,1),(68,'Alimentos','Registró un Alimento llamado: Aji Dulce','2025-08-03','14:41:57',12345678,1),(69,'Alimentos','Registró un Alimento llamado: Cebollin','2025-08-03','14:42:11',12345678,1),(70,'Alimentos','Registró un Alimento llamado: Cilantro','2025-08-03','14:42:28',12345678,1),(71,'Alimentos','Registró un Alimento llamado: Manzana','2025-08-03','14:43:57',12345678,1),(72,'Alimentos','Registró un Alimento llamado: Naranja','2025-08-03','14:44:13',12345678,1),(73,'Alimentos','Registró un Alimento llamado: Platano','2025-08-03','14:44:39',12345678,1),(74,'Alimentos','Registró un Alimento llamado: Fresa','2025-08-03','14:44:57',12345678,1),(75,'Alimentos','Registró un Alimento llamado: Mango','2025-08-03','14:45:14',12345678,1),(76,'Alimentos','Registró un Alimento llamado: Uva','2025-08-03','14:54:28',12345678,1),(77,'Alimentos','Registró un Alimento llamado: Sandia','2025-08-03','14:54:53',12345678,1),(78,'Alimentos','Registró un Alimento llamado: Melon','2025-08-03','14:55:11',12345678,1),(79,'Alimentos','Registró un Alimento llamado: Pera','2025-08-03','14:55:55',12345678,1),(80,'Alimentos','Registró un Alimento llamado: Piña','2025-08-03','14:56:52',12345678,1),(81,'Alimentos','Registró un Alimento llamado: Mandarina','2025-08-03','14:57:21',12345678,1),(82,'Alimentos','Registró un Alimento llamado: Kiwi','2025-08-03','14:58:17',12345678,1),(83,'Alimentos','Registró un Alimento llamado: Lechoza','2025-08-03','14:58:37',12345678,1),(84,'Alimentos','Registró un Alimento llamado: Tamarindo','2025-08-03','14:58:57',12345678,1),(85,'Alimentos','Registró un Alimento llamado: Guayaba','2025-08-03','14:59:16',12345678,1),(86,'Alimentos','Registró un Alimento llamado: Cereza','2025-08-03','15:00:18',12345678,1),(87,'Alimentos','Registró un Alimento llamado: Durazno','2025-08-03','15:00:31',12345678,1),(88,'Alimentos','Registró un Alimento llamado: Guanabana','2025-08-03','15:00:43',12345678,1),(89,'Alimentos','Registró un Alimento llamado: Lentejas','2025-08-03','15:03:30',12345678,1),(90,'Alimentos','Registró un Alimento llamado: Caraotas Negras','2025-08-03','15:07:45',12345678,1),(91,'Alimentos','Registró un Alimento llamado: Caraotas Negras','2025-08-03','15:08:26',12345678,1),(92,'Alimentos','Registró un Alimento llamado: Caraotas Blancas','2025-08-03','15:08:48',12345678,1),(93,'Alimentos','Registró un Alimento llamado: Caraotas Rojas','2025-08-03','15:09:09',12345678,1),(94,'Alimentos','Registró un Alimento llamado: Frijoles Bayos','2025-08-03','15:09:35',12345678,1),(95,'Alimentos','Registró un Alimento llamado: Arvejas','2025-08-03','15:10:05',12345678,1),(96,'Alimentos','Registró un Alimento llamado: Jenjibre','2025-08-03','15:13:58',12345678,1),(97,'Alimentos','Registró un Alimento llamado: Nabo','2025-08-03','15:14:10',12345678,1),(98,'Alimentos','Registró un Alimento llamado: Ñame','2025-08-03','15:14:24',12345678,1),(99,'Alimentos','Registró un Alimento llamado: Ocumo','2025-08-03','15:14:38',12345678,1),(100,'Alimentos','Registró un Alimento llamado: Yuca','2025-08-03','15:15:11',12345678,1),(101,'Alimentos','Registró un Alimento llamado: Carne De Res','2025-08-03','15:20:19',12345678,1),(102,'Alimentos','Registró un Alimento llamado: Carne De Cerdo','2025-08-03','15:20:34',12345678,1),(103,'Alimentos','Registró un Alimento llamado: Pollo','2025-08-03','15:20:52',12345678,1),(104,'Alimentos','Registró un Alimento llamado: Salchicha De Pollo','2025-08-03','15:22:31',12345678,1),(105,'Alimentos','Registró un Alimento llamado: Bistec','2025-08-03','15:26:57',12345678,1),(106,'Alimentos','Registró un Alimento llamado: Chorizo','2025-08-03','15:27:13',12345678,1),(107,'Alimentos','Registró un Alimento llamado: Chuleta','2025-08-03','15:27:25',12345678,1),(108,'Alimentos','Registró un Alimento llamado: Jamon Arepero','2025-08-03','15:27:45',12345678,1),(109,'Alimentos','Registró un Alimento llamado: Jamon','2025-08-03','15:28:08',12345678,1),(110,'Alimentos','Registró un Alimento llamado: Jamon','2025-08-03','15:28:26',12345678,1),(111,'Alimentos','Registró un Alimento llamado: Carne Molida','2025-08-03','15:28:45',12345678,1),(112,'Alimentos','Registró un Alimento llamado: Mortadela Tapara','2025-08-03','15:29:07',12345678,1),(113,'Alimentos','Registró un Alimento llamado: Mortadela De Pollo','2025-08-03','15:29:38',12345678,1),(114,'Alimentos','Registró un Alimento llamado: Pepperoni','2025-08-03','15:30:02',12345678,1),(115,'Alimentos','Registró un Alimento llamado: Tocino','2025-08-03','15:30:44',12345678,1),(116,'Alimentos','Registró un Alimento llamado: Atun','2025-08-03','15:38:04',12345678,1),(117,'Alimentos','Registró un Alimento llamado: Bacalao','2025-08-03','15:38:18',12345678,1),(118,'Alimentos','Registró un Alimento llamado: Macarones','2025-08-03','15:39:01',12345678,1),(119,'Alimentos','Registró un Alimento llamado: Carite','2025-08-03','15:39:23',12345678,1),(120,'Alimentos','Registró un Alimento llamado: Mejillones','2025-08-03','15:39:52',12345678,1),(121,'Alimentos','Registró un Alimento llamado: Merlusa','2025-08-03','15:40:10',12345678,1),(122,'Alimentos','Registró un Alimento llamado: Salmon','2025-08-03','15:40:23',12345678,1),(123,'Alimentos','Registró un Alimento llamado: Sardina','2025-08-03','15:40:37',12345678,1),(124,'Consultar Alimentos','Se Modificó los datos del Alimento:Merluza','2025-08-03','15:40:55',12345678,1),(125,'Alimentos','Registró un Alimento llamado: Trucha','2025-08-03','15:43:13',12345678,1),(126,'Alimentos','Registró un Alimento llamado: Cachama','2025-08-03','15:43:30',12345678,1),(127,'Alimentos','Registró un Alimento llamado: Huevo De Gallina','2025-08-03','15:54:06',12345678,1),(128,'Alimentos','Registró un Alimento llamado: Huevo De Codorniz','2025-08-03','15:54:26',12345678,1),(129,'Alimentos','Registró un Alimento llamado: Leche Liquida','2025-08-03','16:14:47',12345678,1),(130,'Alimentos','Registró un Alimento llamado: Crema De Leche','2025-08-03','16:15:16',12345678,1),(131,'Alimentos','Registró un Alimento llamado: Queso Blanco','2025-08-03','16:15:41',12345678,1),(132,'Alimentos','Registró un Alimento llamado: Queso Mozzarella','2025-08-03','16:16:01',12345678,1),(133,'Alimentos','Registró un Alimento llamado: Queso Parmesano','2025-08-03','16:16:20',12345678,1),(134,'Alimentos','Registró un Alimento llamado: Suero','2025-08-03','16:16:42',12345678,1),(135,'Alimentos','Registró un Alimento llamado: Yogurt','2025-08-03','16:17:15',12345678,1),(136,'Alimentos','Registró un Alimento llamado: Agua Potable','2025-08-03','16:37:52',12345678,1),(137,'Alimentos','Registró un Alimento llamado: Refresco Coca Cola','2025-08-03','16:38:46',12345678,1),(138,'Alimentos','Registró un Alimento llamado: Jugo De Naranja','2025-08-03','16:39:07',12345678,1),(139,'Alimentos','Registró un Alimento llamado: Jugo De Naranja','2025-08-03','16:39:26',12345678,1),(140,'Alimentos','Registró un Alimento llamado: Jugo De Manzana','2025-08-03','16:39:48',12345678,1),(141,'Alimentos','Registró un Alimento llamado: Jugo De Pera','2025-08-03','16:40:13',12345678,1),(142,'Alimentos','Registró un Alimento llamado: Malta','2025-08-03','16:40:57',12345678,1),(143,'Alimentos','Registró un Alimento llamado: Refresco','2025-08-03','16:41:13',12345678,1),(144,'Consultar Alimentos','Se Modificó los datos del Alimento:Jugo De Naranja','2025-08-03','16:41:38',12345678,1),(145,'Alimentos','Registró un Alimento llamado: Curry En Polvo','2025-08-03','16:59:18',12345678,1),(146,'Alimentos','Registró un Alimento llamado: Adobo','2025-08-03','17:00:11',12345678,1),(147,'Alimentos','Registró un Alimento llamado: Ajo En Polvo','2025-08-03','17:00:36',12345678,1),(148,'Alimentos','Registró un Alimento llamado: Canela En Polvo','2025-08-03','17:01:11',12345678,1),(149,'Alimentos','Registró un Alimento llamado: Comino','2025-08-03','17:01:30',12345678,1),(150,'Alimentos','Registró un Alimento llamado: Mayonesa','2025-08-03','17:01:53',12345678,1),(151,'Alimentos','Registró un Alimento llamado: Mostaza','2025-08-03','17:02:16',12345678,1),(152,'Alimentos','Registró un Alimento llamado: Oregano','2025-08-03','17:02:36',12345678,1),(153,'Alimentos','Registró un Alimento llamado: Pimienta Negra','2025-08-03','17:03:11',12345678,1),(154,'Alimentos','Registró un Alimento llamado: Sal','2025-08-03','17:03:40',12345678,1),(155,'Alimentos','Registró un Alimento llamado: Salsa De Tomate Bologna','2025-08-03','17:04:18',12345678,1),(156,'Alimentos','Registró un Alimento llamado: Salsa De Soya','2025-08-03','17:04:40',12345678,1),(157,'Alimentos','Registró un Alimento llamado: Salsa De Tomate','2025-08-03','17:05:15',12345678,1),(158,'Consultar Alimentos','Se Modificó los datos del Alimento:Salsa De Soya','2025-08-03','17:06:10',12345678,1),(159,'Alimentos','Registró un Alimento llamado: Harina De Maiz','2025-08-03','17:20:00',12345678,1),(160,'Alimentos','Registró un Alimento llamado: Harina De Maiz','2025-08-03','17:21:13',12345678,1),(161,'Alimentos','Registró un Alimento llamado: Arroz','2025-08-03','17:21:47',12345678,1),(162,'Alimentos','Registró un Alimento llamado: Arroz','2025-08-03','17:22:40',12345678,1),(163,'Alimentos','Registró un Alimento llamado: Pasta Larga','2025-08-03','17:23:06',12345678,1),(164,'Alimentos','Registró un Alimento llamado: Pasta Corta De Pluma','2025-08-03','17:24:06',12345678,1),(165,'Alimentos','Registró un Alimento llamado: Pasta Corta De Codo','2025-08-03','17:24:46',12345678,1),(166,'Alimentos','Registró un Alimento llamado: Harina De Trigo','2025-08-03','17:25:16',12345678,1),(167,'Alimentos','Registró un Alimento llamado: Harina De Trigo','2025-08-03','17:26:49',12345678,1),(168,'Alimentos','Registró un Alimento llamado: Cheddar','2025-08-03','17:27:15',12345678,1),(169,'Alimentos','Registró un Alimento llamado: Diablitos','2025-08-03','17:28:00',12345678,1),(170,'Alimentos','Registró un Alimento llamado: Sardinas En Salsa De Tomate','2025-08-03','17:28:40',12345678,1),(171,'Alimentos','Registró un Alimento llamado: Mantequilla','2025-08-03','17:29:02',12345678,1),(172,'Alimentos','Registró un Alimento llamado: Aceite De Soja','2025-08-03','17:29:47',12345678,1),(173,'Alimentos','Registró un Alimento llamado: Sardinas En Aceite Vegetal','2025-08-03','17:32:06',12345678,1),(174,'Alimentos','Registró un Alimento llamado: Cafe','2025-08-03','17:32:28',12345678,1),(175,'Alimentos','Registró un Alimento llamado: Atun Enlatado','2025-08-03','17:32:54',12345678,1),(176,'Alimentos','Registró un Alimento llamado: Atun Enlatado','2025-08-03','17:33:38',12345678,1),(177,'Alimentos','Registró un Alimento llamado: Avena','2025-08-03','17:34:06',12345678,1),(178,'Alimentos','Registró un Alimento llamado: Cereal','2025-08-03','17:36:19',12345678,1),(179,'Alimentos','Registró un Alimento llamado: Cereal','2025-08-03','17:36:37',12345678,1),(180,'Alimentos','Registró un Alimento llamado: Cereal','2025-08-03','17:37:06',12345678,1),(181,'Alimentos','Registró un Alimento llamado: Pan Arabe','2025-08-03','17:39:58',12345678,1),(182,'Alimentos','Registró un Alimento llamado: Sandwich','2025-08-03','17:40:22',12345678,1),(183,'Alimentos','Registró un Alimento llamado: Pan Canilla','2025-08-03','17:40:44',12345678,1),(184,'Alimentos','Registró un Alimento llamado: Pan Piñita','2025-08-03','17:41:00',12345678,1),(185,'Alimentos','Registró un Alimento llamado: Pan Sobado','2025-08-03','17:41:29',12345678,1),(186,'Alimentos','Registró un Alimento llamado: Pan Frances','2025-08-03','17:41:46',12345678,1),(187,'Login','El Usuario Servicio Nutricional : Inició sesión','2025-08-03','17:45:48',12345678,1),(188,'Alimentos','Registró un Alimento llamado: Mini Pan De Guayaba','2025-08-03','17:46:18',12345678,1),(189,'Alimentos','Registró un Alimento llamado: Mini Pan De Arequipe','2025-08-03','17:46:39',12345678,1),(190,'Alimentos','Registró un Alimento llamado: Catalina','2025-08-03','17:47:07',12345678,1),(191,'Alimentos','Registró un Alimento llamado: Vinagre Blanco','2025-08-03','18:12:50',12345678,1),(192,'Alimentos','Registró un Alimento llamado: Maíz En Grano','2025-08-03','18:14:17',12345678,1),(193,'Alimentos','Registró un Alimento llamado: Mermelada De Fresa','2025-08-03','18:21:26',12345678,1),(194,'Alimentos','Registró un Alimento llamado: Chocolate En Polvo','2025-08-03','18:21:49',12345678,1),(195,'Alimentos','Registró un Alimento llamado: Galleta De Leche','2025-08-03','18:22:16',12345678,1),(196,'Alimentos','Registró un Alimento llamado: Azucar','2025-08-03','18:22:35',12345678,1),(197,'Alimentos','Registró un Alimento llamado: Crema De Mani','2025-08-03','18:22:55',12345678,1),(198,'Alimentos','Registró un Alimento llamado: Galleta Con Relleno De Fresa','2025-08-03','18:23:34',12345678,1),(199,'Alimentos','Registró un Alimento llamado: Galleta Con Relleno De Chocolate','2025-08-03','18:24:00',12345678,1),(200,'Alimentos','Registró un Alimento llamado: Galleta Con Relleno De Vainilla','2025-08-03','18:24:36',12345678,1),(201,'Alimentos','Registró un Alimento llamado: Galleta','2025-08-03','18:25:11',12345678,1),(202,'Alimentos','Registró un Alimento llamado: Mermelada De Guayaba','2025-08-03','18:25:45',12345678,1),(203,'Alimentos','Registró un Alimento llamado: Galleta De Chocolate','2025-08-03','18:26:11',12345678,1),(204,'Alimentos','Registró un Alimento llamado: Gelatina De Limon','2025-08-03','18:28:13',12345678,1),(205,'Alimentos','Registró un Alimento llamado: Gelatina De Fresa','2025-08-03','18:28:45',12345678,1),(206,'Alimentos','Registró un Alimento llamado: Leche Condensada','2025-08-03','18:31:14',12345678,1),(207,'Login','El Usuario Servicio Nutricional : Inició sesión','2025-08-03','21:07:30',12345678,1),(208,'Login','El Usuario Servicio Nutricional : Inició sesión','2025-08-11','17:26:25',12345678,1),(209,'Tipos Utensilios','Registró un Tipo Utensilios llamado: Bandejas','2025-08-11','17:26:48',12345678,1),(210,'Login','El usuario Servicio Nutricional   cerró sesión ','2025-08-11','17:27:19',12345678,1),(211,'Login','El Usuario Servicio Nutricional : Inició sesión','2025-08-11','17:28:11',12345678,1),(212,'Mantenimiento','Último Mantenimiento (Importación) realizado el 2025-08-29 15:35:00','2025-08-29','15:35:00',12345678,1),(213,'Mantenimiento','Último Mantenimiento (Importación) realizado el 2025-08-29 15:39:42','2025-08-29','15:39:42',12345678,1),(214,'Alimentos','Registró un Alimento llamado: Avena','2025-08-29','15:39:51',12345678,1),(215,'Alimentos','Registró un Alimento llamado: Diablito','2025-08-29','15:39:51',12345678,1),(216,'Mantenimiento','Último Mantenimiento (Exportación) realizado el 2025-08-29 15:44:00','2025-08-29','15:44:00',12345678,1),(217,'Mantenimiento','Último Mantenimiento (Importación) realizado el 2025-08-30 15:43:57','2025-08-30','15:43:57',12345678,1),(218,'Tipos Salidas','Registró un Tipo Salida llamado: Merma','2025-08-30','15:44:09',12345678,1),(219,'Inventario de Alimentos - Salida','Registró una salida de alimentos  en la fecha y hora: 2025-08-30 - 2025-08-30 la cual describe el motivo :  Se pudrieron','2025-08-30','15:44:49',12345678,1),(220,'Inventario de Alimentos - Salida','Registró una salida de alimentos  en la fecha y hora: 2025-08-30 - 2025-08-30 la cual describe el motivo :  Se partieron','2025-08-30','15:45:14',12345678,1),(221,'Inventario de Alimentos - Salida','Registró una salida de alimentos  en la fecha y hora: 2025-08-30 - 2025-08-30 la cual describe el motivo :  Se venció ','2025-08-30','15:46:05',12345678,1),(222,'Mantenimiento','Último Mantenimiento (Importación) realizado el 2025-09-02 20:03:37','2025-09-02','20:03:37',12345678,1),(223,'Inventario de los Alimentos - Salida','Consultó las salidas de los alimentos','2025-09-02','20:04:02',12345678,1),(224,'Inventario de Alimentos - Salida','Registró una salida de alimentos  en la fecha y hora: 2025-09-02 - 2025-09-02 la cual describe el motivo :  Se dañaron los aliños verdes','2025-09-02','20:06:06',12345678,1),(225,'Inventario de los Alimentos - Salida','Consultó las salidas de los alimentos','2025-09-02','20:06:39',12345678,1),(226,'Mantenimiento','Último Mantenimiento (Importación) realizado el 2025-09-02 20:10:41','2025-09-02','20:10:41',12345678,1),(227,'Inventario de los Alimentos - Salida','Consultó las salidas de los alimentos','2025-09-02','20:10:44',12345678,1),(228,'Alimentos','Registró un Alimento llamado: Diablito','2025-09-02','20:11:53',12345678,1),(229,'Consultar Alimentos','Se Modificó los datos del Alimento:Maizina','2025-09-02','20:11:53',12345678,1),(230,'Consultar Alimentos','Se anuló un alimento llamado: Maizina','2025-09-02','20:11:54',12345678,1),(231,'Inventario de Alimentos - Entrada','Registró una entrada de alimentos en la fecha y hora: 2025-08-30 - 12:23 la cual describe que es :  compra de alimentos','2025-09-02','20:11:54',12345678,1),(232,'Inventario de los Alimentos - Entrada','Consultó las entradas  de los alimentos de la fecha : 2024-06-12 hasta la fecha: 2024-07-23','2025-09-02','20:11:54',12345678,1),(233,'Inventario de los Alimentos - Entrada','Consultó las entradas  de los alimentos de la fecha : 2025-08-01 hasta la fecha: 2025-08-02','2025-09-02','20:11:54',12345678,1),(234,'Inventario de Alimentos - Entrada','Se anuló la entrada de alimentos de la fecha: 2025-08-07con la descripcion:  compra de alimentos','2025-09-02','20:11:54',12345678,1),(235,'Inventario de Alimentos - Stock','Consultó los estocks de los alimentos','2025-09-02','20:11:54',12345678,1),(236,'Inventario de Alimentos - Stock','Consultó los estocks de los alimentos','2025-09-02','20:11:54',12345678,1),(237,'Inventario de Alimentos - Salida','Registró una salida de alimentos  en la fecha y hora: 2025-08-25 - 2025-08-25 la cual describe el motivo :  se daño en el transporte','2025-09-02','20:11:54',12345678,1),(238,'Inventario de los Alimentos - Salida','Consultó las salidas de los alimentos de la fecha : 2025-06-12 hasta la fecha: 2025-07-23','2025-09-02','20:11:54',12345678,1),(239,'Inventario de los Alimentos - Salida','Consultó las salidas de los alimentos de la fecha : 2025-08-20 hasta la fecha: 2025-08-27','2025-09-02','20:11:54',12345678,1),(240,'Inventario de Alimentos - Salida','Se anuló la salida de alimentos de la fecha: 2025-09-02con la descripcion: Se dañaron los aliños verdes','2025-09-02','20:11:54',12345678,1),(241,'Login','El Usuario Servicio Nutricional : Inició sesión','2025-09-03','19:32:03',12345678,1),(242,'Login','El Usuario Servicio Nutricional : Inició sesión','2025-09-03','19:50:18',12345678,1),(243,'Inventario de Alimentos - Stock','Consultó los estocks de los alimentos','2025-09-03','19:51:41',12345678,1),(244,'Perfil','Modificó sus datos personales','2025-09-03','19:53:25',12345678,1),(245,'Perfil','Eliminó su foto de perfil','2025-09-03','19:53:28',12345678,1),(246,'Perfil','cambió su foto de perfil','2025-09-03','19:54:00',12345678,1),(247,'Perfil','Cambio su contraseña','2025-09-03','19:54:54',12345678,1),(248,'Login','El Usuario Servicio Nutricional: Inició sesión','2025-09-03','19:55:58',12345678,1),(249,'Login','El Usuario Servicio Nutricional: Inició sesión','2025-09-03','19:57:06',12345678,1),(250,'Perfil','Eliminó su foto de perfil','2025-09-03','20:01:47',12345678,1),(251,'Login','El Usuario Servicio Nutricional: Inició sesión','2025-09-03','20:04:17',12345678,1),(252,'Login','El usuario Servicio Nutricional  cerró sesión ','2025-09-03','20:06:02',12345678,1),(253,'Login','El Usuario Servicio Nutricional: Inició sesión','2025-09-03','20:06:04',12345678,1),(254,'Menú','Se registró un menú para el dia: 2025-09-11 n° comensales: 80','2025-09-03','20:08:53',12345678,1),(255,'Menú','Se despachó el alimento Mayonesa cantidad: 5 445 Gr','2025-09-03','20:08:53',12345678,1),(256,'Menú','Se despachó el alimento Harina De Maiz cantidad: 10 1 Kg','2025-09-03','20:08:53',12345678,1),(257,'Menú','Se despachó el alimento Queso Mozzarella cantidad: 5 Kg','2025-09-03','20:08:53',12345678,1),(258,'Menú','Se despachó el alimento Huevo De Codorniz cantidad: 100 Unidad','2025-09-03','20:08:53',12345678,1),(259,'Menú','Se despachó el alimento Salsa De Tomate cantidad: 5 397 Gr','2025-09-03','20:08:53',12345678,1),(260,'Mantenimiento','Último Mantenimiento (Importación) realizado el 2025-09-14 18:35:14','2025-09-14','18:35:14',12345678,1),(261,'Mantenimiento','Último Mantenimiento (Importación) realizado el 2025-09-14 19:40:53','2025-09-14','19:40:53',12345678,1),(262,'Inventario de los Alimentos - Salida','Consultó las salidas de los alimentos','2025-09-14','19:40:55',12345678,1),(263,'Inventario de los Alimentos - Salida','Consultó las salidas de los alimentos','2025-09-14','19:49:08',12345678,1),(264,'Mantenimiento','Último Mantenimiento (Exportación) realizado el 2025-09-14 19:50:05','2025-09-14','19:50:05',12345678,1),(265,'Inventario de los Alimentos - Salida','Consultó las salidas de los alimentos','2025-09-14','19:52:18',12345678,1),(266,'Inventario de Alimentos - Stock','Consultó los estocks de los alimentos','2025-09-14','19:52:47',12345678,1),(267,'Inventario de los Alimentos - Salida','Consultó las salidas de los alimentos','2025-09-14','19:53:36',12345678,1),(268,'Mantenimiento','Último Mantenimiento (Importación) realizado el 2025-09-19 19:34:38','2025-09-19','19:34:38',12345678,1),(269,'Mantenimiento','Último Mantenimiento (Exportación) realizado el 2025-09-19 19:42:45','2025-09-19','19:42:45',12345678,1),(270,'Login','El Usuario Servicio Nutricional: Inició sesión','2025-09-19','21:09:14',12345678,1),(271,'Login','El Usuario Servicio Nutricional: Inició sesión','2025-09-19','21:28:01',12345678,1),(272,'Login','El Usuario Servicio Nutricional: Inició sesión','2025-09-19','21:29:14',12345678,1),(273,'Login','El Usuario Servicio Nutricional: Inició sesión','2025-09-19','21:33:18',12345678,1),(274,'Login','El Usuario Servicio Nutricional: Inició sesión','2025-09-19','21:37:50',12345678,1),(275,'Login','El Usuario Servicio Nutricional: Inició sesión','2025-09-19','21:50:50',12345678,1),(276,'Login','El Usuario Servicio Nutricional: Inició sesión','2025-09-19','21:56:07',12345678,1),(277,'Login','El Usuario Servicio Nutricional: Inició sesión','2025-09-19','22:17:42',12345678,1),(278,'Login','El Usuario Servicio Nutricional: Inició sesión','2025-09-20','18:05:26',12345678,1),(279,'Modificar Menú','horarioComida de \'Desayuno\' a \'Almuerzo\'','2025-09-20','18:05:42',12345678,1),(280,'Modificar Menú','cantPlatos de \'95\' a \'95\'','2025-09-20','18:05:42',12345678,1),(281,'Modificar Menú','cantPlatos de \'95\' a \'95\'','2025-09-20','18:05:49',12345678,1),(282,'Modificar Menú','descripcion de \'Cachapas con queso cheddar y jugo de guayaba\' a \'Cachapas con queso cheddar y jugo de guayaba 2\'','2025-09-20','18:05:49',12345678,1),(283,'Modificar Menú','cantPlatos de \'95\' a \'90\'','2025-09-20','18:05:57',12345678,1),(284,'Modificar Menú','feMenu de \'2026-01-01\' a \'2026-01-02\'','2025-09-20','18:06:06',12345678,1),(285,'Modificar Menú','cantPlatos de \'95\' a \'95\'','2025-09-20','18:06:06',12345678,1),(286,'Modificar Menú','feMenu de \'2026-01-01\' a \'2026-02-07\'','2025-09-20','18:06:48',12345678,1),(287,'Modificar Menú','horarioComida de \'Desayuno\' a \'Almuerzo\'','2025-09-20','18:06:48',12345678,1),(288,'Modificar Menú','cantPlatos de \'95\' a \'93\'','2025-09-20','18:06:48',12345678,1),(289,'Modificar Menú','feMenu de \'2026-01-01\' a \'2026-01-22\'','2025-09-20','18:07:21',12345678,1),(290,'Modificar Menú','horarioComida de \'Desayuno\' a \'Almuerzo\'','2025-09-20','18:07:21',12345678,1),(291,'Modificar Menú','cantPlatos de \'95\' a \'95\'','2025-09-20','18:07:21',12345678,1),(292,'Modificar Menú','feMenu de \'2026-01-01\' a \'2026-01-08\'','2025-09-20','18:08:35',12345678,1),(293,'Modificar Menú','horarioComida de \'Desayuno\' a \'Merienda\'','2025-09-20','18:08:35',12345678,1),(294,'Modificar Menú','cantPlatos de \'95\' a \'90\'','2025-09-20','18:08:35',12345678,1),(295,'Modificar Menú','feMenu de \'2026-01-01\' a \'2026-04-14\'','2025-09-20','18:17:27',12345678,1),(296,'Modificar Menú','horarioComida de \'Desayuno\' a \'Almuerzo\'','2025-09-20','18:17:27',12345678,1),(297,'Modificar Menú','cantPlatos de \'95\' a \'90\'','2025-09-20','18:17:27',12345678,1),(298,'Modificar Menú','descripcion de \'Cachapas con queso cheddar y jugo de guayaba 2\' a \'Cachapas con queso cheddar y jugo de guayaba 3\'','2025-09-20','18:17:27',12345678,1),(299,'Modificar Menú','feMenu de \'2026-01-01\' a \'2026-07-29\'','2025-09-20','18:22:54',12345678,1),(300,'Modificar Menú','horarioComida de \'Desayuno\' a \'Merienda\'','2025-09-20','18:22:54',12345678,1),(301,'Modificar Menú','cantPlatos de \'95\' a \'90\'','2025-09-20','18:22:54',12345678,1),(302,'Modificar Menú','descripcion de \'Cachapas con queso cheddar y jugo de guayaba 3\' a \'Cachapas con queso cheddar y jugo de guayaba 5\'','2025-09-20','18:22:54',12345678,1),(303,'Modificar Menú','feMenu de \'2026-01-01\' a \'2026-09-18\'','2025-09-20','18:28:35',12345678,1),(304,'Modificar Menú','horarioComida de \'Desayuno\' a \'Almuerzo\'','2025-09-20','18:28:35',12345678,1),(305,'Modificar Menú','cantPlatos de \'95\' a \'90\'','2025-09-20','18:28:35',12345678,1),(306,'Modificar Menú','horarioComida de \'Desayuno\' a \'Merienda\'','2025-09-20','18:46:11',12345678,1),(307,'Modificar Menú','cantPlatos de \'95\' a \'90\'','2025-09-20','18:46:11',12345678,1),(308,'Modificar Menú','horarioComida de \'Merienda\' a \'Cena\'','2025-09-20','18:49:27',12345678,1),(309,'Modificar Menú','cantPlatos de \'90\' a \'98\'','2025-09-20','18:49:27',12345678,1),(310,'Modificar Menú','descripcion de \'Cachapas con queso cheddar y jugo de guayaba 5\' a \'Cachapas con queso cheddar y jugo de guayaba 2\'','2025-09-20','18:49:27',12345678,1),(311,'Modificar Menú','feMenu de \'2026-01-01\' a \'2026-08-13\'','2025-09-20','18:49:39',12345678,1),(312,'Modificar Menú','cantPlatos de \'98\' a \'98\'','2025-09-20','18:49:39',12345678,1),(313,'Modificar Menú','cantPlatos de \'98\' a \'90\'','2025-09-20','18:49:53',12345678,1),(314,'Modificar Menú','horarioComida de \'Cena\' a \'Desayuno\'','2025-09-20','18:49:58',12345678,1),(315,'Modificar Menú','cantPlatos de \'90\' a \'90\'','2025-09-20','18:49:58',12345678,1),(316,'Modificar Menú','cantPlatos de \'90\' a \'90\'','2025-09-20','18:51:05',12345678,1),(317,'Modificar Menú','horarioComida de \'Desayuno\' a \'Merienda\'','2025-09-20','18:52:48',12345678,1),(318,'Modificar Menú','cantPlatos de \'90\' a \'95\'','2025-09-20','18:52:48',12345678,1),(319,'Login','El Usuario Servicio Nutricional: Inició sesión','2025-09-20','19:34:10',12345678,1),(320,'Modificar Evento','cantPlatos de \'150\' a \'151\'','2025-09-20','19:35:07',12345678,1),(321,'Modificar Evento','cantPlatos de \'190\' a \'191\'','2025-09-20','19:35:30',12345678,1),(322,'Modificar Evento','cantPlatos de \'175\' a \'170\'','2025-09-20','19:35:56',12345678,1),(323,'Modificar Evento','cantPlatos de \'191\' a \'191\'','2025-09-20','19:36:12',12345678,1),(324,'Modificar Evento','cantPlatos de \'170\' a \'175\'','2025-09-20','19:36:30',12345678,1),(325,'Modificar Evento','cantPlatos de \'175\' a \'175\'','2025-09-20','19:37:04',12345678,1),(326,'Modificar Evento','horarioComida de \'Almuerzo\' a \'Merienda\'','2025-09-20','19:37:20',12345678,1),(327,'Modificar Evento','cantPlatos de \'191\' a \'191\'','2025-09-20','19:37:20',12345678,1),(328,'Modificar Evento','cantPlatos de \'175\' a \'175\'','2025-09-20','19:37:29',12345678,1),(329,'Modificar Evento','cantPlatos de \'191\' a \'191\'','2025-09-20','19:37:37',12345678,1),(330,'Modificar Evento','horarioComida de \'Merienda\' a \'Desayuno\'','2025-09-20','19:37:59',12345678,1),(331,'Modificar Evento','cantPlatos de \'191\' a \'191\'','2025-09-20','19:37:59',12345678,1),(332,'Modificar Evento','cantPlatos de \'175\' a \'175\'','2025-09-20','19:38:13',12345678,1),(333,'Modificar Evento','cantPlatos de \'191\' a \'191\'','2025-09-20','19:38:19',12345678,1),(334,'Modificar Evento','horarioComida de \'Desayuno\' a \'Merienda\'','2025-09-20','19:38:43',12345678,1),(335,'Modificar Evento','cantPlatos de \'191\' a \'190\'','2025-09-20','19:38:43',12345678,1),(336,'Modificar Evento','nomEvent de \'Almuerzo de Proveedores\' a \'Almuerzo de Proveedores 4\'','2025-09-20','19:38:43',12345678,1),(337,'Modificar Evento','descripEvent de \'Comida de agradecimiento a los proveedores\' a \'Comida de agradecimiento a los proveedores 2\'','2025-09-20','19:38:43',12345678,1),(338,'Modificar Evento','descripcion de \'Despacho para Almuerzo de Proveedores\' a \'Despacho para Almuerzo de Proveedores 2\'','2025-09-20','19:38:43',12345678,1),(339,'Modificar Evento','cantPlatos de \'190\' a \'190\'','2025-09-20','19:38:56',12345678,1),(340,'Modificar Evento','nomEvent de \'Almuerzo de Proveedores\' a \'Almuerzo de Proveedores 4\'','2025-09-20','19:38:56',12345678,1),(341,'Modificar Evento','descripEvent de \'Comida de agradecimiento a los proveedores\' a \'Comida de agradecimiento a los proveedores 2\'','2025-09-20','19:38:56',12345678,1),(342,'Modificar Evento','cantPlatos de \'175\' a \'175\'','2025-09-20','19:39:13',12345678,1),(343,'Modificar Evento','horarioComida de \'Merienda\' a \'Almuerzo\'','2025-09-20','19:39:32',12345678,1),(344,'Modificar Evento','cantPlatos de \'190\' a \'190\'','2025-09-20','19:39:32',12345678,1),(345,'Modificar Evento','nomEvent de \'Almuerzo de Proveedores\' a \'Almuerzo de Proveedores f\'','2025-09-20','19:39:32',12345678,1),(346,'Modificar Evento','descripEvent de \'Comida de agradecimiento a los proveedores\' a \'Comida de agradecimiento a los proveedores f\'','2025-09-20','19:39:32',12345678,1),(347,'Modificar Evento','cantPlatos de \'190\' a \'195\'','2025-09-20','19:43:46',12345678,1),(348,'Modificar Evento','cantPlatos de \'195\' a \'196\'','2025-09-20','19:44:53',12345678,1),(349,'Modificar Evento','cantPlatos de \'175\' a \'175\'','2025-09-20','19:45:04',12345678,1),(350,'Modificar Evento','cantPlatos de \'196\' a \'196\'','2025-09-20','19:45:07',12345678,1),(351,'Modificar Evento','cantPlatos de \'196\' a \'192\'','2025-09-20','19:48:49',12345678,1),(352,'Modificar Evento','cantPlatos de \'192\' a \'192\'','2025-09-20','19:49:37',12345678,1),(353,'Modificar Evento','nomEvent de \'Almuerzo de Proveedores\' a \'Almuerzo de Proveedores e\'','2025-09-20','19:49:37',12345678,1),(354,'Modificar Evento','cantPlatos de \'192\' a \'190\'','2025-09-20','19:52:02',12345678,1),(355,'Modificar Evento','cantPlatos de \'190\' a \'195\'','2025-09-20','19:52:56',12345678,1),(356,'Modificar Evento','horarioComida de \'Almuerzo\' a \'Merienda\'','2025-09-20','20:09:00',12345678,1),(357,'Modificar Evento','cantPlatos de \'170\' a \'171\'','2025-09-20','20:09:00',12345678,1),(358,'Modificar Evento','nomEvent de \'Cena Temática\' a \'Cena Temática d\'','2025-09-20','20:09:00',12345678,1),(359,'Modificar Evento','descripEvent de \'Noche de comida asiática\' a \'Noche de comida asiática f\'','2025-09-20','20:09:00',12345678,1),(360,'Modificar Evento','descripcion de \'Despacho para Cena Temática\' a \'Despacho para Cena Temática dd\'','2025-09-20','20:09:00',12345678,1),(361,'Modificar Evento','cantPlatos de \'171\' a \'171\'','2025-09-20','20:41:07',12345678,1),(362,'Modificar Evento','nomEvent de \'Cena Temática\' a \'Cena Temática dd\'','2025-09-20','20:41:07',12345678,1),(363,'Modificar Evento','descripEvent de \'Noche de comida asiática\' a \'Noche de comida asiática dd\'','2025-09-20','20:41:07',12345678,1),(364,'Modificar Evento','cantPlatos de \'260\' a \'260\'','2025-09-20','20:41:11',12345678,1),(365,'Modificar Evento','horarioComida de \'Merienda\' a \'Almuerzo\'','2025-09-20','20:41:21',12345678,1),(366,'Modificar Evento','cantPlatos de \'171\' a \'171\'','2025-09-20','20:41:21',12345678,1),(367,'Modificar Evento','cantPlatos de \'260\' a \'260\'','2025-09-20','20:41:24',12345678,1),(368,'Modificar Evento','horarioComida de \'Almuerzo\' a \'Merienda\'','2025-09-20','20:43:03',12345678,1),(369,'Modificar Evento','cantPlatos de \'171\' a \'175\'','2025-09-20','20:43:03',12345678,1),(370,'Modificar Evento','nomEvent de \'Cena Temática dd\' a \'Cena Temática \'','2025-09-20','20:43:03',12345678,1),(371,'Modificar Evento','descripEvent de \'Noche de comida asiática dd\' a \'Noche de comida asiática \'','2025-09-20','20:43:03',12345678,1),(372,'Modificar Evento','descripcion de \'Despacho para Cena Temática dd\' a \'Despacho para Cena Temática \'','2025-09-20','20:43:03',12345678,1),(373,'Login','El Usuario Servicio Nutricional: Inició sesión','2025-09-20','21:13:00',12345678,1),(374,'Inventario de Alimentos - Stock','Consultó los estocks de los alimentos','2025-09-20','21:22:41',12345678,1),(375,'Login','El Usuario Servicio Nutricional: Inició sesión','2025-09-20','21:25:11',12345678,1),(376,'Inventario de Alimentos - Stock','Consultó los estocks de los alimentos','2025-09-20','21:26:08',12345678,1),(377,'Login','El Usuario Servicio Nutricional: Inició sesión','2025-09-20','21:32:57',12345678,1),(378,'Login','El Usuario Servicio Nutricional: Inició sesión','2025-09-23','10:35:56',12345678,1),(379,'Perfil','cambió su foto de perfil','2025-09-23','10:37:18',12345678,1),(380,'Login','El Usuario Servicio Nutricional: Inició sesión','2025-09-23','10:43:03',12345678,1),(381,'Login','El Usuario Servicio Nutricional: Inició sesión','2025-09-23','10:46:09',12345678,1),(382,'Login','El Usuario Servicio Nutricional: Inició sesión','2025-09-23','10:49:46',12345678,1),(383,'Inventario de Alimentos - Stock','Consultó los estocks de los alimentos','2025-09-23','10:51:07',12345678,1),(384,'Login','El Usuario Servicio Nutricional: Inició sesión','2025-09-23','10:56:32',12345678,1),(385,'Login','El Usuario Servicio Nutricional: Inició sesión','2025-09-23','10:58:35',12345678,1),(386,'Inventario de Alimentos - Stock','Consultó los estocks de los alimentos','2025-09-23','10:58:51',12345678,1),(387,'Login','El Usuario Servicio Nutricional: Inició sesión','2025-09-23','11:21:16',12345678,1),(388,'Login','El Usuario Servicio Nutricional: Inició sesión','2025-09-23','11:22:03',12345678,1),(389,'Login','El Usuario Servicio Nutricional: Inició sesión','2025-09-23','11:22:54',12345678,1),(390,'Login','El Usuario Servicio Nutricional: Inició sesión','2025-09-23','11:23:42',12345678,1),(391,'Login','El Usuario Servicio Nutricional: Inició sesión','2025-09-23','11:30:52',12345678,1),(392,'Login','El Usuario Servicio Nutricional: Inició sesión','2025-09-23','11:46:47',12345678,1),(393,'Login','El Usuario Servicio Nutricional: Inició sesión','2025-09-23','11:52:28',12345678,1),(394,'Login','El Usuario Servicio Nutricional: Inició sesión','2025-09-23','12:01:03',12345678,1),(395,'Login','El Usuario Servicio Nutricional: Inició sesión','2025-09-23','12:02:58',12345678,1),(396,'Login','El Usuario Servicio Nutricional: Inició sesión','2025-09-23','12:36:20',12345678,1),(397,'Login','El Usuario Servicio Nutricional: Inició sesión','2025-09-23','12:37:44',12345678,1),(398,'Login','El Usuario Servicio Nutricional: Inició sesión','2025-09-23','12:51:55',12345678,1),(399,'Login','El Usuario Servicio Nutricional: Inició sesión','2025-09-23','12:53:59',12345678,1),(400,'Login','El Usuario Servicio Nutricional: Inició sesión','2025-09-23','12:55:50',12345678,1),(401,'Login','El Usuario Servicio Nutricional: Inició sesión','2025-09-23','13:00:07',12345678,1),(402,'Login','El Usuario Servicio Nutricional: Inició sesión','2025-09-23','14:19:59',12345678,1),(403,'Login','El Usuario Servicio Nutricional: Inició sesión','2025-09-23','14:22:40',12345678,1),(404,'Perfil','Cambio su contraseña','2025-09-23','14:23:27',12345678,1),(405,'Login','El Usuario Servicio Nutricional: Inició sesión','2025-09-23','14:59:10',12345678,1),(406,'Asistencia','Se han registrado 2 comensales','2025-09-23','14:59:56',12345678,1),(407,'Login','El Usuario Servicio Nutricional: Inició sesión','2025-09-23','16:29:53',12345678,1),(408,'Inventario de Alimentos - Stock','Consultó los estocks de los alimentos','2025-09-23','17:21:36',12345678,1),(409,'Inventario de Alimentos - Stock','Consultó los estocks de los alimentos','2025-09-23','17:29:52',12345678,1),(410,'Inventario de Alimentos - Stock','Consultó los estocks de los alimentos','2025-09-23','18:11:39',12345678,1),(411,'Login','El Usuario Servicio Nutricional: Inició sesión','2025-09-24','15:14:30',12345678,1),(412,'Login','El usuario Servicio Nutricional  cerró sesión ','2025-09-24','15:16:08',12345678,1),(413,'Login','El Usuario Servicio Nutricional: Inició sesión','2025-09-24','15:36:16',12345678,1),(414,'Login','El Usuario Servicio Nutricional: Inició sesión','2025-09-24','16:26:07',12345678,1),(415,'Login','El Usuario Servicio Nutricional: Inició sesión','2025-09-26','16:01:21',12345678,1),(416,'Inventario de Alimentos - Stock','Consultó los estocks de los alimentos','2025-09-26','17:03:35',12345678,1),(417,'Login','El Usuario Servicio Nutricional: Inició sesión','2025-09-26','17:40:03',12345678,1),(418,'Login','El Usuario Servicio Nutricional: Inició sesión','2025-09-26','17:57:53',12345678,1),(419,'Login','El Usuario Servicio Nutricional: Inició sesión','2025-09-26','17:59:52',12345678,1),(420,'Asistencia','Se han registrado 6 comensales','2025-09-26','18:01:11',12345678,1),(421,'Login','El Usuario Servicio Nutricional: Inició sesión','2025-09-27','12:28:45',12345678,1);
/*!40000 ALTER TABLE `bitacora` ENABLE KEYS */;
UNLOCK TABLES;

--
-- Table structure for table `modulo`
--

DROP TABLE IF EXISTS `modulo`;
/*!40101 SET @saved_cs_client     = @@character_set_client */;
/*!40101 SET character_set_client = utf8 */;
CREATE TABLE `modulo` (
  `idModulo` int(11) NOT NULL AUTO_INCREMENT,
  `nombreModulo` varchar(1000) CHARACTER SET utf8mb4 COLLATE utf8mb4_unicode_ci NOT NULL,
  `status` tinyint(1) NOT NULL,
  PRIMARY KEY (`idModulo`)
) ENGINE=InnoDB AUTO_INCREMENT=20 DEFAULT CHARSET=utf8mb4 COLLATE=utf8mb4_general_ci;
/*!40101 SET character_set_client = @saved_cs_client */;

--
-- Dumping data for table `modulo`
--

LOCK TABLES `modulo` WRITE;
/*!40000 ALTER TABLE `modulo` DISABLE KEYS */;
INSERT INTO `modulo` VALUES (1,'Home',1),(2,'Usuarios',1),(3,'Roles',1),(4,'Modulos',1),(5,'Permisos',1),(6,'Bitacora',1),(7,'Estudiantes',1),(8,'Asistencias',1),(9,'Menú',1),(10,'Eventos',1),(11,'Tipos de Alimentos',1),(12,'Alimentos',1),(13,'Inventario de Alimentos',1),(14,'Tipos de Utensilios',1),(15,'Utensilios',1),(16,'Inventario de Utensilios',1),(17,'Tipos de Salidas',1),(18,'Reporte Estadistico',1),(19,'Mantenimiento',1);
/*!40000 ALTER TABLE `modulo` ENABLE KEYS */;
UNLOCK TABLES;

--
-- Table structure for table `notificaciones`
--

DROP TABLE IF EXISTS `notificaciones`;
/*!40101 SET @saved_cs_client     = @@character_set_client */;
/*!40101 SET character_set_client = utf8 */;
CREATE TABLE `notificaciones` (
  `idNotificaciones` int(11) NOT NULL AUTO_INCREMENT,
  `titulo` varchar(255) NOT NULL,
  `mensaje` text NOT NULL,
  `tipo` varchar(255) NOT NULL,
  `fechaNoti` date NOT NULL,
  PRIMARY KEY (`idNotificaciones`)
) ENGINE=InnoDB AUTO_INCREMENT=20 DEFAULT CHARSET=utf8mb4 COLLATE=utf8mb4_general_ci;
/*!40101 SET character_set_client = @saved_cs_client */;

--
-- Dumping data for table `notificaciones`
--

LOCK TABLES `notificaciones` WRITE;
/*!40000 ALTER TABLE `notificaciones` DISABLE KEYS */;
INSERT INTO `notificaciones` VALUES (1,'Nuevo Tipo de Utensilio','Se ha registrado un nuevo tipo de utensilio llamado: Bandejas','informacion','0000-00-00'),(2,'Registro de Salida de Alimentos','Se registro una salida de alimentos en la fecha y hora: 2025-08-30 - 15:44 la cual describe que es :  Se pudrieron','informacion','0000-00-00'),(3,'Salida de Merma','Se ha realizado una salida por motivo de Merma en la fecha y hora:2025-08-30-15:44','informacion','0000-00-00'),(4,'Registro de Salida de Alimentos','Se registro una salida de alimentos en la fecha y hora: 2025-08-30 - 15:44 la cual describe que es :  Se partieron','informacion','0000-00-00'),(5,'Salida de Merma','Se ha realizado una salida por motivo de Merma en la fecha y hora:2025-08-30-15:44','informacion','0000-00-00'),(6,'Registro de Salida de Alimentos','Se registro una salida de alimentos en la fecha y hora: 2025-08-30 - 15:45 la cual describe que es :  Se venció ','informacion','0000-00-00'),(7,'Salida de Merma','Se ha realizado una salida por motivo de Merma en la fecha y hora:2025-08-30-15:45','informacion','0000-00-00'),(8,'Registro de Salida de Alimentos','Se registro una salida de alimentos en la fecha y hora: 2025-09-02 - 20:05 la cual describe que es :  Se dañaron los aliños verdes','informacion','0000-00-00'),(9,'Salida de Merma','Se ha realizado una salida por motivo de Merma en la fecha y hora:2025-09-02-20:05','informacion','0000-00-00'),(10,'Registro de Entrada de Alimentos','Se registro una entrada de alimentos en la fecha y hora: 2025-08-30 - 12:23 la cual describe que es :  compra de alimentos','informacion','0000-00-00'),(11,'Registro de Salida de Alimentos','Se registro una salida de alimentos en la fecha y hora: 2025-08-25 - 13:20 la cual describe que es :  se daño en el transporte','informacion','0000-00-00'),(12,'Salida de Merma','Se ha realizado una salida por motivo de Merma en la fecha y hora:2025-08-25-13:20','informacion','0000-00-00'),(13,'Menú Del Dia - Desayuno','Descripción: Arepa con salsa rosado y huevo sancochado hecho para 80° comensales. Su asistencia esta disponible para el registro','Desayuno','2025-09-11'),(14,'Registro de menú','Se registro un menú para 80° Comensales  para el dia 2025-09-11 en el horario: Desayuno','informacion','0000-00-00'),(15,'Registro de Salida de Alimentos','Se registro una salida de alimentos en la fecha y hora: 2025-09-27 - 15:57 la cual describe que es :  se daño en el transporte','informacion','0000-00-00'),(16,'Salida de Merma','Se ha realizado una salida por motivo de Merma en la fecha y hora:2025-09-27-15:57','informacion','0000-00-00'),(17,'Registro de Salida de Utensilios','Se registro una salida de Utensilios en la fecha y hora: 2025-09-28 - 09:53 la cual describe que es :  se oxidaron','informacion','0000-00-00'),(18,'Registro de Entrada de Alimentos','Se registro una entrada de alimentos en la fecha y hora: 2025-09-28 - 15:19 la cual describe que es :  Compra de Curry','informacion','0000-00-00'),(19,'Registro de Entrada de Alimentos','Se registro una entrada de alimentos en la fecha y hora: 2025-09-28 - 15:33 la cual describe que es :  Compra de Maizina','informacion','0000-00-00');
/*!40000 ALTER TABLE `notificaciones` ENABLE KEYS */;
UNLOCK TABLES;

--
-- Table structure for table `notificaciones_usuarios`
--

DROP TABLE IF EXISTS `notificaciones_usuarios`;
/*!40101 SET @saved_cs_client     = @@character_set_client */;
/*!40101 SET character_set_client = utf8 */;
CREATE TABLE `notificaciones_usuarios` (
  `cedula` int(11) NOT NULL,
  `idNotificaciones` int(11) NOT NULL,
  `leida` int(11) DEFAULT NULL,
  PRIMARY KEY (`cedula`,`idNotificaciones`),
  KEY `idNotificaciones` (`idNotificaciones`),
  CONSTRAINT `notificaciones_usuarios_ibfk_1` FOREIGN KEY (`cedula`) REFERENCES `usuario` (`cedula`),
  CONSTRAINT `notificaciones_usuarios_ibfk_2` FOREIGN KEY (`idNotificaciones`) REFERENCES `notificaciones` (`idNotificaciones`)
) ENGINE=InnoDB DEFAULT CHARSET=utf8mb4 COLLATE=utf8mb4_general_ci;
/*!40101 SET character_set_client = @saved_cs_client */;

--
-- Dumping data for table `notificaciones_usuarios`
--

LOCK TABLES `notificaciones_usuarios` WRITE;
/*!40000 ALTER TABLE `notificaciones_usuarios` DISABLE KEYS */;
INSERT INTO `notificaciones_usuarios` VALUES (12345678,1,0),(12345678,2,0),(12345678,3,0),(12345678,4,0),(12345678,5,0),(12345678,6,0),(12345678,7,0),(12345678,8,0),(12345678,9,0),(12345678,10,0),(12345678,11,0),(12345678,12,0),(12345678,13,0),(12345678,14,1),(12345678,15,0),(12345678,16,0),(12345678,17,0),(12345678,18,0),(12345678,19,0);
/*!40000 ALTER TABLE `notificaciones_usuarios` ENABLE KEYS */;
UNLOCK TABLES;

--
-- Table structure for table `permiso`
--

DROP TABLE IF EXISTS `permiso`;
/*!40101 SET @saved_cs_client     = @@character_set_client */;
/*!40101 SET character_set_client = utf8 */;
CREATE TABLE `permiso` (
  `idPermiso` int(11) NOT NULL AUTO_INCREMENT,
  `nombrePermiso` varchar(100) CHARACTER SET utf8mb4 COLLATE utf8mb4_unicode_ci NOT NULL,
  `idRol` int(11) NOT NULL,
  `idModulo` int(11) NOT NULL,
  `status` tinyint(1) NOT NULL,
  PRIMARY KEY (`idPermiso`),
  KEY `idRol` (`idRol`),
  KEY `idModulo` (`idModulo`),
  CONSTRAINT `permiso_ibfk_1` FOREIGN KEY (`idRol`) REFERENCES `rol` (`idRol`),
  CONSTRAINT `permiso_ibfk_2` FOREIGN KEY (`idModulo`) REFERENCES `modulo` (`idModulo`)
) ENGINE=InnoDB AUTO_INCREMENT=390 DEFAULT CHARSET=utf8mb4 COLLATE=utf8mb4_general_ci;
/*!40101 SET character_set_client = @saved_cs_client */;

--
-- Dumping data for table `permiso`
--

LOCK TABLES `permiso` WRITE;
/*!40000 ALTER TABLE `permiso` DISABLE KEYS */;
INSERT INTO `permiso` VALUES (1,'consultar',1,1,1),(3,'consultar',1,2,1),(4,'registrar',1,2,1),(5,'modificar',1,2,1),(6,'eliminar',1,2,1),(7,'consultar',1,3,1),(8,'registrar',1,3,1),(9,'modificar',1,3,1),(10,'eliminar',1,3,1),(11,'consultar',1,4,1),(12,'modificar',1,4,1),(13,'consultar',1,5,1),(14,'modificar',1,5,1),(15,'consultar',1,6,1),(16,'consultar',1,7,1),(17,'registrar',1,7,1),(18,'consultar',1,8,1),(19,'registrar',1,8,1),(20,'modificar',1,8,1),(21,'eliminar',1,8,1),(22,'consultar',1,9,1),(23,'registrar',1,9,1),(24,'modificar',1,9,1),(25,'eliminar',1,9,1),(26,'consultar',1,10,1),(27,'registrar',1,10,1),(28,'modificar',1,10,1),(29,'modificar',1,10,1),(30,'eliminar',1,10,1),(31,'consultar',1,11,1),(32,'registrar',1,11,1),(33,'modificar',1,11,1),(34,'eliminar',1,11,1),(35,'consultar',1,12,1),(36,'registrar',1,12,1),(37,'modificar',1,12,1),(38,'eliminar',1,12,1),(39,'consultar',1,13,1),(40,'registrar',1,13,1),(41,'eliminar',1,13,1),(42,'consultar',1,14,1),(43,'registrar',1,14,1),(44,'modificar',1,14,1),(45,'eliminar',1,14,1),(46,'consultar',1,15,1),(47,'registrar',1,15,1),(48,'modificar',1,15,1),(49,'eliminar',1,15,1),(50,'consultar',1,16,1),(51,'registrar',1,16,1),(52,'eliminar',1,16,1),(53,'consultar',1,17,1),(54,'registrar',1,17,1),(55,'modificar',1,17,1),(56,'eliminar',1,17,1),(57,'consultar',1,18,1),(58,'Exportar',1,19,1),(59,'Importar',1,19,1),(60,'consultar',2,1,1),(61,'consultar',2,2,0),(62,'registrar',2,2,0),(63,'modificar',2,2,0),(64,'eliminar',2,2,0),(65,'consultar',2,3,0),(66,'registrar',2,3,0),(67,'modificar',2,3,0),(68,'eliminar',2,3,0),(69,'consultar',2,4,0),(70,'modificar',2,4,0),(71,'consultar',2,5,0),(72,'modificar',2,5,0),(73,'consultar',2,6,0),(74,'consultar',2,7,0),(75,'registrar',2,7,0),(76,'consultar',2,8,0),(77,'registrar',2,8,0),(78,'consultar',2,9,0),(79,'registrar',2,9,0),(80,'modificar',2,9,0),(81,'eliminar',2,9,0),(82,'consultar',2,10,0),(83,'registrar',2,10,0),(84,'modificar',2,10,0),(85,'eliminar',2,10,0),(86,'consultar',2,11,0),(87,'registrar',2,11,0),(88,'modificar',2,11,0),(89,'eliminar',2,11,0),(90,'consultar',2,12,0),(91,'registrar',2,12,0),(92,'modificar',2,12,0),(93,'eliminar',2,12,0),(94,'consultar',2,13,0),(95,'registrar',2,13,0),(96,'eliminar',2,13,0),(97,'consultar',2,14,0),(98,'registrar',2,14,0),(99,'modificar',2,14,0),(100,'eliminar',2,14,0),(101,'consultar',2,15,0),(102,'registrar',2,15,0),(103,'modificar',2,15,0),(104,'eliminar',2,15,0),(105,'consultar',2,16,0),(106,'registrar',2,16,0),(107,'eliminar',2,16,0),(108,'consultar',2,17,0),(109,'registrar',2,17,0),(110,'modificar',2,17,0),(111,'eliminar',2,17,0),(112,'consultar',2,18,0),(113,'Exportar',2,19,0),(114,'Importar',2,19,0),(115,'consultar',3,1,1),(116,'consultar',3,2,0),(117,'registrar',3,2,0),(118,'modificar',3,2,0),(119,'eliminar',3,2,0),(120,'consultar',3,3,0),(121,'registrar',3,3,0),(122,'modificar',3,3,0),(123,'eliminar',3,3,0),(124,'consultar',3,4,0),(125,'modificar',3,4,0),(126,'consultar',3,5,0),(127,'modificar',3,5,0),(128,'consultar',3,6,0),(129,'consultar',3,7,0),(130,'registrar',3,7,0),(131,'consultar',3,8,0),(132,'registrar',3,8,0),(133,'consultar',3,9,0),(134,'registrar',3,9,0),(135,'modificar',3,9,0),(136,'eliminar',3,9,0),(137,'consultar',3,10,0),(138,'registrar',3,10,0),(139,'modificar',3,10,0),(140,'eliminar',3,10,0),(141,'consultar',3,11,0),(142,'registrar',3,11,0),(143,'modificar',3,11,0),(144,'eliminar',3,11,0),(145,'consultar',3,12,0),(146,'registrar',3,12,0),(147,'modificar',3,12,0),(148,'eliminar',3,12,0),(149,'consultar',3,13,0),(150,'registrar',3,13,0),(151,'eliminar',3,13,0),(152,'consultar',3,14,0),(153,'registrar',3,14,0),(154,'modificar',3,14,0),(155,'eliminar',3,14,0),(156,'consultar',3,15,0),(157,'registrar',3,15,0),(158,'modificar',3,15,0),(159,'eliminar',3,15,0),(160,'consultar',3,16,0),(161,'registrar',3,16,0),(162,'eliminar',3,16,0),(163,'consultar',3,17,0),(164,'registrar',3,17,0),(165,'modificar',3,17,0),(166,'eliminar',3,17,0),(167,'consultar',3,18,0),(168,'Exportar',3,19,0),(169,'Importar',3,19,0),(170,'consultar',4,1,1),(171,'consultar',4,2,0),(172,'registrar',4,2,0),(173,'modificar',4,2,0),(174,'eliminar',4,2,0),(175,'consultar',4,3,0),(176,'registrar',4,3,0),(177,'modificar',4,3,0),(178,'eliminar',4,3,0),(179,'consultar',4,4,0),(180,'modificar',4,4,0),(181,'consultar',4,5,0),(182,'modificar',4,5,0),(183,'consultar',4,6,0),(184,'consultar',4,7,0),(185,'registrar',4,7,0),(186,'consultar',4,8,0),(187,'registrar',4,8,0),(188,'consultar',4,9,0),(189,'registrar',4,9,0),(190,'modificar',4,9,0),(191,'eliminar',4,9,0),(192,'consultar',4,10,0),(193,'registrar',4,10,0),(194,'modificar',4,10,0),(195,'eliminar',4,10,0),(196,'consultar',4,11,0),(197,'registrar',4,11,0),(198,'modificar',4,11,0),(199,'eliminar',4,11,0),(200,'consultar',4,12,0),(201,'registrar',4,12,0),(202,'modificar',4,12,0),(203,'eliminar',4,12,0),(204,'consultar',4,13,0),(205,'registrar',4,13,0),(206,'eliminar',4,13,0),(207,'consultar',4,14,0),(208,'registrar',4,14,0),(209,'modificar',4,14,0),(210,'eliminar',4,14,0),(211,'consultar',4,15,0),(212,'registrar',4,15,0),(213,'modificar',4,15,0),(214,'eliminar',4,15,0),(215,'consultar',4,16,0),(216,'registrar',4,16,0),(217,'eliminar',4,16,0),(218,'consultar',4,17,0),(219,'registrar',4,17,0),(220,'modificar',4,17,0),(221,'eliminar',4,17,0),(222,'consultar',4,18,0),(223,'Exportar',4,19,0),(224,'Importar',4,19,0),(225,'consultar',5,1,1),(226,'consultar',5,2,0),(227,'registrar',5,2,0),(228,'modificar',5,2,0),(229,'eliminar',5,2,0),(230,'consultar',5,3,0),(231,'registrar',5,3,0),(232,'modificar',5,3,0),(233,'eliminar',5,3,0),(234,'consultar',5,4,0),(235,'modificar',5,4,0),(236,'consultar',5,5,0),(237,'modificar',5,5,0),(238,'consultar',5,6,0),(239,'consultar',5,7,0),(240,'registrar',5,7,0),(241,'consultar',5,8,0),(242,'registrar',5,8,0),(243,'consultar',5,9,0),(244,'registrar',5,9,0),(245,'modificar',5,9,0),(246,'eliminar',5,9,0),(247,'consultar',5,10,0),(248,'registrar',5,10,0),(249,'modificar',5,10,0),(250,'eliminar',5,10,0),(251,'consultar',5,11,0),(252,'registrar',5,11,0),(253,'modificar',5,11,0),(254,'eliminar',5,11,0),(255,'consultar',5,12,0),(256,'registrar',5,12,0),(257,'modificar',5,12,0),(258,'eliminar',5,12,0),(259,'consultar',5,13,0),(260,'registrar',5,13,0),(261,'eliminar',5,13,0),(262,'consultar',5,14,0),(263,'registrar',5,14,0),(264,'modificar',5,14,0),(265,'eliminar',5,14,0),(266,'consultar',5,15,0),(267,'registrar',5,15,0),(268,'modificar',5,15,0),(269,'eliminar',5,15,0),(270,'consultar',5,16,0),(271,'registrar',5,16,0),(272,'eliminar',5,16,0),(273,'consultar',5,17,0),(274,'registrar',5,17,0),(275,'modificar',5,17,0),(276,'eliminar',5,17,0),(277,'consultar',5,18,0),(278,'Exportar',5,19,0),(279,'Importar',5,19,0),(280,'consultar',6,1,1),(281,'consultar',6,2,0),(282,'registrar',6,2,0),(283,'modificar',6,2,0),(284,'eliminar',6,2,0),(285,'consultar',6,3,0),(286,'registrar',6,3,0),(287,'modificar',6,3,0),(288,'eliminar',6,3,0),(289,'consultar',6,4,0),(290,'modificar',6,4,0),(291,'consultar',6,5,0),(292,'modificar',6,5,0),(293,'consultar',6,6,0),(294,'consultar',6,7,0),(295,'registrar',6,7,0),(296,'consultar',6,8,0),(297,'registrar',6,8,0),(298,'consultar',6,9,0),(299,'registrar',6,9,0),(300,'modificar',6,9,0),(301,'eliminar',6,9,0),(302,'consultar',6,10,0),(303,'registrar',6,10,0),(304,'modificar',6,10,0),(305,'eliminar',6,10,0),(306,'consultar',6,11,0),(307,'registrar',6,11,0),(308,'modificar',6,11,0),(309,'eliminar',6,11,0),(310,'consultar',6,12,0),(311,'registrar',6,12,0),(312,'modificar',6,12,0),(313,'eliminar',6,12,0),(314,'consultar',6,13,0),(315,'registrar',6,13,0),(316,'eliminar',6,13,0),(317,'consultar',6,14,0),(318,'registrar',6,14,0),(319,'modificar',6,14,0),(320,'eliminar',6,14,0),(321,'consultar',6,15,0),(322,'registrar',6,15,0),(323,'modificar',6,15,0),(324,'eliminar',6,15,0),(325,'consultar',6,16,0),(326,'registrar',6,16,0),(327,'eliminar',6,16,0),(328,'consultar',6,17,0),(329,'registrar',6,17,0),(330,'modificar',6,17,0),(331,'eliminar',6,17,0),(332,'consultar',6,18,0),(333,'Exportar',6,19,0),(334,'Importar',6,19,0),(335,'consultar',7,1,1),(336,'consultar',7,2,0),(337,'registrar',7,2,0),(338,'modificar',7,2,0),(339,'eliminar',7,2,0),(340,'consultar',7,3,0),(341,'registrar',7,3,0),(342,'modificar',7,3,0),(343,'eliminar',7,3,0),(344,'consultar',7,4,0),(345,'modificar',7,4,0),(346,'consultar',7,5,0),(347,'modificar',7,5,0),(348,'consultar',7,6,0),(349,'consultar',7,7,0),(350,'registrar',7,7,0),(351,'consultar',7,8,0),(352,'registrar',7,8,0),(353,'consultar',7,9,0),(354,'registrar',7,9,0),(355,'modificar',7,9,0),(356,'eliminar',7,9,0),(357,'consultar',7,10,0),(358,'registrar',7,10,0),(359,'modificar',7,10,0),(360,'eliminar',7,10,0),(361,'consultar',7,11,0),(362,'registrar',7,11,0),(363,'modificar',7,11,0),(364,'eliminar',7,11,0),(365,'consultar',7,12,0),(366,'registrar',7,12,0),(367,'modificar',7,12,0),(368,'eliminar',7,12,0),(369,'consultar',7,13,0),(370,'registrar',7,13,0),(371,'eliminar',7,13,0),(372,'consultar',7,14,0),(373,'registrar',7,14,0),(374,'modificar',7,14,0),(375,'eliminar',7,14,0),(376,'consultar',7,15,0),(377,'registrar',7,15,0),(378,'modificar',7,15,0),(379,'eliminar',7,15,0),(380,'consultar',7,16,0),(381,'registrar',7,16,0),(382,'eliminar',7,16,0),(383,'consultar',7,17,0),(384,'registrar',7,17,0),(385,'modificar',7,17,0),(386,'eliminar',7,17,0),(387,'consultar',7,18,0),(388,'Exportar',7,19,0),(389,'Importar',7,19,0);
/*!40000 ALTER TABLE `permiso` ENABLE KEYS */;
UNLOCK TABLES;

--
-- Table structure for table `rol`
--

DROP TABLE IF EXISTS `rol`;
/*!40101 SET @saved_cs_client     = @@character_set_client */;
/*!40101 SET character_set_client = utf8 */;
CREATE TABLE `rol` (
  `idRol` int(11) NOT NULL AUTO_INCREMENT,
  `nombreRol` varchar(1000) CHARACTER SET utf8mb4 COLLATE utf8mb4_unicode_ci NOT NULL,
  `status` tinyint(1) NOT NULL,
  PRIMARY KEY (`idRol`),
  KEY `idx_rol_idRol` (`idRol`)
) ENGINE=InnoDB AUTO_INCREMENT=8 DEFAULT CHARSET=utf8mb4 COLLATE=utf8mb4_general_ci;
/*!40101 SET character_set_client = @saved_cs_client */;

--
-- Dumping data for table `rol`
--

LOCK TABLES `rol` WRITE;
/*!40000 ALTER TABLE `rol` DISABLE KEYS */;
INSERT INTO `rol` VALUES (1,'Super Usuario',1),(2,'Cocinero',1),(3,'Jefe De Cocina',1),(4,'Coord Serv Nutricional',1),(5,'Asistente De Bienestar Estudiantil',1),(6,'Control De Estudio',1),(7,'Encargado',1);
/*!40000 ALTER TABLE `rol` ENABLE KEYS */;
UNLOCK TABLES;

--
-- Table structure for table `usuario`
--

DROP TABLE IF EXISTS `usuario`;
/*!40101 SET @saved_cs_client     = @@character_set_client */;
/*!40101 SET character_set_client = utf8 */;
CREATE TABLE `usuario` (
  `cedula` int(11) NOT NULL,
  `img` varchar(10000) CHARACTER SET utf8mb4 COLLATE utf8mb4_unicode_ci NOT NULL,
  `nombre` varchar(500) CHARACTER SET utf8mb4 COLLATE utf8mb4_unicode_ci NOT NULL,
  `segNombre` varchar(500) CHARACTER SET utf8mb4 COLLATE utf8mb4_unicode_ci NOT NULL,
  `apellido` varchar(500) CHARACTER SET utf8mb4 COLLATE utf8mb4_unicode_ci NOT NULL,
  `segApellido` varchar(500) CHARACTER SET utf8mb4 COLLATE utf8mb4_unicode_ci NOT NULL,
  `correo` varchar(500) CHARACTER SET utf8mb4 COLLATE utf8mb4_unicode_ci NOT NULL,
  `telefono` varchar(20) CHARACTER SET utf8mb4 COLLATE utf8mb4_unicode_ci NOT NULL,
  `clave` varchar(500) CHARACTER SET utf8mb4 COLLATE utf8mb4_unicode_ci NOT NULL,
  `idRol` int(11) NOT NULL,
  `status` tinyint(1) NOT NULL,
  PRIMARY KEY (`cedula`),
  KEY `idx_usuario_idRol` (`idRol`),
  KEY `idx_usuario_cedula` (`cedula`),
  KEY `idx_usuario_correo` (`correo`),
  KEY `idx_usuario_telefono` (`telefono`),
  KEY `idx_usuario_status` (`status`),
  CONSTRAINT `usuario_ibfk_1` FOREIGN KEY (`idRol`) REFERENCES `rol` (`idRol`)
) ENGINE=InnoDB DEFAULT CHARSET=utf8mb4 COLLATE=utf8mb4_general_ci;
/*!40101 SET character_set_client = @saved_cs_client */;

--
-- Dumping data for table `usuario`
--

LOCK TABLES `usuario` WRITE;
/*!40000 ALTER TABLE `usuario` DISABLE KEYS */;
INSERT INTO `usuario` VALUES (12345678,'assets/images/perfil/123456789254.png','Servicio','Andres','Nutricional','Eloy','ydjYy701fmCFBES2ecJ1SZm0WBfzpLfIVL0IAnlf52VBbvcNHQ/Ey1csGeE6ASwN','0424 - 0000099','$2y$10$UlIGG8v7Q8t1oAnANSqF9egaw/UC6knDnaB6mR1rwcq4mIX6941F6',1,1),(13881208,'assets/images/perfil/user.png','Yethzenia','Zulimar','Alarcon','Leon','Dg9muwkeg0lEQenDBMmRjq++dVer7jzmvg6aDIw6Dr4=','04120546170','$2y$10$Peggun.ZTdxq3EwKC6Uuh.Kqv4F7rWI2W7qQYabMI3eM9YvDmocry',3,1),(29762480,'assets/images/perfil/user.png','Dairon','Alexander','Santeliz','','Csu/P66GIf3m3SW8w3IaIy5lQC/aRBp8+J1QRO+1uUk=','04124573366','$2y$10$fmCiNH1Ew9S6XjaTegTom.LV9kVBp/JlYYiOkuXiYQaDmQHU4xL9S',6,1),(29913499,'assets/images/perfil/user.png','Marianny','Yethzymar','Flores','Alarcon','OQvluhRLi9j1I/RsOJhapFKWii3vgu1Kz0iq0BAThJE=','04120546170','$2y$10$YYOo9hXEKAQSvT.0o8nXQeWneh/38tqnV7r4mqJEa74ncv0XUmiZe',4,1),(29972192,'assets/images/perfil/user.png','Samuel','Alejandro','Pereira','Araujo','sMw7+R+e7XgEWfAIW045iQ==','04123234223','$2y$10$EEzjCja6xcBuiJS1FCGnVO1ncu93X5RITHrQtue0ZEShKaz5L3V0W',4,1),(30000000,'assets/images/perfil/user.png','Sofía','Felipa','Torres','Cordero','wABpinz6kZqeZB8ZmEn+pjROFWdez1x7yKp87E6rXRg=','04122839298','$2y$10$Vtr7RdZ6ff8cMqPemLu.XOjIPyidSBPbXpMEmdJhDcL1IX.40qGvO',7,1),(30000001,'assets/images/perfil/user.png','Fernando','Daniela','Sánchez','Blanco','+5PCpWD3OI59y3xveG3SVCaoyK5a+OHaFhygfpqV4eM=','04244327294','$2y$10$d346/hxhLCmkbNQW/eV1Bef24xD/VqQUU2gxOAJuf/8LcN5dgDSzu',2,1),(30000002,'assets/images/perfil/user.png','Pedro','Esteban','Rivas','Jiménez','iSEbxGYlDJC6d+r5wUT//6qnq8/92GuWoa6ubyhubD4=','04165214884','$2y$10$H.sAVUV8PC1BiVxodmi4ueba7DFsrGg1e9Y6nxx1b5Lub7yHvRCM2',5,1),(30000003,'assets/images/perfil/user.png','Andrés','Raquel','Ramírez','Prieto','aS2pndp0ydW5lskkTiwJ1hUEaj2/R0sgJJpAxp/RUhk=','04143670874','$2y$10$/fcLgdVVFOvb5OHbK5DPcOhcC.gORaNX5EQi8X3YfRyWj7tjE.Q1i',7,1),(30000004,'assets/images/perfil/user.png','Fernando','Alejandro','Fernández','Moreno','OSR8nDAAgZw/NoTLOuDBVxZpPO70YiuJ2/GDmS29V94=','04223787735','$2y$10$5QE3.3MWSBuUH8W9wBIA.eYbUe1eBwQLnuAoCS0ImWrHDn0Crh4qS',3,1),(30000005,'assets/images/perfil/user.png','Juan','Cristina','Delgado','Cabrera','F4udiYvFMmJx0Q+MlOvGzi7AHVbuMTH2y3KHUCEpqYg=','04248176969','$2y$10$6fcL5Vdk58nFdVkkP7RRH.RuvcQWJcJn8azdOWn4pcsWADU6ohUrC',2,1),(30000006,'assets/images/perfil/user.png','Andrés','Natalia','Castro','Blanco','vuET0H1hom1NxmcrpjYaGrU5UNorv13JbKR/MjazG6E=','04138395411','$2y$10$4C3hztF7TiuKAUhocLQYjeapgl0xEfjntc0igo20hCGbImnsItxhi',4,1),(30000007,'assets/images/perfil/user.png','Ana','Antonio','López','Figueroa','E8mkD9FTaxgrL1Ivha6+PRZhEehazvIySpRy7R2DCSA=','04178027067','$2y$10$vqwJwYWuxqk5tVn5klUAXO/qTrYccuivZbclsVz4S6otYFM6nvuaC',7,1),(30000008,'assets/images/perfil/user.png','Miguel','','Gómez','Chacón','iReZjXwNJlKX8rdDnyk5eX59q7pffQzDpabyK0P0uWg=','04249282636','$2y$10$6XkS7nMoOUx6pfCOELflROG4d29eo8cUQYPXfnYL8i.o7jXff/kG2',6,1),(30000009,'assets/images/perfil/user.png','Luis','','Suárez','Prieto','nVGDyb68qQdLOMzEk48HRhOgcBcr0yLJzrkth3cn60c=','04202365862','$2y$10$/KySQOkKWe8AgZMTDUPYkOg3g1gnspT3wpgwrHU3Re5KlAVrffIAi',2,1),(30000010,'assets/images/perfil/user.png','Luis','Alejandro','Torres','Salazar','4P9uhfGGMktN/je4aPr5DPAfbgMD5zJjLLbz7aae6hs=','04135600550','$2y$10$aUs8QgFRnLbDU7s5Nv1zPew47IpO7snKAjcvydCwg7n.KLGs9E/Ea',3,1),(30000011,'assets/images/perfil/user.png','Andrés','Eduardo','Ramírez','García','Yg44Q6eLO/4HBeidFatxV0lfq573FN1wpzXnjYwIVOk=','04164836217','$2y$10$Bw2bj6qP/F8M54e4qgmhAuceK0vjlzyO50u5ji7VlbFBoVS/s5/8G',2,1),(30000012,'assets/images/perfil/user.png','José','Cristian','Vargas','Arias','VAhEvKCR5FqyEtPGWUK+acolJE0DC2BcrDNKfiLI9ss=','04209459259','$2y$10$rht.x5RvFPwL18oR8dp41.aV1N/q4ZUyCR1CCv7GliejK8nxpnGpi',5,1),(30000013,'assets/images/perfil/user.png','Gabriela','Eduardo','Romero','','S1EOFl7pYSvrxUsZ3sYIwH2O60ob7wbiAhJ1rrIn544=','04252482611','$2y$10$UAlDkUWuyioBGEupRVH6s..V/Ctsn6sphp0XMvgyMqBGLjYIvkiz.',5,1),(30000014,'assets/images/perfil/user.png','Ana','Teresa','Fernández','Arias','1wu9BF4BIFaj+b0SYmoALAwuThb9d6I1BMvWxERFQFk=','04204308033','$2y$10$ghSAGaNBw9tYTAx6cHaI.O46nUclXCWjNBjaXNacPFZlJSwb0Xxde',3,1),(30000015,'assets/images/perfil/user.png','Laura','Natalia','Sánchez','Silva','KK4j6WXd6Hte44gcL34il0ofBwflNw/D2wGsCyTWka0=','04144718465','$2y$10$aCoXtwDgWOtzoXV3bn6iVuCFyj9e2Js7HnVPpRFsVl.3PQTcIXxGW',3,1),(30000016,'assets/images/perfil/user.png','Diego','Ignacio','Herrera','Chacón','ZqH4kDQ/ZnsRUG5rbYaj/imrHeXGN5uM59hbvCZL7xs=','04265689700','$2y$10$zWZ/J0dYf4UTcLRb5ZEMMexoQQpB/D/hAt1GO9VP2L9Li2OJdLWbK',3,1),(30000017,'assets/images/perfil/user.png','Lucía','Antonio','Gómez','García','u/Q2UkBY5+cBa6FgnxjFuPP3syXIFBbwWQVMkTTK3Kk=','04266317009','$2y$10$ytO..YBriayUi4MaPklgB.zgdBkUf7BuMTJVoW5cS0UNCxzEduCFy',3,1),(30000018,'assets/images/perfil/user.png','Ana','Raquel','Rivas','Moreno','l3mIzigSf6nW+x4Mr8Xy3D7Z1d79/sCoQ3eRSRoKmXM=','04205636209','$2y$10$jv2MitLF0MLkQxhkFzl9g.2U1XIJJpzuGBxPU/4m/kBvitb9K4IJi',2,1),(30000019,'assets/images/perfil/user.png','Diego','Guillermo','Mendoza','Arias','KMXrQSa/ZJ1SmAI+KA9HnNk/GLVq0AUu9QmbkWgubcY=','04209100476','$2y$10$2cRN.ce74b56Ya4qD73GXub57YTNZeW/7X05tgJ89GiDvZwgncSNq',6,1),(30000020,'assets/images/perfil/user.png','Paola','Beatriz','Pérez','Chacón','kXVST5gJ7V7SSa9g9y1r5bHXCKoetrVtRyg0WSh9jLg=','04259099402','$2y$10$rG1aztqPtT3G1SIkUkVqJeFBBSPf2grQBew0BsH0M/J90pmj0OwUC',2,1),(30000021,'assets/images/perfil/user.png','Diego','Raquel','Torres','Rojas','T4kZ3CI25JWMB580DgBuXkk3oVXAJkxmLxzBz+yjA58=','04134912122','$2y$10$.BhsOnvP2X7sYry8JuCaX.JaYlCjmt4xSyvwFdetRGgKPSMlHap7y',2,1),(30000022,'assets/images/perfil/user.png','Andrés','Eduardo','Martínez','Silva','sWuSaSJRYCqlzpVSNGNiRLC5Ky7b1w9LW3ELZK1gW4s=','04162662036','$2y$10$wLVuPTqz1CCmSRdP73LhvuwE7p.kdS.48CqPFHmuZazHjffyy9wEq',5,1),(30000023,'assets/images/perfil/user.png','Maria','Verónica','Rivas','Jiménez','UV2Qw36qN4b99dJ/ZwNEdr3Iq4damZYG0V7n48DuBQk=','04162156389','$2y$10$zGKkAu295BJIUVhKWSQpL.Hf4k9h2BREQxGgGfhoilhGoSTVzEIaS',7,1),(30000024,'assets/images/perfil/user.png','Pedro','Natalia','Castro','Romero','h2/9JNDEhPMgpyNCg0uk2kUOhxM/2+MngXUlENShhVQ=','04253379841','$2y$10$IPF/pbV8WOMFuBIYP8X0RODMmRla5o9iw/hQSoJAgnB.EsnUUTMZ6',4,1),(30000025,'assets/images/perfil/user.png','Miguel','Antonio','Mendoza','Blanco','pZ3N6/GUPgH3vg/YxEjKnhkac4v75w5gpC2DnF+Qy6k=','04145630144','$2y$10$TrgzgzPbJ5LSQoHBzrq8NeOz1y6yrLVxzcPmRP03I9S/XsRF8fWR2',5,1),(30000026,'assets/images/perfil/user.png','José','Natalia','Mendoza','Vivas','n1GTOfZkC71phYd2OoHyM83D9/0iiNjjQqigBzqATM4=','04169856374','$2y$10$hmt9M0AwnPpYZOz1OPC6beQ.zFP5wsBQo6xqstsy3F5xvZhnknRlm',5,1),(30000027,'assets/images/perfil/user.png','Luis','Felipe','Fernández','Chacón','jOBC7y6A7S7qq79jZV7TUzBsbfGLoI2k3wVTnCG0Pk0=','04201743854','$2y$10$7ZosEUGsR4zp7ipOYn1KEOpGLEjbCEUqYAsweFmR2/CJWmAMceDbm',6,1),(30000028,'assets/images/perfil/user.png','María','Beatriz','Acosta','Rojas','a/Wl+AwSacpnSQU5nPnQYtZSqd6+biI3HbtNV1mHH60=','04186907844','$2y$10$jolLPt9wMo9FpJAlXNTdYukf.QEZ1PIqedXkwqMwjNKW1lOTOtyki',6,1),(30000029,'assets/images/perfil/user.png','Patricia','Alejandro','Fernández','Paredes','Q2fHffW0bHdOtd7qDOex+ihnU5vC4QVfFT/Zaj4O4Kw=','04242055455','$2y$10$B.OauFmIjh2jhWLuKaQDC.pc1Tck7H3h7x7NG8oLSt1m.yqI52t66',5,1),(30000030,'assets/images/perfil/user.png','Andrés','Alfredo','Rodríguez','Chacón','CNOOL70+O/EkhyEdHEJvWYvf406tYSyVnmn8hwjN2IM=','04138771687','$2y$10$jhWlSn.ArbrehdeS7FMFAu0yn3FV4.U3q0ZdnzgG2ndaEGPyTrKeO',3,1),(30000031,'assets/images/perfil/user.png','Paola','Isabel','Sánchez','Blanco','Chri84V6biOefMzk8RNmyKqJYuvdrMQEugoRUL7m10s=','04236150459','$2y$10$hsPQk0y07GXFj4Hj7gyIseCzxMkYmSqA4bDguf.sIM.wej9IkwpaG',4,1),(30000032,'assets/images/perfil/user.png','Paola','Esteban','López','Chacón','ItvmuIHJexTSXyFUXg6zoWqS6TNaeeCEltIgaZ5bQtk=','04158339156','$2y$10$6ThBru1Lwuu1fEk4KMk8uuo0//ax6n26mRZdGjCSGnsVTpb9iZT/6',6,1),(30000033,'assets/images/perfil/user.png','Diego','Natalia','Reyes','Jiménez','OjoPY1DolFZUempXigxK24jpL2dDUy904HSPn415ZbU=','04267077962','$2y$10$T9LjgtAmTtRBDI37puIVPe0E0.haNr6Phbb7XCOjmI.Jrc7SKnVVu',2,1),(30000034,'assets/images/perfil/user.png','Ricardo','Ignacio','Ortega','Jiménez','/3FzF+VeccbFz33vB0gJrgwGTh7R4Klv3rZ1m3ueUs8=','04143989811','$2y$10$/bFvywWUkPNKxQrFk/HkQuJ/d5/ctlOfTtdyH8haVbBQQBvqfws1W',5,1),(30000035,'assets/images/perfil/user.png','María','Alfredo','Martínez','Romero','RfvLX5qfoR4iYybOrWtReKg6RNxX1S1EdYpzXHoV6zA=','04122558575','$2y$10$mZ36.2.Q/6iDe0SUQkqDxeZypzOJl0gUz7NNpor2GYS2waT99.mk.',4,1),(30000036,'assets/images/perfil/user.png','Ricardo','Cristina','Martínez','Figueroa','UUIuX5JyshUE3p4KsDrjBON8JS5eoV5gfv7ce5InME0=','04249753213','$2y$10$b9zAKhDcsWYnl4i/8posuOB7KPgbjebo0i2Mh6bxfNSdeUflhQ86m',2,1),(30000037,'assets/images/perfil/user.png','Pedro','Antonio','Rodríguez','Paredes','vlmtjhKHNbFDlXRxbCnEgc8h1B4tkJH/DBomwvGWpOQ=','04169367399','$2y$10$86mlgGc2qNQ3XHVHyvPDa.HoUQGNTs97GXOqKu6P6KzpyztGaa7c.',3,1),(30000038,'assets/images/perfil/user.png','Diego','Isabel','Acosta','Salazar','N27Wod8EE/SZrpkGryL0hXfHUD3to3Py0WpNsayjDlo=','04268479344','$2y$10$wfRnGg1v4vaPzinaZ0b2su4QBUXue7m3ZjOrrPkq8essasj6I4Nyy',2,1),(30000039,'assets/images/perfil/user.png','María','Esteban','Castro','Prieto','mEGU0r8Fwz0USwYiFLUXzvPl5uWqm1JBtrekasF+M48=','04129985493','$2y$10$pDeM87cWhubRyzLltVHOmOExl3Kp.bLhHZvP9jkS52VSyDUzgk4Pu',4,1),(30000040,'assets/images/perfil/user.png','Paola','Manuel','Sánchez','Vivas','GWSyXLSldXp+GGjWo7JUaHJVZMRPplb6MEdJpqj13/Q=','04237019259','$2y$10$BquK16KgMYV40/Z7PRMjDuGv0d8VVcXvTMnzfcnUTWONJcgiMcGnC',4,1),(30000041,'assets/images/perfil/user.png','Andrés','Javier','Sánchez','García','gNKaWHZLyR8ARXtuIRrDrX/E1TIGnl1J1j6w6Ttbcxk=','04185076392','$2y$10$e/YlW1UaBKHz5z13a.wnqeOjY9fEAT3WC/YxhUf.ksVKMBHe2wLXq',4,1),(30000042,'assets/images/perfil/user.png','Fernando','Lorena','Rivas','Peña','N3FCB3kI+8r0bV/FzX+n76f12yW75ahfkv5tSp6BdXU=','04184128533','$2y$10$xbWYRhqDovZO/RjFVUQi9e7HiPlnmuH93JUT5zaoijJnwIzAVtGU2',7,1),(30000043,'assets/images/perfil/user.png','José','Antonio','Morales','Prieto','6fbI/kHIpRcptQ7HBP7yHAd2ieYpygOAzC5QZb/8IME=','04133060234','$2y$10$1WxJh9qJCvJ.vTJA/2IbguUYD13fHNymjxh3bmkDZ1jvV73HhcLwy',2,1),(30000044,'assets/images/perfil/user.png','Patricia','Beatriz','Suárez','Romero','xWCAZ12Q08uwvs5e85kt7dmteh2KN7XWfi6x5Rrlu9k=','04162464059','$2y$10$HTf6BlKsl2TaG0OwlPBz1.QIoXzkBqOj62Kk4aJyc0Z/wI0/dcLAa',7,1),(30000045,'assets/images/perfil/user.png','Miguel','Raquel','Gómez','Cordero','ElJU56hNj3GdunrhjLznE7vdQNj62dz04+FeO05bPVQ=','04253654577','$2y$10$3vFcyvOChoCs5GEY6lUjIOmblXZKQBcH93cAzumgGdDT6Zxmuu0Ma',7,1),(30000046,'assets/images/perfil/user.png','Juan','Javier','Herrera','Vivas','JASu09tHe/gCeO2c1oLRI7mDXad7SG6diDx81rxWT74=','04126786404','$2y$10$rqdD/mv4oj2tS7sJe8.xJe2zqHlOQfieHs3OKt1YHNJFxcNBzqjmu',3,1),(30000047,'assets/images/perfil/user.png','Gabriela','Felipe','Ramírez','García','opewajJzIXvdLGCfkymulKprt4830n5pHce52TyQios=','04179330802','$2y$10$3cVUARwgnwMhEkLmXCIIEegrUvQgLCRyjiJqmmDXPd7m5Qi5OofZe',5,1),(30000048,'assets/images/perfil/user.png','Luis','alejandro','Martínez','García','sictHuWW6fUq7yGXEU0XjFbBTw1ZwcaCfIXh0vowTvs=','04259877918','$2y$10$PcVL4englSRcs4e/rwc9h.yn8pmstFMLgTfBxoSsuIBIv6Rcoqx8u',3,1),(30000049,'assets/images/perfil/user.png','Juan','Teresa','gómez','García','gi25B9z9QNBbsYpK+yQ5KG6CJKez+lz+zjWUmEi1weo=','04167022471','$2y$10$kMfNP1MAJYixqRorVFi3feD/gPm2RcFNZVXd81gGsTJp2kAU1nZ4e',5,1),(30000050,'assets/images/perfil/user.png','Gabriela','Cristina','Castro','Cabrera','U7xzEZp9wWjUc5z8O5z7rXD/3OvJHjLO8tiwAumPJBM=','04218999171','$2y$10$uYf43IRsoKuNUvtB1fH4Vub2yBJc7hhG728bXbqVy67tPVmggKH8e',4,1),(30000051,'assets/images/perfil/user.png','Gabriela','Felipe','Morales','Figueroa','OXhHe9X1bfWnYUmE+8Yny5o8RITjLG9I8BXiF2xD2RY=','04246266422','$2y$10$0DTfPOFchz2IWmZ2R6RwROdLUAjhJsYID9VRhAE7RooJAhUNy7tGe',7,1),(30000052,'assets/images/perfil/user.png','paola','Alfredo','Delgado','Prieto','5Jd2aH1sv6EppMaMDKQqpR4sFWgKw2ZXa/J2cnDnBTI=','04141493838','$2y$10$7NACaOF6JMbecZbnMikn4.HxnxsB7m17fjgPntzRqZgW3sPDJTJNC',3,1),(30000053,'assets/images/perfil/user.png','José','Raquel','Rodríguez','Salazar','YNoPmLKGaajSp+VGTlgSbILJQiH+2s4o2hW3HCSQCMo=','04195360851','$2y$10$ZjlLx74.XBbfpVDt2RTibedvU54mBcpM0w2VaVupvulprS1uaM0aW',6,1),(30000054,'assets/images/perfil/user.png','Luis','Lorena','Ortega','Silva','JDsBAUav0Y0o/+GKwF8bH48l1NuPm22v2wKDgVb2Bfw=','04172117816','$2y$10$49z28YO6JN5mMUhiib2XwulT7/6nkOn2VlAD032bdiEfcmALjXr4i',6,1),(30000055,'assets/images/perfil/user.png','Miguel','Alfredo','Herrera','Mejía','/2ELHNjRIs0j4WRBMdJiIRosrjPE9Xh8hw1HKr+FJ7M=','04221708692','$2y$10$vuSSvF72fe8XUxNmfzAvqeL8y1ocDvAJ3MfOd8SeI5FURDNC5pq0O',3,1),(30000056,'assets/images/perfil/user.png','Patricia','Cristina','Herrera','Cabrera','7vFyIiqdIS6mo98GW2HIbxuS5L6+ygzPeDC2WBYiNNA=','04221450250','$2y$10$ayGpqaSh0wgsxglrArZ5h.E8NO8HLMFlhvyn/.mZcUU2tBJ.zoDwK',5,1),(30000057,'assets/images/perfil/user.png','Fernando','Lorena','suárez','Romero','KyX4phwaS22u8OX9GCfKSRtySn84+ittyvM7R0v4xNM=','04228094031','$2y$10$LdILtpWxJl.FA/5fzUV0EOx994.nSktLNyjzWiByEaCxsp7o80tky',2,1),(30000058,'assets/images/perfil/user.png','María','Antonio','Herrera','Mejía','TYyi20buwD5kIVnV6xsUnYCyNPo0iNJ1sgHG9Tsm440=','04166771904','$2y$10$uIT5..S.gGUpeWAGA31a/eddraxeavRrssXMMWLGLNluGOQp99pwC',4,1),(30000059,'assets/images/perfil/user.png','Carlos','Ignacio','Vargas','Salazar','FnAxKnjOULnGhfP+BqhMhFsHc1Gr9Z2A/NQqZdaDs6Y=','04175677796','$2y$10$SI8pQ62fnN1zTKqzEAkhZ./gIAIdYKwYtck1/OV35zEC6V9MpIT2a',6,1),(30000060,'assets/images/perfil/user.png','Gabriela','Cristina','Rodríguez','Blanco','Azx+OxaLoh/zuNrMHbQySk+mYT2PbWfRO7TNs7Oimoc=','04129430564','$2y$10$T.AF.cJAMV9br9SP1B4MjOil6Gtf434uY/ctzhMG0Ph9Mmx63GEs6',3,1),(30000061,'assets/images/perfil/user.png','Miguel','Rosa','Gómez','Arias','GFw+m50OA3i1XiaKJbNqvwjVOoLkGwgSmsULrEzJBdc=','04239485009','$2y$10$xS44EU.vFrR7EZfI/viuIuG8LphrZ2taFrhtrRBv8UPWE2MHe6XFK',5,1),(30000062,'assets/images/perfil/user.png','José','Daniela','López','Salazar','tZDDdrAGNNRtQnKAhMGqRYcSKgCfeOUs7dV6HeGMIGc=','04137661991','$2y$10$woJiRxVosoPriQ0vX92/m.lGSh5idLksu6FV.6hfKiRIRc2MuSjbK',2,1),(30000063,'assets/images/perfil/user.png','Sofía','Alejandro','Pérez','Mejía','13Ct6bQo+VwMw3zbJkWhJuXgUqGBNi5Mua3QAfcIcPM=','04123566884','$2y$10$66Lg4ZRm.YPXdL4.Uchn/en2zWwqCJuCTrUCfA0A63MRGsDjtM.Je',2,1),(30000064,'assets/images/perfil/user.png','Lucía','Beatriz','Suárez','Figueroa','KvVnikEVHImQdJ3wPgDG8msgwEE79Ki7Uy/AJFo0mWY=','04187815502','$2y$10$3cbrbDSHsYyByA0bATXKpOIo9iWKyAErPY6cl.AqWBaDE5q1TZiim',4,1),(30000065,'assets/images/perfil/user.png','Sofía','Beatriz','Herrera','Prieto','AsuL9Q1NiOYB6mYVGEaELiGcADdxVr61Uj0Gycvn58E=','04158998744','$2y$10$DWyN7UNnff/10MJAImArIu8OPE4Z4ABQvprTY3ISRUNBleh2MP052',3,1),(30000066,'assets/images/perfil/user.png','Laura','Isabel','Reyes','Arias','Bi//61ioWkEMQnew8GMX+zOI3ZpC2SMBo1EgjC7R1KU=','04239522174','$2y$10$HirHzaaUK4fXL/2R0hGgIOEB0y73SNQymawD/OoyvHYg6judxc2lK',5,1),(30000067,'assets/images/perfil/user.png','Carlos','Felipe','Ramírez','Rojas','GWv4WVPlwEY8dqo2QLDb25phDQwqziuAKvy+yL4gfJo=','04162179864','$2y$10$O5BQAnZfP0gI02kNp9sLwOtH2CALTFBQle1XCU1ezmx8I0hyLs0hu',7,1),(30000068,'assets/images/perfil/user.png','Carlos','Isabel','Lopez','Chacon','u/8uHfpiIPR2rm7YLowPBOsIcoOMqP1rBL7hXMZRwas=','04189713215','$2y$10$VjbN1R8WbyO74EN5T4nVc.yYGKOrHFyZY18W07kLmcXfP46cgxNki',7,1),(30000069,'assets/images/perfil/user.png','Diego','Felipe','Ramirez','Jimenez','QeR8K/+ae8WZWJJTVkru2TMDDEZVZK6HQpw3tGD5di0=','04141376363','$2y$10$Qib5hQsvfNWIXEpH5gTVm.yoLvHr1/p5wUWqsjvwEyECxIh5LkGwu',7,1),(30000070,'assets/images/perfil/user.png','Ana','Natalia','Sanchez','Mejia','SnDn5nAFc3WaKn9qEOCytfHQU04TfNgUId5P6qHvt+g=','04182481202','$2y$10$FgJM0qtt5s4Vxh9hUhGzZeBX1vv.IzT0pGJ5ZZPe.Q4SoECVeAgC2',7,1),(30000071,'assets/images/perfil/user.png','Patricia','Natalia','Delgado','Arias','Tf68d0l9ntvHbdgS2LNM15GHkn0vBxwT25cG2oJMgWQ=','04226473188','$2y$10$8qA576U6I6bvvrkeflBo9u7rUzfjvu.sdkda1X2osH4vq.eDvxQrW',7,1),(30000072,'assets/images/perfil/user.png','Sofia','Felipe','Gomez','Gomez','nNxWhvB01lOhmPv12ji9N7mn8eTUGExWtIPRGH/wRds=','04237708855','$2y$10$jbOrUd0PsdFu6W.ffeQiYudm9CWG0agFHX96pVhijFaYtU5a3y9WW',7,1),(30000073,'assets/images/perfil/user.png','Jose','Javier','Castro','Prieto','6zEGMnMzGcO+q+nnFcLG3OsCeHPe1ZUdpsMlDWK8DKg=','04151274270','$2y$10$wt0f.jX39ZxL7Bm1QJJl0O6.i5TLf3LM19GP15wK.BMcWUCRaN1nK',6,1),(30000074,'assets/images/perfil/user.png','María','Natalia','Herrera','Figueroa','veFBbCs9VSWyiY0s7iVbeyaheE6hLTYseq/Cs1tOFOA=','04194243025','$2y$10$.OLVpcG61r7fuUam6nWpduVH6g9Gf3hCIHeUfbr92nU19wpcEvlN6',7,1),(30000075,'assets/images/perfil/user.png','Maria','Javier','Herrera','Paredes','PR7i1LuLlB2JyZIP8FKF7ZAMLvGkkmYQ1ckA/kCf67c=','04181294618','$2y$10$N2wRcVM0BQv0qFsmXDo4jOgx02UtKMjazkZjRyWwISiRDA4/1Z9z2',7,1),(30000076,'assets/images/perfil/user.png','Andrés','Manuel','Fernández','Rojas','VB4O9Otz9sGMWiqIjQ4ggqV10VcslPTLoa6bzwVA3uM=','04221524569','$2y$10$t61ciSU9PYCoPeEbVTy.C.Zbv4BZunKnjm7OJvV98.rxQZBXWcpqK',5,1),(30000077,'assets/images/perfil/user.png','Carlos','Esteban','Gómez','Peña','huRAGFX5RccP675Jpc8Gn4rKAIBQE8SgM3cVc3PSH2I=','04132897778','$2y$10$O6EGOmQIcsP9wOaXAvhImOYKxLQwQNE3J81Dik8awYYJ3NTVz.N2S',6,1),(30000078,'assets/images/perfil/user.png','Lucia','Lorena','Martínez','Hernández','jsHB9xe9B+XcNlNYra5okid5IBkvYL35PmIUtTjrREI=','04227714061','$2y$10$GTmyD.N3hvdbJ05u8OMc/.3IL.jux36AulPM2fKc5n48H5r2hwEg6',7,1),(30000079,'assets/images/perfil/user.png','Miguel','Eduardo','Vargas','Vivas','vmgB3w/IzP7VgNuV81r6PHsLgscUPagGIMm2+03cu9M=','04213450267','$2y$10$pNShFfr1OrtgPcx9Y1FireVGegIX7yGtxs2men00A/19UEY.0hY2u',7,1),(30000080,'assets/images/perfil/user.png','Patricia','Felipe','Ramírez','Chacón','OHHkhxvfAgxUUKq1bLkX5/mJbjf7XKz/DW1WpM9e698=','04196617156','$2y$10$s5SV1Mtv598nllrfFbwhNO.ng2pwTb0l/lsZENBaYl0nhmbOkZEKK',3,1),(30000081,'assets/images/perfil/user.png','Marta','Daniela','Ramírez','Romero','rZWE8z6xol73ZmafqAghHS3rJcihAOx2+eTas9eGDtk=','04242499983','$2y$10$YuwNHp77l4YnGMJ5xtQqleKybpoBjqrsZ0sayqpQ3e8Yx28WuwNya',7,1),(30000082,'assets/images/perfil/user.png','Ana','Raquel','Torres','Peña','hCiApKLwfq7CxA4P5pzK1bcTrMIqhlCq8I1rN0ftCDU=','04191396433','$2y$10$.Rq5g1L9Ycx04.m3yQgeJ.0rGfsERUHFxxw6tRlAL5ROBvsC2pz1m',6,1),(30000083,'assets/images/perfil/user.png','Juan','Alejandro','Gómez','Navarro','g5WygHZ1JzsntR3r1m3f2vK6SQelPkET8O/LyKHLM4M=','04165034251','$2y$10$VWnghhbyNJYeysIcfUSPf.0/4jSueZu.wm792YhG9wlJZziRsoL0u',4,1),(30000084,'assets/images/perfil/user.png','José','Isabel','Reyes','Peña','HLTW1hKmN+FsJnhYqG4/zLIhtY6hjzobAIfAoCfcIj8=','04155539794','$2y$10$CMnHRhWMnQ/MZn03lydNper6v7hiY3LvaBFEk0Go8BahPYxW8nzla',4,1),(30000085,'assets/images/perfil/user.png','Marta','Javier','Reyes','Rojas','huYfa28DgrwmIfvWRiEpC+ecgtXg5eyhj4UpSUcP/Q0=','04201767946','$2y$10$oJuFUYz5Gjq3v/l.cRpEU.DdRsQf8IKKAuD4oFlue1ZqNwYgAb4zi',3,1),(30000086,'assets/images/perfil/user.png','Gabriela','Javier','Castro','Romero','8rQ581i9fGmD9FC+0TFV1ZdG67gqCyk3bI/gYg8cha0=','04132067156','$2y$10$/MtlDRvbDHrZJJb6rktMz.dRK2dSMjn4cnQ7LdegZdMlER07Y9D5m',5,1),(30000087,'assets/images/perfil/user.png','María','Cristina','Ortega','Paredes','Nh0k7sNpre7ju0CRSSNu0wDVnm3I7BlVgYV7A7SmxZs=','04211159233','$2y$10$.8Xcz0k9WHoPHJM60ZIZBOuO9tch1H4xO6xYxJIOdW5H.foFT4NKK',7,1),(30000088,'assets/images/perfil/user.png','Juana','Isabel','Morales','Moreno','QrgjNdHhCu3+C4ASBeT5KC+1aoCxP38Qh6x7CnfseYo=','04181383680','$2y$10$drW7oz/NRz.H/hadt.oYEuu/eieFj5YJF9hziUNqTZmFURP22ZsSu',7,1),(30000089,'assets/images/perfil/user.png','Patricia','Rosa','Suárez','Moreno','s5qrIVwCceC7pIqqxjlh5RgApqGP1wss+Yhb8r8ybTw=','04143233424','$2y$10$rTB2IFVeA4oKt5qr2vfgyei9rH5sKKk/ZwpajhaotxZaqEK17hlI2',2,1),(30000090,'assets/images/perfil/user.png','Fernando','Alfredo','Rodríguez','Romero','AErsh8FtiX1TphGGJEGi852mhILwELhcIErxZEiqUxI=','04159792870','$2y$10$FwEZkYpoYtAw1y91f0NC9uluqFiaZdaU6vC1gQomQ4FkGSDWyHkfi',7,1),(30000091,'assets/images/perfil/user.png','Andrés','Beatriz','Vargas','García','b1vFG0ATa+69we4eyTvW1j4/m+rLAkS+od+VCDnapN4=','04195355124','$2y$10$Y4ECNijOzX2oRLEI.q9uV.dJx8EPmg.mbZQMXzNUhIoE69yUH7Kb2',4,1),(30000092,'assets/images/perfil/user.png','Ana','Ignacio','Torres','Cordero','jt/ayBr5Yq6ieMLSlk5Vj79cr1iuu7gZaj6MhFV6AQQ=','04218907292','$2y$10$QZ1GzkluEDpXbQ2P3kkbuOqOxpmvCOUjVIXA9.GsbSSkrQbp9xR2m',5,1),(30000093,'assets/images/perfil/user.png','Pedro','Rosa','Suárez','García','aKqGYHgjka1T4Be/9jmh32I1KRYi2F3RG71ZTh2Kt6Y=','04213973563','$2y$10$H.eeYGStBJEGcBKDWa.mrOsU93HDZevCN.oxBgP9oJR.oTThhHRRC',4,1),(30000094,'assets/images/perfil/user.png','Marta','Cristina','Delgado','Mejía','MB4yHIT77wC5W2KoxLVP2UzH25LEpRBRBVw1SXG2/PU=','04135528812','$2y$10$f7D2l7Nt6RYN3TmXwCEoCOhgpXahmlQNj7D/YpR4MIrLV8hlbsaP.',6,1),(30000095,'assets/images/perfil/user.png','Ricardo','Ignacio','Delgado','Prieto','XtEngWek4SPmpV1knC4oXqC+1lkzqfQnwoyfOGwzPJs=','04244869789','$2y$10$QBs2svLpDq2HLPtE8MvaMO2X8KTr2l3B/IduVK.e2SGHUUzFkLVPu',4,1),(30000096,'assets/images/perfil/user.png','Ricardo','Esteban','Pérez','Peña','mVoRzIgW4qKp6C6Jwpi2vQhEavtoY6CVfZthuvxZvlY=','04232595956','$2y$10$kmv0n0k7SpEHvVEPSq98UO.iifMEkIRnG2txpkiaACQcX8GQmn9Zm',7,1),(30000097,'assets/images/perfil/user.png','Gabriela','Felipe','Sánchez','Cordero','k4IabTHi4UDWlCgcGcj183Be/5y59UDGFE5IvaNo3OA=','04127092805','$2y$10$.A/R9EiLJ1akbnRZdmEmhuNIWNCifCJucIGWaM1ZeBNB0wqIXMqhm',3,1),(30000098,'assets/images/perfil/user.png','Ana','Eduardo','Martínez','Chacón','XqUTDHcI6zYVpn2jmdMylaXDmkicFcLjX2bjerPoFxQ=','04194131757','$2y$10$/PzKPwQnwcoNsW2Xir/if.7Xzu8knuU4rOarWruaBrrM7Lnmcwlc2',4,1),(30000099,'assets/images/perfil/user.png','Diego','Natalia','Reyes','García','E4OuxWXGer5FyHmIgpx5bo2Ez5xbGxr+Yfr6nl6M57s=','04184636242','$2y$10$eAmnsCcVp4BbQc5OTPi2pu7qvv1AoTxUhi9W2hDzO0Hm2WeinRmJm',2,1),(30000100,'assets/images/perfil/user.png','Lucía','Esteban','Rodríguez','Cabrera','zHNiLaDMfzaQecATNp1SQDzDoeUzYie/jENngXBCLs0=','04202325174','$2y$10$9z0oiUuMHiUXCtlOg.1ZSOGK1Zhx7JZ6NAvhmGwjEvmZdSxQ4oMNm',4,1),(30000101,'assets/images/perfil/user.png','Diego','Alejandro','Pérez','Romero','tV08yTHEBskdgQFno75EEs9A+yp33sQfv1RB2BTYLbE=','04184000222','$2y$10$J/DrihZvvcZLvSqtPuqCv.mEE6z1NGiCdkVWScP1wbzE0x0ZwtPSS',5,1),(30000102,'assets/images/perfil/user.png','Patricia','Alejandro','Ramírez','Jiménez','OHHkhxvfAgxUUKq1bLkX5xPvUtSGR6edB3C6slJIsBA=','04184215885','$2y$10$uwl834HAXGjDyDLQKpDpre7gLXsmVD7uepQzF.B2ktQACymnsaMC2',7,1),(30000103,'assets/images/perfil/user.png','María','Cristina','Vargas','Figueroa','a4dK5ficWQA1yjEjQZaVo0FkTqdMDWpLMHnN0dyAczE=','04215445706','$2y$10$gydpjH/u9xOI62WxTZ0.5u0iputvsJ7dNLYh7EIUrkG/34TH19una',6,1),(30000104,'assets/images/perfil/user.png','José','Isabel','Reyes','Vivas','pGYb85NzMYAMHaFSaSssP5ZvXWcW7AjLWWDWDZPPGTc=','04267130635','$2y$10$Hpo8AgrWORRitAAJubPOSOymXcvDr1jVmmPxohMLL6mBZx60qVWQq',4,1),(30000105,'assets/images/perfil/user.png','Luis','Rosa','Suárez','Silva','WS3/DVxkUic/n9AF6ZB4fmJSMhKt5F08U1y0gDeXf9w=','04251060342','$2y$10$8KYgtbmstNv1jPnLAskkveHvaWhc81ZLVg2aYbMkb0QNLDxbVPOLG',4,1),(30000106,'assets/images/perfil/user.png','Sofía','Raquel','López','Paredes','b30cme3xJSfmbWwGzrc6Xte7wohzd5BObPx4Vn3xfiU=','04258511148','$2y$10$J.O11.86y/ekjSguBtWRKe//9.UYjlFBCrq9Y6tZ.msGrP7JnBnbG',3,1),(30000107,'assets/images/perfil/user.png','Patricia','Lorena','Torres','Cordero','I1nRXxHaLDA/nSLO5Cu9PJVCnc6CZ3JlQbJiKyw3srk=','04132613511','$2y$10$msUd15h4OYvfybGH/oU.mO4GrjXw6qVbD7D0.qIc3uiyomH3jf5W.',7,1),(30000108,'assets/images/perfil/user.png','Pedro','Isabel','lópez','Blanco','4g5pdG5Vd8d5BJdK8iQ0NihTk/NfN5fgvaPQW3Bt+8I=','04165272014','$2y$10$9n7FnBA2.fYu9lNhkCI9I.nVBjW39y8nrHZR1smCzFXjk26HZrzDm',6,1),(30000109,'assets/images/perfil/user.png','Ricardo','Alejandro','Martínez','Blanco','UUIuX5JyshUE3p4KsDrjBMasyzNxUV7mKasrOzLAXTs=','04223295622','$2y$10$r7nqmd4p5lf7qPhieY/5yeicsgulV/3of0ZJdjFlwTqq43pOOF5p2',4,1),(30000110,'assets/images/perfil/user.png','Diego','Lorena','López','Chacón','Q4swfoK6roWul1ajmX8rjbrvyUoozzunam/hkZUw8cY=','04166001904','$2y$10$HTrdpLBRsQo5li1nW7FB0uT38J50CjV3/CbTy6LXBDFgdjIura/qO',6,1),(30000111,'assets/images/perfil/user.png','Juan','Raquel','Fernández','Romero','8JdUXAczEOgUnsjDlSZwKpbAJR/Raw7lJFlFq7KrBoA=','04126159002','$2y$10$.VmiHh5GbQHaM6Pfnmjynu2MX2l8LOuy/d84ngiq0hyzaMTtlMtEm',3,1),(30000112,'assets/images/perfil/user.png','Pedro','Ignacio','Ramírez','Salazar','LILrO02KaKLXIX3sAwVZWW5lGz/ol5syriNb5vV2m4s=','04199147437','$2y$10$.u5TQ8xGvDWF8UgvVdMXBufLh3g.t8VERSldaYbwvuIuuQHLKw4ii',7,1),(30000113,'assets/images/perfil/user.png','Patricia','Guillermo','Morales','Silva','8ZB63D04owHVcseesupJ6+ygPzAixjJIySfWSSK4yOM=','04252964895','$2y$10$FHvUCN2NOFdjhcqZOlgSAOysZHVGyvjFAN3XZqxBXRX73Zy/vDQGe',5,1),(30000114,'assets/images/perfil/user.png','Sofía','Raquel','Rivas','Figueroa','vpxJYBk59dc+btXG1bhYXbbXnuXWPUeSaTi0hpySlLY=','04177477761','$2y$10$ni7vzA7XjNrDawyaiJ0m/O1JOBtAKcquPdZnICnCBlDzlYJhFRite',7,1),(30000115,'assets/images/perfil/user.png','Ricardo','Verónica','Gómez','Silva','ZzQQeWmWkcPo2cwZViXJhrF0kaEY+WhFSKBqEKZuiWI=','04246391230','$2y$10$UnkwsqPLxmxYPeA0tkh82uHdviC6H3.P3dfvc10VMmpkev3fOxlAm',2,1),(30000116,'assets/images/perfil/user.png','María','Antonio','pérez','Paredes','rza13Dy1OIfXCQATMasem4gERKpleyPU+8VrqlTCYVo=','04148431656','$2y$10$agXPVkHCns7RD6L9aQ2N/OGN.Y2mUflQUOLX9S8ygpxcOhzxRhRUK',2,1),(30000117,'assets/images/perfil/user.png','Diego','Daniela','vargas','Silva','rPrWmn4uIxYm0wrJc3EXAFp+8jl7akxHH+eOwV1AX28=','04181150346','$2y$10$3xPyTzzHFFItGp6r1QIiT.eFyhq9Cn.NhdROLkitLwAJ.e67nz4ka',3,1),(30000118,'assets/images/perfil/user.png','Carlos','Rosa','Torres','Cordero','C13poOZ/u4bzZf7xzl9jOtjiyHvhbgYuM5rJWsGprt0=','04191037210','$2y$10$CDy3YIMXw1Ju062BO74OI.nD43LYgvAteWHlruZ6ygHCua8wwhOhi',4,1),(30000119,'assets/images/perfil/user.png','Ana','Beatriz','Rodríguez','Mejía','MlbRiv+GNgtVVRNQwup0YckaWZhbfYwQc4PAW0PCHhM=','04176204772','$2y$10$4HSrNlEyOjwnAKXAWY61r.7AILsCOaFdQUx54WZE4t0dPrkmIiQri',3,1),(30000120,'assets/images/perfil/user.png','Luis','Daniela','Torres','García','XjxUHRF3u5C61E9QLZeLt2D5qhJkv9lQGa4J9pJcqyY=','04213198804','$2y$10$yTxDPyeXacadN4N958V4cOgUjWMwfaSfWkkieZis/sOZ6hMniBxEW',6,1),(30000121,'assets/images/perfil/user.png','Paola','Isabel','Torres','Navarro','760NIsqKgNyIIUOV4FmsYTqbQ/SXy4IJ9iWGmGMKxVQ=','04251088961','$2y$10$xbY48NysvbA77p66KToIWexmNoOOcL9sJGtZAde1OwJANT3SkBf5i',3,1),(30000122,'assets/images/perfil/user.png','Carlos','Antonio','Sánchez','Figueroa','cPMfMSyWOOcXAWfThyvsqUtxMKBA3IQEe888vaORGbs=','04224717971','$2y$10$xoEgHfCgGUCESI0EoW0cZ.0WUN0hROs7L57hT9Je2rlWhTAGVgKka',4,1),(30000123,'assets/images/perfil/user.png','Diego','Esteban','torres','Salazar','gf7CKePBmIzktR/XnshicGxxoKgX8kvgQzPf81GZK5M=','04177294938','$2y$10$Zi7G9fnzk7oNs2diwqWv5enEPaaEs7l9Vs6qNQ.yV3y9LxmwvY8ou',4,1),(30000124,'assets/images/perfil/user.png','Ana','Isabel','Acosta','Paredes','ziYUK76PquLP2KIZt92nna+1Uh7UHE25Q5ej/F0/Xfo=','04202337102','$2y$10$Ry76Q4G6NXeUfkp0VrTv6uf.5JREiF4d35TsTqQtiRQ2wTzN5K5ea',3,1),(30000125,'assets/images/perfil/user.png','Andrés','Isabel','Gómez','Figueroa','Bgh0gd9l2KnfLZFP+oWnPFrre3RPHB/1PJptmBSrpTA=','04191346467','$2y$10$nrflmtqD6t6PfpbUpY4rhukguYr02kUu5G8YYT//YcQ199n/njArS',6,1),(30000126,'assets/images/perfil/user.png','Lucía','Ignacio','Suárez','Salazar','Rv3uQyNRgOETVuojH4Wzr6tPBkqZPV0lgaSQ7dJj7MU=','04268518764','$2y$10$g4xFYVEO2gOAn1cfVUdNneQ..hsBXs214HgVaj4CyrOjPcO6hwJOm',4,1),(30000127,'assets/images/perfil/user.png','Gabriela','Daniela','Sánchez','Mejía','k4IabTHi4UDWlCgcGcj183WolsaFjHVGnGwMzjM5er8=','04175204352','$2y$10$o0xm1apRfOPWfoIbofi6Du6onOejFbM16.mi8e98RffMTvFonWO9.',3,1),(30000128,'assets/images/perfil/user.png','sofía','Cristina','Martínez','Navarro','iDyaOEGUiF/pQCC6gkk5dKM8n2riqClHacSauNTCOKU=','04243486903','$2y$10$NHcKcIoUle99bmcwUb92t.90Ah8vakbXbXIhNZNLYOKYzLfo/w5y2',3,1),(30000129,'assets/images/perfil/user.png','lucía','Guillermo','Torres','Cabrera','Jvi4dubj0GuE6dm9PxDi2LuQntHj6KPvouA8SXxSLoQ=','04201668942','$2y$10$mtJV0AyplsvkDDfiffgRI.ovqceCQcECFF6CgLCs8Ly.PLe5ttbWC',4,1),(30000130,'assets/images/perfil/user.png','Juan','Alejandro','Ramírez','García','fU/H6aPb1VVNZTUFTgC9aje3lB8sLaymZVH+grpdIFM=','04126142377','$2y$10$Q9e6B1oBM4lx15z77ZG24uJQO1FaSf.GgA.FFeZSABWH3ClWIGv..',5,1),(30000131,'assets/images/perfil/user.png','Juan','eduardo','Suárez','Paredes','B1vckJbrmG1OvEjjbtIhOQH+Dg7jLGmcc64/C9WEuDI=','04246917611','$2y$10$TsEPD7SbGrRRSVOOM.tV2.P0/mqSJgsfh3blDWL8LcqFPEEKuCRde',4,1),(30000132,'assets/images/perfil/user.png','Luis','Felipe','Delgado','Vivas','7nTSMrWYJOIGdTxY703W4VoS9ZMFIFemaSM4JM/f31E=','04258361225','$2y$10$IzxRmSz5oyNqMyByoy50KOgDJlhCrIxumE8H0ga57ggU8qK5WGtpm',3,1),(30000133,'assets/images/perfil/user.png','Elena','Antonio','Acosta','Vivas','PiWhu68EjcPNldV/mXGA9ENQ6bFXxnN0Uq0zYdmdbsg=','04124699835','$2y$10$g0TjiGPzuSgn41d8xdbyTunuksktPWY9Obcv0hIzl3.fxqhRQgNta',4,1),(30000134,'assets/images/perfil/user.png','Miguel','Cristina','López','Romero','O3S5KSbwLHpPih3PErzv+jJzDSOTnnjLZUj8HcUhUJk=','04173147701','$2y$10$00pLPxMHMgxCK9mX4LeTFee1RY7QUAaucN11FHGjNpO5qAl7krJMO',6,1),(30000135,'assets/images/perfil/user.png','josé','Alfredo','Fernández','Moreno','OTNxGUBrHO2NtuyiLzxL+6zEFBL6Vt2HQNb9XlKew3M=','04208681150','$2y$10$oX.wJu575Scrrbf3Is.4iu47spmN2yEh34SyAW09vFKMAEcCteWh6',5,1),(30000136,'assets/images/perfil/user.png','Elena','Teresa','Martínez','Peña','w1jBHsrLFB8GL2Y75W6hyHD0n56m+2nQzfSo1as6814=','04246586423','$2y$10$EAaUetfXaB7oRxTsQM0XeOsWJRDaqKY42bUL3.uH38xn9bd5PV59y',6,1),(30000137,'assets/images/perfil/user.png','Fernando','Guillermo','Martínez','Arias','VPtZ2ETA1lN/FxCaqlXxGcTPy0w21WhJYZDKSkXd6t8=','04154795233','$2y$10$dfNV2mxsw2BVBco0QM9vuu9X3iB2DwsvHDZRkKtBZUbbNqaywE9le',5,1),(30000138,'assets/images/perfil/user.png','Luis','Alejandro','Torres','Cordero','fKtX7MUD07FWTXccOoi+JQeFQVuqoHLPqvo6mU/lJ0k=','04184487409','$2y$10$bsbZb.mZ1zr8rFRpdWQV3OKWxhYL7UerjneUnNbMPHMx/hrh6gQA2',2,1),(30000139,'assets/images/perfil/user.png','Sofía','Verónica','Delgado','Rojas','jF4RGkoAwa8MTRnaeTv57clZ7s29cjEqBlY1VaqaHrc=','04197092065','$2y$10$L/vlVoPnBtfW9xOddI0cdOUo6.I0hw88FDXL35qIBCTpsgQVJ4/Um',6,1),(30000140,'assets/images/perfil/user.png','Fernando','Isabel','Herrera','Cordero','PImLOQ/RjRYf2QhUjLLFTZcNxaOTzlWDwNS9jNLuviQ=','04194119022','$2y$10$oEvrUrgBynqyYbG.vJaBEOkwtujhjhWLjyJ0LjWkXCFyKSAvsx6z.',5,1),(30000141,'assets/images/perfil/user.png','Juan','Javier','Sánchez','Peña','lnCcV8EvYo/8AVhpbttXy3xJaJilb1cbn1klR4/bKF8=','04257534636','$2y$10$0y442/VyWiPlsnbyJCT/quy8u6Wouzk1PyXK29Z3OtrTHoqUgsTrq',5,1),(30000142,'assets/images/perfil/user.png','María','Alejandro','Sánchez','Jiménez','/6DzZ09vA58KuJEysfFbx1DYMfql3MegnN2PM2ZYMCg=','04122996307','$2y$10$bE/xJieR6QxPvbPYVETfHed8AfCxqMe.oUjNy6/axMLXAQ8dThL4.',2,1),(30000143,'assets/images/perfil/user.png','Patricia','Guillermo','Rivas','Jiménez','OZmjCb4wJ9rsC+nSrIVkvKHYTupyPdJkKr/Osb/LsCg=','04174163176','$2y$10$RGqRybvZAMFbfxsudOBvXegXD0zIhGChBppLdPXi1M8bWmzQXfOLm',3,1),(30000144,'assets/images/perfil/user.png','Carlos','Isabel','Pérez','Rojas','NC+OUG+ZzRPVXlnvCy74ZKdG2NMKqHW150S2hc/gYic=','04187851387','$2y$10$xWl8HE8aR4VG4Wtd6F9R/OuvI3lw6alRUJypVhCzWQC3gb3CqV2Ya',5,1),(30000145,'assets/images/perfil/user.png','Patricia','Felipe','Reyes','Mejía','yVopjeqsRAHHgZLxZevgoJAVGoM2baP5GRlfrVtgss0=','04225188969','$2y$10$WBC1gr7NsjbuCSlvbNeaJev1jji5oUhR5bbbry0NEZUg4IikaiSMC',6,1),(30000146,'assets/images/perfil/user.png','Paola','Raquel','Prieto','Suárez','nHJoTDYOosoDBQOmCp6LmN4q1I2pqNaSmBmM9m1SYpI=','04181202937','$2y$10$ogJTh3vTk.wYm9DbZwkSyumu6EQCFn8soXBeIxtmn36nNXToc9Ks2',2,1),(30000147,'assets/images/perfil/user.png','Marta','Daniela','Delgado','Cabrera','gBwQOWyaxJyXet2h7qQYjOWxKtkj41HFLF0+M/Su4D4=','04132678291','$2y$10$2HvDYj6j9hIvzpm4SXkpdet4nvksG59LABdspCZM5SR2dYXxqmDVS',3,1),(30000148,'assets/images/perfil/user.png','Miguel','Raquel','Rivas','Blanco','cJVpCGLci+gHacbnZpxtncvVqxhP1FoHm297WNd4SiQ=','04171837462','$2y$10$Bw4F/jDt5zAwa3tSbuAY5OV5Racf1y2yHnFCjA/z.iWUhf9ZXsfvW',7,1),(30000149,'assets/images/perfil/user.png','Marta','Rosa','Martínez','Salazar','t7TTLyue719eaokccZx51Ik6mLhqdZbYZGhhzL8+SP8=','04224019292','$2y$10$cU7cT0n6XuGZhKM28QCqIuHUl9qLAuFVplMKHtvROIBvHWPvt8VGC',5,1),(30483987,'assets/images/perfil/user.png','Ana','Maria','Wyatt','Almao','Q3mkwMFjKRZOUgXQgCQE5/oBDQhYNpJtucI8NaRVm9Q=','04121873382','$2y$10$Ot4kW1BYJW9basW1Z62vAeVJvhFxgeI8dyTp1Iz2VmhMaioQOhdKW',4,1);
/*!40000 ALTER TABLE `usuario` ENABLE KEYS */;
UNLOCK TABLES;

--
-- Temporary table structure for view `vista_bitacora_usuario`
--

DROP TABLE IF EXISTS `vista_bitacora_usuario`;
/*!50001 DROP VIEW IF EXISTS `vista_bitacora_usuario`*/;
SET @saved_cs_client     = @@character_set_client;
SET character_set_client = utf8;
/*!50001 CREATE VIEW `vista_bitacora_usuario` AS SELECT
 1 AS `idBitacora`,
  1 AS `modulo`,
  1 AS `fecha`,
  1 AS `hora`,
  1 AS `cedula`,
  1 AS `nombre`,
  1 AS `apellido`,
  1 AS `img`,
  1 AS `idRol` */;
SET character_set_client = @saved_cs_client;

--
-- Temporary table structure for view `vista_usuarios_info`
--

DROP TABLE IF EXISTS `vista_usuarios_info`;
/*!50001 DROP VIEW IF EXISTS `vista_usuarios_info`*/;
SET @saved_cs_client     = @@character_set_client;
SET character_set_client = utf8;
/*!50001 CREATE VIEW `vista_usuarios_info` AS SELECT
 1 AS `cedula`,
  1 AS `img`,
  1 AS `nombre`,
  1 AS `segNombre`,
  1 AS `apellido`,
  1 AS `segApellido`,
  1 AS `correo`,
  1 AS `telefono`,
  1 AS `status`,
  1 AS `idRol`,
  1 AS `nombreRol` */;
SET character_set_client = @saved_cs_client;

--
-- Final view structure for view `vista_bitacora_usuario`
--

/*!50001 DROP VIEW IF EXISTS `vista_bitacora_usuario`*/;
/*!50001 SET @saved_cs_client          = @@character_set_client */;
/*!50001 SET @saved_cs_results         = @@character_set_results */;
/*!50001 SET @saved_col_connection     = @@collation_connection */;
/*!50001 SET character_set_client      = utf8mb4 */;
/*!50001 SET character_set_results     = utf8mb4 */;
/*!50001 SET collation_connection      = utf8mb4_unicode_ci */;
/*!50001 CREATE ALGORITHM=UNDEFINED */
/*!50013 DEFINER=`root`@`localhost` SQL SECURITY DEFINER */
/*!50001 VIEW `vista_bitacora_usuario` AS select `b`.`idBitacora` AS `idBitacora`,`b`.`modulo` AS `modulo`,`b`.`fecha` AS `fecha`,`b`.`hora` AS `hora`,`b`.`cedula` AS `cedula`,`u`.`nombre` AS `nombre`,`u`.`apellido` AS `apellido`,`u`.`img` AS `img`,`u`.`idRol` AS `idRol` from (`bitacora` `b` join `usuario` `u` on(`u`.`cedula` = `b`.`cedula`)) where `b`.`status` = 1 */;
/*!50001 SET character_set_client      = @saved_cs_client */;
/*!50001 SET character_set_results     = @saved_cs_results */;
/*!50001 SET collation_connection      = @saved_col_connection */;

--
-- Final view structure for view `vista_usuarios_info`
--

/*!50001 DROP VIEW IF EXISTS `vista_usuarios_info`*/;
/*!50001 SET @saved_cs_client          = @@character_set_client */;
/*!50001 SET @saved_cs_results         = @@character_set_results */;
/*!50001 SET @saved_col_connection     = @@collation_connection */;
/*!50001 SET character_set_client      = utf8mb4 */;
/*!50001 SET character_set_results     = utf8mb4 */;
/*!50001 SET collation_connection      = utf8mb4_unicode_ci */;
/*!50001 CREATE ALGORITHM=UNDEFINED */
/*!50013 DEFINER=`root`@`localhost` SQL SECURITY DEFINER */
/*!50001 VIEW `vista_usuarios_info` AS select `u`.`cedula` AS `cedula`,`u`.`img` AS `img`,`u`.`nombre` AS `nombre`,`u`.`segNombre` AS `segNombre`,`u`.`apellido` AS `apellido`,`u`.`segApellido` AS `segApellido`,`u`.`correo` AS `correo`,`u`.`telefono` AS `telefono`,`u`.`status` AS `status`,`r`.`idRol` AS `idRol`,`r`.`nombreRol` AS `nombreRol` from (`usuario` `u` join `rol` `r` on(`u`.`idRol` = `r`.`idRol`)) where `r`.`idRol` <> 1 and `u`.`status` <> 0 */;
/*!50001 SET character_set_client      = @saved_cs_client */;
/*!50001 SET character_set_results     = @saved_cs_results */;
/*!50001 SET collation_connection      = @saved_col_connection */;
/*!40103 SET TIME_ZONE=@OLD_TIME_ZONE */;

/*!40101 SET SQL_MODE=@OLD_SQL_MODE */;
/*!40014 SET FOREIGN_KEY_CHECKS=@OLD_FOREIGN_KEY_CHECKS */;
/*!40014 SET UNIQUE_CHECKS=@OLD_UNIQUE_CHECKS */;
/*!40101 SET CHARACTER_SET_CLIENT=@OLD_CHARACTER_SET_CLIENT */;
/*!40101 SET CHARACTER_SET_RESULTS=@OLD_CHARACTER_SET_RESULTS */;
/*!40101 SET COLLATION_CONNECTION=@OLD_COLLATION_CONNECTION */;
/*!40111 SET SQL_NOTES=@OLD_SQL_NOTES */;

-- Dump completed on 2025-09-28 15:35:05
