-- MariaDB dump 10.19  Distrib 10.4.32-MariaDB, for Win64 (AMD64)
--
-- Host: localhost    Database: seguridadUptaeb
-- ------------------------------------------------------
-- Server version	10.4.32-MariaDB

/*!40101 SET @OLD_CHARACTER_SET_CLIENT=@@CHARACTER_SET_CLIENT */;
/*!40101 SET @OLD_CHARACTER_SET_RESULTS=@@CHARACTER_SET_RESULTS */;
/*!40101 SET @OLD_COLLATION_CONNECTION=@@COLLATION_CONNECTION */;
/*!40101 SET NAMES utf8mb4 */;
/*!40103 SET @OLD_TIME_ZONE=@@TIME_ZONE */;
/*!40103 SET TIME_ZONE='+00:00' */;
/*!40014 SET @OLD_UNIQUE_CHECKS=@@UNIQUE_CHECKS, UNIQUE_CHECKS=0 */;
/*!40014 SET @OLD_FOREIGN_KEY_CHECKS=@@FOREIGN_KEY_CHECKS, FOREIGN_KEY_CHECKS=0 */;
/*!40101 SET @OLD_SQL_MODE=@@SQL_MODE, SQL_MODE='NO_AUTO_VALUE_ON_ZERO' */;
/*!40111 SET @OLD_SQL_NOTES=@@SQL_NOTES, SQL_NOTES=0 */;

--
-- Table structure for table `bitacora`
--

DROP TABLE IF EXISTS `bitacora`;
/*!40101 SET @saved_cs_client     = @@character_set_client */;
/*!40101 SET character_set_client = utf8 */;
CREATE TABLE `bitacora` (
  `idBitacora` int(11) NOT NULL AUTO_INCREMENT,
  `modulo` varchar(100) CHARACTER SET utf8mb4 COLLATE utf8mb4_unicode_ci NOT NULL,
  `acciones` varchar(200) CHARACTER SET utf8mb4 COLLATE utf8mb4_unicode_ci NOT NULL,
  `fecha` date NOT NULL DEFAULT current_timestamp(),
  `hora` time NOT NULL DEFAULT current_timestamp(),
  `cedula` int(11) NOT NULL,
  `status` tinyint(1) NOT NULL,
  PRIMARY KEY (`idBitacora`),
  KEY `idx_bitacora_cedula` (`cedula`),
  KEY `idx_bitacora_fecha` (`fecha`),
  KEY `idx_bitacora_hora` (`hora`),
  CONSTRAINT `bitacora_ibfk_1` FOREIGN KEY (`cedula`) REFERENCES `usuario` (`cedula`)
) ENGINE=InnoDB AUTO_INCREMENT=783 DEFAULT CHARSET=utf8mb4 COLLATE=utf8mb4_general_ci;
/*!40101 SET character_set_client = @saved_cs_client */;

--
-- Dumping data for table `bitacora`
--

LOCK TABLES `bitacora` WRITE;
/*!40000 ALTER TABLE `bitacora` DISABLE KEYS */;
INSERT INTO `bitacora` VALUES (1,'Tipos De Alimentos','Registró un Tipo de Alimento llamado: Verduras Y Hortalizas','2025-08-03','11:51:42',12345678,1),(2,'Tipos De Alimentos','Registró un Tipo de Alimento llamado: Frutas','2025-08-03','11:52:59',12345678,1),(3,'Tipos De Alimentos','Registró un Tipo de Alimento llamado: Cereales Y Derivados','2025-08-03','11:53:09',12345678,1),(4,'Tipos De Alimentos','Registró un Tipo de Alimento llamado: Legumbres Y Granos Secos','2025-08-03','11:53:39',12345678,1),(5,'Tipos De Alimentos','Registró un Tipo de Alimento llamado: Tubérculos Y Raíces','2025-08-03','11:53:50',12345678,1),(6,'Tipos De Alimentos','Registró un Tipo de Alimento llamado: Carnes Y Derivados','2025-08-03','11:54:01',12345678,1),(7,'Tipos De Alimentos','Registró un Tipo de Alimento llamado: Pescados Y Mariscos','2025-08-03','11:54:20',12345678,1),(8,'Tipos De Alimentos','Registró un Tipo de Alimento llamado: Huevos','2025-08-03','11:54:33',12345678,1),(9,'Tipos De Alimentos','Registró un Tipo de Alimento llamado: Lácteos Y Derivados','2025-08-03','11:54:57',12345678,1),(10,'Tipos De Alimentos','Registró un Tipo de Alimento llamado: Grasas Y Aceites','2025-08-03','11:55:14',12345678,1),(11,'Tipos De Alimentos','Registró un Tipo de Alimento llamado: Azúcares Y Dulces','2025-08-03','11:55:25',12345678,1),(12,'Tipos De Alimentos','Registró un Tipo de Alimento llamado: Bebidas','2025-08-03','11:55:34',12345678,1),(13,'Tipos De Alimentos','Registró un Tipo de Alimento llamado: Condimentos Y Especias','2025-08-03','11:55:43',12345678,1),(14,'Tipos De Alimentos','Registró un Tipo de Alimento llamado: Víveres','2025-08-03','11:56:02',12345678,1),(15,'Tipos De Alimentos','Registró un Tipo de Alimento llamado: Alimentos Ultraprocesados','2025-08-03','11:56:18',12345678,1),(16,'Tipos De Alimentos','Registró un Tipo de Alimento llamado: Suplementos Y Productos Nutricionales','2025-08-03','11:56:28',12345678,1),(17,'Tipos de Alimentos','Se Modificó un Tipo de Alimento llamado:Frutas','2025-08-03','11:56:52',12345678,1),(18,'Tipos de Alimentos','Se Modificó un Tipo de Alimento llamado:Verduras Y Hortalizas','2025-08-03','11:57:55',12345678,1),(19,'Tipos de Alimentos','Se Modificó un Tipo de Alimento llamado:Bebidas','2025-08-03','11:58:49',12345678,1),(20,'Tipos de Alimentos','Se Modificó un Tipo de Alimento llamado:Bebidas','2025-08-03','12:00:02',12345678,1),(21,'Tipos de Alimentos','Se Modificó un Tipo de Alimento llamado:Bebidas','2025-08-03','12:00:59',12345678,1),(22,'Tipos De Alimentos','Registró un Tipo de Alimento llamado: Verduras Y Hortalizas','2025-08-03','12:03:33',12345678,1),(23,'Tipos De Alimentos','Registró un Tipo de Alimento llamado: Frutas','2025-08-03','12:03:45',12345678,1),(24,'Tipos De Alimentos','Registró un Tipo de Alimento llamado: Cereales','2025-08-03','12:03:57',12345678,1),(25,'Tipos De Alimentos','Registró un Tipo de Alimento llamado: Legumbres Y Granos Secos','2025-08-03','12:04:07',12345678,1),(26,'Tipos De Alimentos','Registró un Tipo de Alimento llamado: Tubérculos Y Raíces','2025-08-03','12:04:16',12345678,1),(27,'Tipos De Alimentos','Registró un Tipo de Alimento llamado: Carnes Y Derivados','2025-08-03','12:04:26',12345678,1),(28,'Tipos De Alimentos','Registró un Tipo de Alimento llamado: Pescados Y Mariscos','2025-08-03','12:04:36',12345678,1),(29,'Tipos De Alimentos','Registró un Tipo de Alimento llamado: Huevos','2025-08-03','12:04:45',12345678,1),(30,'Tipos De Alimentos','Registró un Tipo de Alimento llamado: Lácteos Y Derivados','2025-08-03','12:04:54',12345678,1),(31,'Tipos De Alimentos','Registró un Tipo de Alimento llamado: Grasas Y Aceites','2025-08-03','12:05:05',12345678,1),(32,'Tipos De Alimentos','Registró un Tipo de Alimento llamado: Azúcares Y Dulces','2025-08-03','12:05:13',12345678,1),(33,'Tipos De Alimentos','Registró un Tipo de Alimento llamado: Bebidas','2025-08-03','12:05:26',12345678,1),(34,'Tipos De Alimentos','Registró un Tipo de Alimento llamado: Condimentos Y Especias','2025-08-03','12:05:36',12345678,1),(35,'Tipos De Alimentos','Registró un Tipo de Alimento llamado: Viveres','2025-08-03','12:05:49',12345678,1),(36,'Tipos De Alimentos','Registró un Tipo de Alimento llamado: Alimentos Ultraprocesados','2025-08-03','12:06:00',12345678,1),(37,'Tipos De Alimentos','Registró un Tipo de Alimento llamado: Suplementos Y Productos Nutricionales','2025-08-03','12:06:08',12345678,1),(38,'Tipos de Alimentos','Se Modificó un Tipo de Alimento llamado:Lácteos','2025-08-03','12:06:17',12345678,1),(39,'Tipos de Alimentos','Se Modificó un Tipo de Alimento llamado:Carnes','2025-08-03','12:06:26',12345678,1),(40,'Tipos de Alimentos','Se anuló un Tipo de alimento llamado: Suplementos Y Productos Nutricionales','2025-08-03','12:08:09',12345678,1),(41,'Tipos De Alimentos','Registró un Tipo de Alimento llamado: Suplementos Y Productos Nutricionales','2025-08-03','12:08:21',12345678,1),(42,'Tipos de Alimentos','Se Modificó un Tipo de Alimento llamado:Carne','2025-08-03','12:30:06',12345678,1),(43,'Tipos de Alimentos','Se Modificó un Tipo de Alimento llamado:Carnes','2025-08-03','12:30:12',12345678,1),(44,'Tipos De Alimentos','Registró un Tipo de Alimento llamado: Lsxklsl','2025-08-03','12:32:05',12345678,1),(45,'Tipos de Alimentos','Se anuló un Tipo de alimento llamado: Lsxklsl','2025-08-03','12:32:18',12345678,1),(46,'Roles','Registró un rol llamado: Cocinero','2025-08-03','13:17:45',12345678,1),(47,'Roles','Registró un rol llamado: Jefe De Cocina','2025-08-03','13:34:27',12345678,1),(48,'Roles','Registró un rol llamado: Coord Serv Nutricional','2025-08-03','13:38:31',12345678,1),(49,'Roles','Registró un rol llamado: Asistente De Bienestar Estudiantil','2025-08-03','13:38:58',12345678,1),(50,'Roles','Registró un rol llamado: Control De Estudio','2025-08-03','13:39:12',12345678,1),(51,'Roles','Registró un rol llamado: Encargado','2025-08-03','14:01:14',12345678,1),(52,'Alimentos','Registró un Alimento llamado: Zanahoria','2025-08-03','14:02:15',12345678,1),(53,'Alimentos','Registró un Alimento llamado: Lechuga','2025-08-03','14:06:13',12345678,1),(54,'Alimentos','Registró un Alimento llamado: Tomate','2025-08-03','14:08:22',12345678,1),(55,'Alimentos','Registró un Alimento llamado: Cebolla','2025-08-03','14:08:40',12345678,1),(56,'Alimentos','Registró un Alimento llamado: Brocoli','2025-08-03','14:09:44',12345678,1),(57,'Alimentos','Registró un Alimento llamado: Papa','2025-08-03','14:10:26',12345678,1),(58,'Alimentos','Registró un Alimento llamado: Acelga','2025-08-03','14:11:12',12345678,1),(59,'Alimentos','Registró un Alimento llamado: Calabazin','2025-08-03','14:37:17',12345678,1),(60,'Alimentos','Registró un Alimento llamado: Berengena','2025-08-03','14:37:32',12345678,1),(61,'Alimentos','Registró un Alimento llamado: Pimenton','2025-08-03','14:37:55',12345678,1),(62,'Alimentos','Registró un Alimento llamado: Apio','2025-08-03','14:38:44',12345678,1),(63,'Alimentos','Registró un Alimento llamado: Pepino','2025-08-03','14:39:09',12345678,1),(64,'Alimentos','Registró un Alimento llamado: Remolacha','2025-08-03','14:39:52',12345678,1),(65,'Alimentos','Registró un Alimento llamado: Coliflor','2025-08-03','14:40:33',12345678,1),(66,'Alimentos','Registró un Alimento llamado: Rabano','2025-08-03','14:41:22',12345678,1),(67,'Alimentos','Registró un Alimento llamado: Repollo','2025-08-03','14:41:42',12345678,1),(68,'Alimentos','Registró un Alimento llamado: Aji Dulce','2025-08-03','14:41:57',12345678,1),(69,'Alimentos','Registró un Alimento llamado: Cebollin','2025-08-03','14:42:11',12345678,1),(70,'Alimentos','Registró un Alimento llamado: Cilantro','2025-08-03','14:42:28',12345678,1),(71,'Alimentos','Registró un Alimento llamado: Manzana','2025-08-03','14:43:57',12345678,1),(72,'Alimentos','Registró un Alimento llamado: Naranja','2025-08-03','14:44:13',12345678,1),(73,'Alimentos','Registró un Alimento llamado: Platano','2025-08-03','14:44:39',12345678,1),(74,'Alimentos','Registró un Alimento llamado: Fresa','2025-08-03','14:44:57',12345678,1),(75,'Alimentos','Registró un Alimento llamado: Mango','2025-08-03','14:45:14',12345678,1),(76,'Alimentos','Registró un Alimento llamado: Uva','2025-08-03','14:54:28',12345678,1),(77,'Alimentos','Registró un Alimento llamado: Sandia','2025-08-03','14:54:53',12345678,1),(78,'Alimentos','Registró un Alimento llamado: Melon','2025-08-03','14:55:11',12345678,1),(79,'Alimentos','Registró un Alimento llamado: Pera','2025-08-03','14:55:55',12345678,1),(80,'Alimentos','Registró un Alimento llamado: Piña','2025-08-03','14:56:52',12345678,1),(81,'Alimentos','Registró un Alimento llamado: Mandarina','2025-08-03','14:57:21',12345678,1),(82,'Alimentos','Registró un Alimento llamado: Kiwi','2025-08-03','14:58:17',12345678,1),(83,'Alimentos','Registró un Alimento llamado: Lechoza','2025-08-03','14:58:37',12345678,1),(84,'Alimentos','Registró un Alimento llamado: Tamarindo','2025-08-03','14:58:57',12345678,1),(85,'Alimentos','Registró un Alimento llamado: Guayaba','2025-08-03','14:59:16',12345678,1),(86,'Alimentos','Registró un Alimento llamado: Cereza','2025-08-03','15:00:18',12345678,1),(87,'Alimentos','Registró un Alimento llamado: Durazno','2025-08-03','15:00:31',12345678,1),(88,'Alimentos','Registró un Alimento llamado: Guanabana','2025-08-03','15:00:43',12345678,1),(89,'Alimentos','Registró un Alimento llamado: Lentejas','2025-08-03','15:03:30',12345678,1),(90,'Alimentos','Registró un Alimento llamado: Caraotas Negras','2025-08-03','15:07:45',12345678,1),(91,'Alimentos','Registró un Alimento llamado: Caraotas Negras','2025-08-03','15:08:26',12345678,1),(92,'Alimentos','Registró un Alimento llamado: Caraotas Blancas','2025-08-03','15:08:48',12345678,1),(93,'Alimentos','Registró un Alimento llamado: Caraotas Rojas','2025-08-03','15:09:09',12345678,1),(94,'Alimentos','Registró un Alimento llamado: Frijoles Bayos','2025-08-03','15:09:35',12345678,1),(95,'Alimentos','Registró un Alimento llamado: Arvejas','2025-08-03','15:10:05',12345678,1),(96,'Alimentos','Registró un Alimento llamado: Jenjibre','2025-08-03','15:13:58',12345678,1),(97,'Alimentos','Registró un Alimento llamado: Nabo','2025-08-03','15:14:10',12345678,1),(98,'Alimentos','Registró un Alimento llamado: Ñame','2025-08-03','15:14:24',12345678,1),(99,'Alimentos','Registró un Alimento llamado: Ocumo','2025-08-03','15:14:38',12345678,1),(100,'Alimentos','Registró un Alimento llamado: Yuca','2025-08-03','15:15:11',12345678,1),(101,'Alimentos','Registró un Alimento llamado: Carne De Res','2025-08-03','15:20:19',12345678,1),(102,'Alimentos','Registró un Alimento llamado: Carne De Cerdo','2025-08-03','15:20:34',12345678,1),(103,'Alimentos','Registró un Alimento llamado: Pollo','2025-08-03','15:20:52',12345678,1),(104,'Alimentos','Registró un Alimento llamado: Salchicha De Pollo','2025-08-03','15:22:31',12345678,1),(105,'Alimentos','Registró un Alimento llamado: Bistec','2025-08-03','15:26:57',12345678,1),(106,'Alimentos','Registró un Alimento llamado: Chorizo','2025-08-03','15:27:13',12345678,1),(107,'Alimentos','Registró un Alimento llamado: Chuleta','2025-08-03','15:27:25',12345678,1),(108,'Alimentos','Registró un Alimento llamado: Jamon Arepero','2025-08-03','15:27:45',12345678,1),(109,'Alimentos','Registró un Alimento llamado: Jamon','2025-08-03','15:28:08',12345678,1),(110,'Alimentos','Registró un Alimento llamado: Jamon','2025-08-03','15:28:26',12345678,1),(111,'Alimentos','Registró un Alimento llamado: Carne Molida','2025-08-03','15:28:45',12345678,1),(112,'Alimentos','Registró un Alimento llamado: Mortadela Tapara','2025-08-03','15:29:07',12345678,1),(113,'Alimentos','Registró un Alimento llamado: Mortadela De Pollo','2025-08-03','15:29:38',12345678,1),(114,'Alimentos','Registró un Alimento llamado: Pepperoni','2025-08-03','15:30:02',12345678,1),(115,'Alimentos','Registró un Alimento llamado: Tocino','2025-08-03','15:30:44',12345678,1),(116,'Alimentos','Registró un Alimento llamado: Atun','2025-08-03','15:38:04',12345678,1),(117,'Alimentos','Registró un Alimento llamado: Bacalao','2025-08-03','15:38:18',12345678,1),(118,'Alimentos','Registró un Alimento llamado: Macarones','2025-08-03','15:39:01',12345678,1),(119,'Alimentos','Registró un Alimento llamado: Carite','2025-08-03','15:39:23',12345678,1),(120,'Alimentos','Registró un Alimento llamado: Mejillones','2025-08-03','15:39:52',12345678,1),(121,'Alimentos','Registró un Alimento llamado: Merlusa','2025-08-03','15:40:10',12345678,1),(122,'Alimentos','Registró un Alimento llamado: Salmon','2025-08-03','15:40:23',12345678,1),(123,'Alimentos','Registró un Alimento llamado: Sardina','2025-08-03','15:40:37',12345678,1),(124,'Consultar Alimentos','Se Modificó los datos del Alimento:Merluza','2025-08-03','15:40:55',12345678,1),(125,'Alimentos','Registró un Alimento llamado: Trucha','2025-08-03','15:43:13',12345678,1),(126,'Alimentos','Registró un Alimento llamado: Cachama','2025-08-03','15:43:30',12345678,1),(127,'Alimentos','Registró un Alimento llamado: Huevo De Gallina','2025-08-03','15:54:06',12345678,1),(128,'Alimentos','Registró un Alimento llamado: Huevo De Codorniz','2025-08-03','15:54:26',12345678,1),(129,'Alimentos','Registró un Alimento llamado: Leche Liquida','2025-08-03','16:14:47',12345678,1),(130,'Alimentos','Registró un Alimento llamado: Crema De Leche','2025-08-03','16:15:16',12345678,1),(131,'Alimentos','Registró un Alimento llamado: Queso Blanco','2025-08-03','16:15:41',12345678,1),(132,'Alimentos','Registró un Alimento llamado: Queso Mozzarella','2025-08-03','16:16:01',12345678,1),(133,'Alimentos','Registró un Alimento llamado: Queso Parmesano','2025-08-03','16:16:20',12345678,1),(134,'Alimentos','Registró un Alimento llamado: Suero','2025-08-03','16:16:42',12345678,1),(135,'Alimentos','Registró un Alimento llamado: Yogurt','2025-08-03','16:17:15',12345678,1),(136,'Alimentos','Registró un Alimento llamado: Agua Potable','2025-08-03','16:37:52',12345678,1),(137,'Alimentos','Registró un Alimento llamado: Refresco Coca Cola','2025-08-03','16:38:46',12345678,1),(138,'Alimentos','Registró un Alimento llamado: Jugo De Naranja','2025-08-03','16:39:07',12345678,1),(139,'Alimentos','Registró un Alimento llamado: Jugo De Naranja','2025-08-03','16:39:26',12345678,1),(140,'Alimentos','Registró un Alimento llamado: Jugo De Manzana','2025-08-03','16:39:48',12345678,1),(141,'Alimentos','Registró un Alimento llamado: Jugo De Pera','2025-08-03','16:40:13',12345678,1),(142,'Alimentos','Registró un Alimento llamado: Malta','2025-08-03','16:40:57',12345678,1),(143,'Alimentos','Registró un Alimento llamado: Refresco','2025-08-03','16:41:13',12345678,1),(144,'Consultar Alimentos','Se Modificó los datos del Alimento:Jugo De Naranja','2025-08-03','16:41:38',12345678,1),(145,'Alimentos','Registró un Alimento llamado: Curry En Polvo','2025-08-03','16:59:18',12345678,1),(146,'Alimentos','Registró un Alimento llamado: Adobo','2025-08-03','17:00:11',12345678,1),(147,'Alimentos','Registró un Alimento llamado: Ajo En Polvo','2025-08-03','17:00:36',12345678,1),(148,'Alimentos','Registró un Alimento llamado: Canela En Polvo','2025-08-03','17:01:11',12345678,1),(149,'Alimentos','Registró un Alimento llamado: Comino','2025-08-03','17:01:30',12345678,1),(150,'Alimentos','Registró un Alimento llamado: Mayonesa','2025-08-03','17:01:53',12345678,1),(151,'Alimentos','Registró un Alimento llamado: Mostaza','2025-08-03','17:02:16',12345678,1),(152,'Alimentos','Registró un Alimento llamado: Oregano','2025-08-03','17:02:36',12345678,1),(153,'Alimentos','Registró un Alimento llamado: Pimienta Negra','2025-08-03','17:03:11',12345678,1),(154,'Alimentos','Registró un Alimento llamado: Sal','2025-08-03','17:03:40',12345678,1),(155,'Alimentos','Registró un Alimento llamado: Salsa De Tomate Bologna','2025-08-03','17:04:18',12345678,1),(156,'Alimentos','Registró un Alimento llamado: Salsa De Soya','2025-08-03','17:04:40',12345678,1),(157,'Alimentos','Registró un Alimento llamado: Salsa De Tomate','2025-08-03','17:05:15',12345678,1),(158,'Consultar Alimentos','Se Modificó los datos del Alimento:Salsa De Soya','2025-08-03','17:06:10',12345678,1),(159,'Alimentos','Registró un Alimento llamado: Harina De Maiz','2025-08-03','17:20:00',12345678,1),(160,'Alimentos','Registró un Alimento llamado: Harina De Maiz','2025-08-03','17:21:13',12345678,1),(161,'Alimentos','Registró un Alimento llamado: Arroz','2025-08-03','17:21:47',12345678,1),(162,'Alimentos','Registró un Alimento llamado: Arroz','2025-08-03','17:22:40',12345678,1),(163,'Alimentos','Registró un Alimento llamado: Pasta Larga','2025-08-03','17:23:06',12345678,1),(164,'Alimentos','Registró un Alimento llamado: Pasta Corta De Pluma','2025-08-03','17:24:06',12345678,1),(165,'Alimentos','Registró un Alimento llamado: Pasta Corta De Codo','2025-08-03','17:24:46',12345678,1),(166,'Alimentos','Registró un Alimento llamado: Harina De Trigo','2025-08-03','17:25:16',12345678,1),(167,'Alimentos','Registró un Alimento llamado: Harina De Trigo','2025-08-03','17:26:49',12345678,1),(168,'Alimentos','Registró un Alimento llamado: Cheddar','2025-08-03','17:27:15',12345678,1),(169,'Alimentos','Registró un Alimento llamado: Diablitos','2025-08-03','17:28:00',12345678,1),(170,'Alimentos','Registró un Alimento llamado: Sardinas En Salsa De Tomate','2025-08-03','17:28:40',12345678,1),(171,'Alimentos','Registró un Alimento llamado: Mantequilla','2025-08-03','17:29:02',12345678,1),(172,'Alimentos','Registró un Alimento llamado: Aceite De Soja','2025-08-03','17:29:47',12345678,1),(173,'Alimentos','Registró un Alimento llamado: Sardinas En Aceite Vegetal','2025-08-03','17:32:06',12345678,1),(174,'Alimentos','Registró un Alimento llamado: Cafe','2025-08-03','17:32:28',12345678,1),(175,'Alimentos','Registró un Alimento llamado: Atun Enlatado','2025-08-03','17:32:54',12345678,1),(176,'Alimentos','Registró un Alimento llamado: Atun Enlatado','2025-08-03','17:33:38',12345678,1),(177,'Alimentos','Registró un Alimento llamado: Avena','2025-08-03','17:34:06',12345678,1),(178,'Alimentos','Registró un Alimento llamado: Cereal','2025-08-03','17:36:19',12345678,1),(179,'Alimentos','Registró un Alimento llamado: Cereal','2025-08-03','17:36:37',12345678,1),(180,'Alimentos','Registró un Alimento llamado: Cereal','2025-08-03','17:37:06',12345678,1),(181,'Alimentos','Registró un Alimento llamado: Pan Arabe','2025-08-03','17:39:58',12345678,1),(182,'Alimentos','Registró un Alimento llamado: Sandwich','2025-08-03','17:40:22',12345678,1),(183,'Alimentos','Registró un Alimento llamado: Pan Canilla','2025-08-03','17:40:44',12345678,1),(184,'Alimentos','Registró un Alimento llamado: Pan Piñita','2025-08-03','17:41:00',12345678,1),(185,'Alimentos','Registró un Alimento llamado: Pan Sobado','2025-08-03','17:41:29',12345678,1),(186,'Alimentos','Registró un Alimento llamado: Pan Frances','2025-08-03','17:41:46',12345678,1),(187,'Login','El Usuario Servicio Nutricional : Inició sesión','2025-08-03','17:45:48',12345678,1),(188,'Alimentos','Registró un Alimento llamado: Mini Pan De Guayaba','2025-08-03','17:46:18',12345678,1),(189,'Alimentos','Registró un Alimento llamado: Mini Pan De Arequipe','2025-08-03','17:46:39',12345678,1),(190,'Alimentos','Registró un Alimento llamado: Catalina','2025-08-03','17:47:07',12345678,1),(191,'Alimentos','Registró un Alimento llamado: Vinagre Blanco','2025-08-03','18:12:50',12345678,1),(192,'Alimentos','Registró un Alimento llamado: Maíz En Grano','2025-08-03','18:14:17',12345678,1),(193,'Alimentos','Registró un Alimento llamado: Mermelada De Fresa','2025-08-03','18:21:26',12345678,1),(194,'Alimentos','Registró un Alimento llamado: Chocolate En Polvo','2025-08-03','18:21:49',12345678,1),(195,'Alimentos','Registró un Alimento llamado: Galleta De Leche','2025-08-03','18:22:16',12345678,1),(196,'Alimentos','Registró un Alimento llamado: Azucar','2025-08-03','18:22:35',12345678,1),(197,'Alimentos','Registró un Alimento llamado: Crema De Mani','2025-08-03','18:22:55',12345678,1),(198,'Alimentos','Registró un Alimento llamado: Galleta Con Relleno De Fresa','2025-08-03','18:23:34',12345678,1),(199,'Alimentos','Registró un Alimento llamado: Galleta Con Relleno De Chocolate','2025-08-03','18:24:00',12345678,1),(200,'Alimentos','Registró un Alimento llamado: Galleta Con Relleno De Vainilla','2025-08-03','18:24:36',12345678,1),(201,'Alimentos','Registró un Alimento llamado: Galleta','2025-08-03','18:25:11',12345678,1),(202,'Alimentos','Registró un Alimento llamado: Mermelada De Guayaba','2025-08-03','18:25:45',12345678,1),(203,'Alimentos','Registró un Alimento llamado: Galleta De Chocolate','2025-08-03','18:26:11',12345678,1),(204,'Alimentos','Registró un Alimento llamado: Gelatina De Limon','2025-08-03','18:28:13',12345678,1),(205,'Alimentos','Registró un Alimento llamado: Gelatina De Fresa','2025-08-03','18:28:45',12345678,1),(206,'Alimentos','Registró un Alimento llamado: Leche Condensada','2025-08-03','18:31:14',12345678,1),(207,'Login','El Usuario Servicio Nutricional : Inició sesión','2025-08-03','21:07:30',12345678,1),(208,'Login','El Usuario Servicio Nutricional : Inició sesión','2025-08-11','17:26:25',12345678,1),(209,'Tipos Utensilios','Registró un Tipo Utensilios llamado: Bandejas','2025-08-11','17:26:48',12345678,1),(210,'Login','El usuario Servicio Nutricional   cerró sesión ','2025-08-11','17:27:19',12345678,1),(211,'Login','El Usuario Servicio Nutricional : Inició sesión','2025-08-11','17:28:11',12345678,1),(212,'Mantenimiento','Último Mantenimiento (Importación) realizado el 2025-08-12 18:09:26','2025-08-12','18:09:26',12345678,1),(213,'Usuarios','Registro un nuevo usuario llamado:Sofía Torres','2025-08-12','18:27:51',12345678,1),(214,'Usuarios','Registro un nuevo usuario llamado:Fernando Sánchez','2025-08-12','18:34:51',12345678,1),(215,'Usuarios','Registro un nuevo usuario llamado:Pedro Rivas','2025-08-12','18:37:39',12345678,1),(216,'Usuarios','Registro un nuevo usuario llamado:Andrés Ramírez','2025-08-12','18:38:55',12345678,1),(217,'Usuarios','Registro un nuevo usuario llamado:Fernando Fernández','2025-08-12','18:42:08',12345678,1),(218,'Usuarios','Registro un nuevo usuario llamado:Juan Delgado','2025-08-12','18:43:20',12345678,1),(219,'Usuarios','Registro un nuevo usuario llamado:Andrés Castro','2025-08-12','18:44:52',12345678,1),(220,'Usuarios','Registro un nuevo usuario llamado:Ana López','2025-08-12','18:46:23',12345678,1),(221,'Usuarios','Registro un nuevo usuario llamado:Miguel Gómez','2025-08-12','18:55:06',12345678,1),(222,'Usuarios','Registro un nuevo usuario llamado:Luis Suárez','2025-08-12','18:56:09',12345678,1),(223,'Usuarios','Registro un nuevo usuario llamado:Luis Torres','2025-08-12','18:57:21',12345678,1),(224,'Usuarios','Registro un nuevo usuario llamado:Andrés Ramírez','2025-08-12','18:58:25',12345678,1),(225,'Usuarios','Registro un nuevo usuario llamado:José Vargas','2025-08-12','18:59:41',12345678,1),(226,'Usuarios','Registro un nuevo usuario llamado:Gabriela Romero','2025-08-12','19:15:02',12345678,1),(227,'Usuarios','Registro un nuevo usuario llamado:Ana Fernández','2025-08-12','19:16:41',12345678,1),(228,'Usuarios','Registro un nuevo usuario llamado:Laura Sánchez','2025-08-12','19:18:01',12345678,1),(229,'Usuarios','Registro un nuevo usuario llamado:Diego Herrera','2025-08-12','19:18:59',12345678,1),(230,'Usuarios','Registro un nuevo usuario llamado:Lucía Gómez','2025-08-12','19:19:54',12345678,1),(231,'Usuarios','Registro un nuevo usuario llamado:Ana Rivas','2025-08-12','19:20:45',12345678,1),(232,'Usuarios','Registro un nuevo usuario llamado:Diego Mendoza','2025-08-12','19:21:37',12345678,1),(233,'Usuarios','Registro un nuevo usuario llamado:Paola Pérez','2025-08-12','20:18:33',12345678,1),(234,'Usuarios','Registro un nuevo usuario llamado:Diego Torres','2025-08-12','20:19:39',12345678,1),(235,'Usuarios','Registro un nuevo usuario llamado:Andrés Martínez','2025-08-12','21:49:06',12345678,1),(236,'Usuarios','Registro un nuevo usuario llamado:Maria Rivas','2025-08-12','21:50:40',12345678,1),(237,'Usuarios','Registro un nuevo usuario llamado:Pedro Castro','2025-08-12','21:51:51',12345678,1),(238,'Usuarios','Registro un nuevo usuario llamado:Miguel Mendoza','2025-08-12','21:52:50',12345678,1),(239,'Usuarios','Registro un nuevo usuario llamado:José Mendoza','2025-08-12','21:56:46',12345678,1),(240,'Usuarios','Registro un nuevo usuario llamado:Luis Fernández','2025-08-12','21:57:59',12345678,1),(241,'Usuarios','Registro un nuevo usuario llamado:María Acosta','2025-08-12','21:59:06',12345678,1),(242,'Usuarios','Registro un nuevo usuario llamado:Patricia Fernández','2025-08-12','22:00:18',12345678,1),(243,'Usuarios','Registro un nuevo usuario llamado:Andrés Rodríguez','2025-08-12','22:01:25',12345678,1),(244,'Usuarios','Registro un nuevo usuario llamado:Paola Sánchez','2025-08-12','22:02:30',12345678,1),(245,'Usuarios','Registro un nuevo usuario llamado:Paola López','2025-08-12','22:09:12',12345678,1),(246,'Usuarios','Registro un nuevo usuario llamado:Diego Reyes','2025-08-12','22:11:31',12345678,1),(247,'Usuarios','Registro un nuevo usuario llamado:Ricardo Ortega','2025-08-12','22:13:35',12345678,1),(248,'Usuarios','Registro un nuevo usuario llamado:María Martínez','2025-08-12','22:15:15',12345678,1),(249,'Usuarios','Registro un nuevo usuario llamado:Ricardo Martínez','2025-08-12','22:16:11',12345678,1),(250,'Usuarios','Registro un nuevo usuario llamado:Pedro Rodríguez','2025-08-12','22:18:39',12345678,1),(251,'Usuarios','Registro un nuevo usuario llamado:Diego Acosta','2025-08-12','22:21:07',12345678,1),(252,'Usuarios','Registro un nuevo usuario llamado:María Castro','2025-08-12','22:22:17',12345678,1),(253,'Usuarios','Registro un nuevo usuario llamado:Paola Sánchez','2025-08-12','22:23:33',12345678,1),(254,'Usuarios','Registro un nuevo usuario llamado:Andrés Sánchez','2025-08-12','22:24:19',12345678,1),(255,'Usuarios','Registro un nuevo usuario llamado:Fernando Rivas','2025-08-12','22:30:52',12345678,1),(256,'Usuarios','Registro un nuevo usuario llamado:José Morales','2025-08-12','22:31:49',12345678,1),(257,'Usuarios','Registro un nuevo usuario llamado:Patricia Suárez','2025-08-12','22:35:13',12345678,1),(258,'Usuarios','Registro un nuevo usuario llamado:Miguel Gómez','2025-08-12','22:36:02',12345678,1),(259,'Usuarios','Registro un nuevo usuario llamado:Juan Herrera','2025-08-12','22:37:34',12345678,1),(260,'Usuarios','Registro un nuevo usuario llamado:Gabriela Ramírez','2025-08-12','22:38:21',12345678,1),(261,'Usuarios','Registro un nuevo usuario llamado:Luis Martínez','2025-08-12','22:39:27',12345678,1),(262,'Usuarios','Registro un nuevo usuario llamado:Juan gómez','2025-08-12','22:40:11',12345678,1),(263,'Usuarios','Registro un nuevo usuario llamado:Gabriela Castro','2025-08-12','22:40:59',12345678,1),(264,'Usuarios','Registro un nuevo usuario llamado:Gabriela Morales','2025-08-12','22:42:37',12345678,1),(265,'Usuarios','Registro un nuevo usuario llamado:paola Delgado','2025-08-12','22:44:00',12345678,1),(266,'Usuarios','Registro un nuevo usuario llamado:José Rodríguez','2025-08-12','22:44:52',12345678,1),(267,'Usuarios','Registro un nuevo usuario llamado:Marianny Flores','2025-08-12','22:45:26',12345678,1),(268,'Usuarios','Registro un nuevo usuario llamado:Luis Ortega','2025-08-12','22:46:35',12345678,1),(269,'Usuarios','Registro un nuevo usuario llamado:Miguel Herrera','2025-08-12','22:47:22',12345678,1),(270,'Usuarios','Registro un nuevo usuario llamado:Patricia Herrera','2025-08-12','22:48:08',12345678,1),(271,'Usuarios','Registro un nuevo usuario llamado:Fernando suárez','2025-08-12','22:48:50',12345678,1),(272,'Usuarios','Registro un nuevo usuario llamado:María Herrera','2025-08-12','22:49:41',12345678,1),(273,'Usuarios','Registro un nuevo usuario llamado:Carlos Vargas','2025-08-12','22:50:22',12345678,1),(274,'Usuarios','Registro un nuevo usuario llamado:Gabriela Rodríguez','2025-08-12','22:51:45',12345678,1),(275,'Usuarios','Registro un nuevo usuario llamado:Miguel Gómez','2025-08-12','22:52:36',12345678,1),(276,'Usuarios','Registro un nuevo usuario llamado:José López','2025-08-12','22:53:39',12345678,1),(277,'Usuarios','Registro un nuevo usuario llamado:Sofía Pérez','2025-08-12','22:54:30',12345678,1),(278,'Usuarios','Registro un nuevo usuario llamado:Lucía Suárez','2025-08-12','22:55:46',12345678,1),(279,'Usuarios','Registro un nuevo usuario llamado:Sofía Herrera','2025-08-12','22:56:52',12345678,1),(280,'Usuarios','Registro un nuevo usuario llamado:Laura Reyes','2025-08-12','23:00:08',12345678,1),(281,'Usuarios','Registro un nuevo usuario llamado:Carlos Ramírez','2025-08-12','23:01:11',12345678,1),(282,'Usuarios','Registro un nuevo usuario llamado:Yethzenia Alarcon','2025-08-12','23:03:18',12345678,1),(283,'Login','El usuario Servicio Nutricional   cerró sesión ','2025-08-12','23:05:58',12345678,1),(284,'Login','El Usuario Servicio Nutricional : Inició sesión','2025-08-13','19:28:45',12345678,1),(285,'Usuarios','Registro un nuevo usuario llamado:Carlos Lopez','2025-08-13','20:07:05',12345678,1),(286,'Usuarios','Registro un nuevo usuario llamado:Diego Ramirez','2025-08-13','20:11:08',12345678,1),(287,'Usuarios','Registro un nuevo usuario llamado:Ana Sanchez','2025-08-13','20:13:03',12345678,1),(288,'Usuarios','Registro un nuevo usuario llamado:Patricia Delgado','2025-08-13','20:14:48',12345678,1),(289,'Usuarios','Registro un nuevo usuario llamado:Sofia Gomez','2025-08-13','20:19:36',12345678,1),(290,'Usuarios','Registro un nuevo usuario llamado:Jose Castro','2025-08-13','20:22:38',12345678,1),(291,'Usuarios','Registro un nuevo usuario llamado:María Herrera','2025-08-13','22:04:53',12345678,1),(292,'Usuarios','Registro un nuevo usuario llamado:Maria Herrera','2025-08-13','22:07:32',12345678,1),(293,'Usuarios','Registro un nuevo usuario llamado:Andrés Fernández','2025-08-13','22:09:56',12345678,1),(294,'Usuarios','Registro un nuevo usuario llamado:Carlos Gómez','2025-08-13','22:13:42',12345678,1),(295,'Usuarios','Registro un nuevo usuario llamado:Lucia Martínez','2025-08-13','22:15:35',12345678,1),(296,'Usuarios','Registro un nuevo usuario llamado:Miguel Vargas','2025-08-13','22:17:05',12345678,1),(297,'Usuarios','Registro un nuevo usuario llamado:Patricia Ramírez','2025-08-13','22:19:14',12345678,1),(298,'Usuarios','Registro un nuevo usuario llamado:Marta Ramírez','2025-08-13','22:21:56',12345678,1),(299,'Usuarios','Registro un nuevo usuario llamado:Ana Torres','2025-08-13','22:24:07',12345678,1),(300,'Usuarios','Registro un nuevo usuario llamado:Juan Gómez','2025-08-13','22:27:28',12345678,1),(301,'Usuarios','Registro un nuevo usuario llamado:José Reyes','2025-08-13','22:30:03',12345678,1),(302,'Usuarios','Registro un nuevo usuario llamado:Marta Reyes','2025-08-13','22:31:39',12345678,1),(303,'Usuarios','Registro un nuevo usuario llamado:Gabriela Castro','2025-08-13','22:33:55',12345678,1),(304,'Usuarios','Registro un nuevo usuario llamado:María Ortega','2025-08-13','22:35:55',12345678,1),(305,'Login','El Usuario Servicio Nutricional : Inició sesión','2025-08-14','19:44:01',12345678,1),(306,'Usuarios','Registro un nuevo usuario llamado:Juana Morales','2025-08-14','19:45:49',12345678,1),(307,'Usuarios','Registro un nuevo usuario llamado:Patricia Suárez','2025-08-14','19:46:32',12345678,1),(308,'Usuarios','Registro un nuevo usuario llamado:Fernando Rodríguez','2025-08-14','19:47:26',12345678,1),(309,'Usuarios','Registro un nuevo usuario llamado:Andrés Vargas','2025-08-14','19:48:26',12345678,1),(310,'Usuarios','Registro un nuevo usuario llamado:Ana Torres','2025-08-14','19:49:13',12345678,1),(311,'Usuarios','Registro un nuevo usuario llamado:Pedro Suárez','2025-08-14','19:50:08',12345678,1),(312,'Usuarios','Registro un nuevo usuario llamado:Marta Delgado','2025-08-14','19:50:56',12345678,1),(313,'Usuarios','Registro un nuevo usuario llamado:Ricardo Delgado','2025-08-14','19:52:03',12345678,1),(314,'Usuarios','Registro un nuevo usuario llamado:Ricardo Pérez','2025-08-14','19:53:23',12345678,1),(315,'Usuarios','Registro un nuevo usuario llamado:Gabriela Sánchez','2025-08-14','19:55:12',12345678,1),(316,'Usuarios','Registro un nuevo usuario llamado:Ana Martínez','2025-08-14','19:56:30',12345678,1),(317,'Usuarios','Registro un nuevo usuario llamado:Diego Reyes','2025-08-14','19:57:16',12345678,1),(318,'Usuarios','Registro un nuevo usuario llamado:Lucía Rodríguez','2025-08-14','19:58:07',12345678,1),(319,'Usuarios','Registro un nuevo usuario llamado:Diego Pérez','2025-08-14','19:59:07',12345678,1),(320,'Usuarios','Registro un nuevo usuario llamado:Patricia Ramírez','2025-08-14','19:59:57',12345678,1),(321,'Usuarios','Registro un nuevo usuario llamado:María Vargas','2025-08-14','20:01:33',12345678,1),(322,'Usuarios','Registro un nuevo usuario llamado:José Reyes','2025-08-14','20:02:21',12345678,1),(323,'Usuarios','Registro un nuevo usuario llamado:Luis Suárez','2025-08-14','21:19:59',12345678,1),(324,'Usuarios','Registro un nuevo usuario llamado:Sofía López','2025-08-14','21:20:47',12345678,1),(325,'Usuarios','Registro un nuevo usuario llamado:Patricia Torres','2025-08-14','21:21:47',12345678,1),(326,'Usuarios','Registro un nuevo usuario llamado:Pedro lópez','2025-08-14','21:22:45',12345678,1),(327,'Usuarios','Registro un nuevo usuario llamado:Ricardo Martínez','2025-08-14','21:23:30',12345678,1),(328,'Usuarios','Registro un nuevo usuario llamado:Diego López','2025-08-14','21:24:33',12345678,1),(329,'Usuarios','Registro un nuevo usuario llamado:Juan Fernández','2025-08-14','21:25:18',12345678,1),(330,'Usuarios','Registro un nuevo usuario llamado:Pedro Ramírez','2025-08-14','21:26:01',12345678,1),(331,'Usuarios','Registro un nuevo usuario llamado:Patricia Morales','2025-08-14','21:26:41',12345678,1),(332,'Usuarios','Registro un nuevo usuario llamado:Sofía Rivas','2025-08-14','21:27:42',12345678,1),(333,'Usuarios','Registro un nuevo usuario llamado:Ricardo Gómez','2025-08-14','21:28:27',12345678,1),(334,'Usuarios','Registro un nuevo usuario llamado:María pérez','2025-08-14','21:29:11',12345678,1),(335,'Usuarios','Registro un nuevo usuario llamado:Diego vargas','2025-08-14','21:30:01',12345678,1),(336,'Usuarios','Registro un nuevo usuario llamado:Carlos Torres','2025-08-14','21:30:42',12345678,1),(337,'Usuarios','Registro un nuevo usuario llamado:Ana Rodríguez','2025-08-14','21:48:00',12345678,1),(338,'Usuarios','Registro un nuevo usuario llamado:Luis Torres','2025-08-14','21:58:05',12345678,1),(339,'Usuarios','Registro un nuevo usuario llamado:Paola Torres','2025-08-14','21:58:54',12345678,1),(340,'Usuarios','Registro un nuevo usuario llamado:Carlos Sánchez','2025-08-14','21:59:31',12345678,1),(341,'Usuarios','Registro un nuevo usuario llamado:Diego torres','2025-08-14','22:00:05',12345678,1),(342,'Usuarios','Registro un nuevo usuario llamado:Ana Acosta','2025-08-14','22:00:58',12345678,1),(343,'Usuarios','Registro un nuevo usuario llamado:Andrés Gómez','2025-08-14','22:01:43',12345678,1),(344,'Usuarios','Registro un nuevo usuario llamado:Lucía Suárez','2025-08-14','22:02:29',12345678,1),(345,'Usuarios','Registro un nuevo usuario llamado:Gabriela Sánchez','2025-08-14','22:03:47',12345678,1),(346,'Usuarios','Registro un nuevo usuario llamado:sofía Martínez','2025-08-14','22:04:24',12345678,1),(347,'Usuarios','Registro un nuevo usuario llamado:lucía Torres','2025-08-14','22:05:07',12345678,1),(348,'Usuarios','Registro un nuevo usuario llamado:Juan Ramírez','2025-08-14','22:05:53',12345678,1),(349,'Usuarios','Registro un nuevo usuario llamado:Juan Suárez','2025-08-14','22:09:29',12345678,1),(350,'Usuarios','Registro un nuevo usuario llamado:Luis Delgado','2025-08-14','22:14:51',12345678,1),(351,'Usuarios','Registro un nuevo usuario llamado:Elena Acosta','2025-08-14','22:15:51',12345678,1),(352,'Usuarios','Registro un nuevo usuario llamado:Miguel López','2025-08-14','22:17:28',12345678,1),(353,'Usuarios','Registro un nuevo usuario llamado:josé Fernández','2025-08-14','22:19:06',12345678,1),(354,'Usuarios','Registro un nuevo usuario llamado:Elena Martínez','2025-08-14','22:20:02',12345678,1),(355,'Usuarios','Registro un nuevo usuario llamado:Fernando Martínez','2025-08-14','22:20:55',12345678,1),(356,'Usuarios','Registro un nuevo usuario llamado:Luis Torres','2025-08-14','22:21:46',12345678,1),(357,'Usuarios','Registro un nuevo usuario llamado:Sofía Delgado','2025-08-14','22:22:55',12345678,1),(358,'Usuarios','Registro un nuevo usuario llamado:Fernando Herrera','2025-08-14','22:26:28',12345678,1),(359,'Usuarios','Registro un nuevo usuario llamado:Juan Sánchez','2025-08-14','22:27:11',12345678,1),(360,'Usuarios','Registro un nuevo usuario llamado:María Sánchez','2025-08-14','22:27:58',12345678,1),(361,'Usuarios','Registro un nuevo usuario llamado:Patricia Rivas','2025-08-14','22:28:37',12345678,1),(362,'Usuarios','Registro un nuevo usuario llamado:Carlos Pérez','2025-08-14','22:30:13',12345678,1),(363,'Usuarios','Registro un nuevo usuario llamado:Patricia Reyes','2025-08-14','22:31:01',12345678,1),(364,'Usuarios','Registro un nuevo usuario llamado:Paola Prieto','2025-08-14','22:31:50',12345678,1),(365,'Usuarios','Registro un nuevo usuario llamado:Marta Delgado','2025-08-14','22:32:30',12345678,1),(366,'Usuarios','Registro un nuevo usuario llamado:Miguel Rivas','2025-08-14','22:33:17',12345678,1),(367,'Usuarios','Registro un nuevo usuario llamado:Marta Martínez','2025-08-14','22:33:59',12345678,1),(368,'Usuarios','Registro un nuevo usuario llamado:Ana Wyatt','2025-08-14','22:35:33',12345678,1),(369,'Usuarios','Registro un nuevo usuario llamado:Samuel Pereira','2025-08-14','22:36:12',12345678,1),(370,'Usuarios','Registro un nuevo usuario llamado:Dairon Santeliz','2025-08-14','22:37:23',12345678,1),(371,'Mantenimiento','Último Mantenimiento (Importación) realizado el 2025-08-16 15:20:43','2025-08-16','15:20:43',12345678,1),(372,'Permisos','Modificó los Permisos de los roles y módulos ','2025-08-16','15:24:05',12345678,1),(373,'Login','El usuario Servicio Nutricional   cerró sesión ','2025-08-16','15:30:13',12345678,1),(374,'Login','El Usuario Servicio Nutricional : Inició sesión','2025-08-16','15:30:24',12345678,1),(375,'Login','El usuario Servicio Nutricional   cerró sesión ','2025-08-16','15:30:29',12345678,1),(376,'Login','El Usuario Marianny Flores: Inició sesión','2025-08-16','15:30:51',29913499,1),(377,'Login','El Usuario Marianny Flores: Inició al sistema en el horario de ','2025-08-16','15:30:56',29913499,1),(378,'Login','El Usuario Marianny Flores: Inició al sistema en el horario de Desayuno','2025-08-16','15:30:59',29913499,1),(379,'Inventario de Alimentos - Entrada','Registró una entrada de alimentos en la fecha y hora: 2025-08-16 - 15:31 la cual describe que es :  Compra de verduras','2025-08-16','15:35:45',29913499,1),(380,'Inventario de los Alimentos - Entrada','Consultó las entradas de los alimentos','2025-08-16','15:35:49',29913499,1),(381,'Inventario de Alimentos - Entrada','Registró una entrada de alimentos en la fecha y hora: 2025-08-16 - 15:36 la cual describe que es :  Entrada de Frutas','2025-08-16','15:38:56',29913499,1),(382,'Inventario de Alimentos - Entrada','Registró una entrada de alimentos en la fecha y hora: 2025-08-16 - 15:38 la cual describe que es :   Compra de Granos y Carnes','2025-08-16','15:42:18',29913499,1),(383,'Inventario de los Alimentos - Entrada','Consultó las entradas de los alimentos','2025-08-16','15:42:24',29913499,1),(384,'Login','El usuario Marianny Flores  cerró sesión ','2025-08-16','15:42:30',29913499,1),(385,'Login','El Usuario Samuel Pereira: Inició sesión','2025-08-16','15:42:58',29972192,1),(386,'Login','El Usuario Samuel Pereira: Inició al sistema en el horario de ','2025-08-16','15:43:02',29972192,1),(387,'Login','El Usuario Samuel Pereira: Inició al sistema en el horario de Almuerzo','2025-08-16','15:43:04',29972192,1),(388,'Inventario de Alimentos - Entrada','Registró una entrada de alimentos en la fecha y hora: 2025-08-16 - 15:43 la cual describe que es :  Entrada de alimentos','2025-08-16','15:45:51',29972192,1),(389,'Inventario de Alimentos - Entrada','Registró una entrada de alimentos en la fecha y hora: 2025-08-16 - 15:45 la cual describe que es :   Alimentos comprados','2025-08-16','15:47:48',29972192,1),(390,'Inventario de Alimentos - Entrada','Registró una entrada de alimentos en la fecha y hora: 2025-08-16 - 15:47 la cual describe que es :   Entrada de alimentos','2025-08-16','15:50:29',29972192,1),(391,'Inventario de los Alimentos - Entrada','Consultó las entradas de los alimentos','2025-08-16','15:50:37',29972192,1),(392,'Login','El usuario Samuel Pereira  cerró sesión ','2025-08-16','15:50:46',29972192,1),(393,'Login','El Usuario Andrés Castro: Inició sesión','2025-08-16','15:51:03',30000006,1),(394,'Login','El Usuario Andrés Castro: Inició al sistema en el horario de ','2025-08-16','15:51:06',30000006,1),(395,'Login','El Usuario Andrés Castro: Inició al sistema en el horario de Almuerzo','2025-08-16','15:51:08',30000006,1),(396,'Inventario de Alimentos - Stock','Consultó los estocks de los alimentos','2025-08-16','15:51:14',30000006,1),(397,'Inventario de los Alimentos - Entrada','Consultó las entradas de los alimentos','2025-08-16','15:56:03',30000006,1),(398,'Inventario de Alimentos - Entrada','Registró una entrada de alimentos en la fecha y hora: 2025-08-16 - 15:56 la cual describe que es :  Entrada de verduras','2025-08-16','15:57:48',30000006,1),(399,'Inventario de Alimentos - Entrada','Registró una entrada de alimentos en la fecha y hora: 2025-08-16 - 15:59 la cual describe que es :   Entrada de lacteos','2025-08-16','16:01:06',30000006,1),(400,'Inventario de los Alimentos - Entrada','Consultó las entradas de los alimentos','2025-08-16','16:01:09',30000006,1),(401,'Inventario de Alimentos - Entrada','Registró una entrada de alimentos en la fecha y hora: 2025-08-16 - 16:01 la cual describe que es :  Entrada de Viveres','2025-08-16','16:02:52',30000006,1),(402,'Login','El usuario Andrés Castro  cerró sesión ','2025-08-16','16:02:57',30000006,1),(403,'Login','El Usuario Pedro Castro: Inició sesión','2025-08-16','16:03:13',30000024,1),(404,'Login','El Usuario Pedro Castro: Inició al sistema en el horario de ','2025-08-16','16:03:21',30000024,1),(405,'Login','El Usuario Pedro Castro: Inició al sistema en el horario de Merienda','2025-08-16','16:03:23',30000024,1),(406,'Inventario de Alimentos - Entrada','Registró una entrada de alimentos en la fecha y hora: 2025-08-16 - 16:03 la cual describe que es :  Entrada de alimentos','2025-08-16','16:04:42',30000024,1),(407,'Inventario de Alimentos - Entrada','Registró una entrada de alimentos en la fecha y hora: 2025-08-16 - 16:04 la cual describe que es :   entrada de productos comprados','2025-08-16','16:06:47',30000024,1),(408,'Inventario de los Alimentos - Entrada','Consultó las entradas de los alimentos','2025-08-16','16:06:50',30000024,1),(409,'Inventario de Alimentos - Entrada','Registró una entrada de alimentos en la fecha y hora: 2025-08-16 - 16:07 la cual describe que es :  Entrada de viveres y condimentos','2025-08-16','16:28:29',30000024,1),(410,'Inventario de los Alimentos - Entrada','Consultó las entradas de los alimentos','2025-08-16','16:28:33',30000024,1),(411,'Login','El usuario Pedro Castro  cerró sesión ','2025-08-16','16:28:50',30000024,1),(412,'Login','El Usuario Paola Sánchez: Inició sesión','2025-08-16','16:29:18',30000031,1),(413,'Login','El Usuario Paola Sánchez: Inició al sistema en el horario de ','2025-08-16','16:29:24',30000031,1),(414,'Login','El Usuario Paola Sánchez: Inició al sistema en el horario de Cena','2025-08-16','16:29:25',30000031,1),(415,'Inventario de Alimentos - Entrada','Registró una entrada de alimentos en la fecha y hora: 2025-08-16 - 16:29 la cual describe que es :  entrada de alimentos','2025-08-16','16:31:27',30000031,1),(416,'Inventario de Alimentos - Entrada','Registró una entrada de alimentos en la fecha y hora: 2025-08-16 - 16:31 la cual describe que es :   Compra de alimentos','2025-08-16','16:32:16',30000031,1),(417,'Inventario de los Alimentos - Entrada','Consultó las entradas de los alimentos','2025-08-16','17:56:39',30000031,1),(418,'Inventario de Alimentos - Entrada','Registró una entrada de alimentos en la fecha y hora: 2025-08-16 - 17:56 la cual describe que es :  Compra de alimentos','2025-08-16','17:57:59',30000031,1),(419,'Inventario de los Alimentos - Entrada','Consultó las entradas de los alimentos','2025-08-16','17:58:01',30000031,1),(420,'Inventario de Alimentos - Entrada','Registró una entrada de alimentos en la fecha y hora: 2025-08-16 - 17:58 la cual describe que es :  Compra de verduras y condimentos','2025-08-16','18:00:51',30000031,1),(421,'Inventario de Alimentos - Entrada','Registró una entrada de alimentos en la fecha y hora: 2025-08-16 - 18:00 la cual describe que es :   Compra de Panes','2025-08-16','18:03:22',30000031,1),(422,'Inventario de los Alimentos - Entrada','Consultó las entradas de los alimentos','2025-08-16','18:04:42',30000031,1),(423,'Inventario de Alimentos - Entrada','Registró una entrada de alimentos en la fecha y hora: 2025-08-16 - 18:04 la cual describe que es :  Bebidas y Aliños verdes','2025-08-16','18:07:10',30000031,1),(424,'Inventario de los Alimentos - Entrada','Consultó las entradas de los alimentos','2025-08-16','18:07:12',30000031,1),(425,'Login','El usuario Paola Sánchez  cerró sesión ','2025-08-16','18:07:36',30000031,1),(426,'Login','El Usuario María Castro: Inició sesión','2025-08-16','18:07:40',30000039,1),(427,'Login','El Usuario María Castro: Inició al sistema en el horario de ','2025-08-16','18:07:43',30000039,1),(428,'Login','El Usuario María Castro: Inició al sistema en el horario de Cena','2025-08-16','18:07:44',30000039,1),(429,'Inventario de Alimentos - Entrada','Registró una entrada de alimentos en la fecha y hora: 2025-08-16 - 18:07 la cual describe que es :  Mariscos y verduras','2025-08-16','18:09:29',30000039,1),(430,'Inventario de los Alimentos - Entrada','Consultó las entradas de los alimentos','2025-08-16','18:09:32',30000039,1),(431,'Inventario de Alimentos - Entrada','Registró una entrada de alimentos en la fecha y hora: 2025-08-16 - 18:09 la cual describe que es :  Compra de frutas','2025-08-16','18:10:44',30000039,1),(432,'Inventario de Alimentos - Entrada','Registró una entrada de alimentos en la fecha y hora: 2025-08-16 - 18:10 la cual describe que es :   Entrada de alimentos','2025-08-16','18:11:52',30000039,1),(433,'Inventario de Alimentos - Entrada','Registró una entrada de alimentos en la fecha y hora: 2025-08-16 - 18:11 la cual describe que es :   Bebidas','2025-08-16','18:12:56',30000039,1),(434,'Inventario de los Alimentos - Entrada','Consultó las entradas de los alimentos','2025-08-16','18:12:59',30000039,1),(435,'Login','El usuario María Castro  cerró sesión ','2025-08-16','18:13:07',30000039,1),(436,'Login','El Usuario Samuel Pereira: Inició sesión','2025-08-16','18:13:21',29972192,1),(437,'Login','El Usuario Samuel Pereira: Inició al sistema en el horario de ','2025-08-16','18:17:43',29972192,1),(438,'Login','El Usuario Samuel Pereira: Inició al sistema en el horario de Desayuno','2025-08-16','18:17:45',29972192,1),(439,'Inventario de Alimentos - Entrada','Registró una entrada de alimentos en la fecha y hora: 2025-08-16 - 18:17 la cual describe que es :  Entrada de viveres y verduras','2025-08-16','18:19:53',29972192,1),(440,'Inventario de Alimentos - Entrada','Registró una entrada de alimentos en la fecha y hora: 2025-08-16 - 18:19 la cual describe que es :   Entrada de Azúcar','2025-08-16','18:39:54',29972192,1),(441,'Inventario de los Alimentos - Entrada','Consultó las entradas de los alimentos','2025-08-16','18:39:57',29972192,1),(442,'Inventario de Alimentos - Entrada','Registró una entrada de alimentos en la fecha y hora: 2025-08-16 - 18:40 la cual describe que es :  Compra de Espaguetis','2025-08-16','18:41:07',29972192,1),(443,'Inventario de los Alimentos - Entrada','Consultó las entradas de los alimentos','2025-08-16','18:41:09',29972192,1),(444,'Login','El usuario Samuel Pereira  cerró sesión ','2025-08-16','18:41:16',29972192,1),(445,'Login','El Usuario Andrés Sánchez: Inició sesión','2025-08-16','18:41:36',30000041,1),(446,'Login','El Usuario Andrés Sánchez: Inició al sistema en el horario de ','2025-08-16','18:41:39',30000041,1),(447,'Login','El Usuario Andrés Sánchez: Inició al sistema en el horario de Merienda','2025-08-16','18:41:40',30000041,1),(448,'Inventario de los Alimentos - Entrada','Consultó las entradas de los alimentos','2025-08-16','19:07:27',30000041,1),(449,'Inventario de Alimentos - Entrada','Registró una entrada de alimentos en la fecha y hora: 2025-08-16 - 19:08 la cual describe que es :   Compra de alimentos','2025-08-16','19:10:01',30000041,1),(450,'Inventario de Alimentos - Entrada','Registró una entrada de alimentos en la fecha y hora: 2025-08-16 - 19:10 la cual describe que es :   Entrada de alimentos','2025-08-16','19:10:49',30000041,1),(451,'Inventario de los Alimentos - Entrada','Consultó las entradas de los alimentos','2025-08-16','19:10:54',30000041,1),(452,'Inventario de Alimentos - Entrada','Registró una entrada de alimentos en la fecha y hora: 2025-08-16 - 19:11 la cual describe que es :  Compra de alimentos','2025-08-16','19:11:49',30000041,1),(453,'Inventario de los Alimentos - Entrada','Consultó las entradas de los alimentos','2025-08-16','19:11:51',30000041,1),(454,'Login','El usuario Andrés Sánchez  cerró sesión ','2025-08-16','19:11:57',30000041,1),(455,'Login','El Usuario Gabriela Castro: Inició sesión','2025-08-16','19:12:15',30000050,1),(456,'Login','El Usuario Gabriela Castro: Inició al sistema en el horario de ','2025-08-16','19:12:20',30000050,1),(457,'Login','El Usuario Gabriela Castro: Inició al sistema en el horario de Cena','2025-08-16','19:12:22',30000050,1),(458,'Inventario de Alimentos - Stock','Consultó los estocks de los alimentos','2025-08-16','19:12:27',30000050,1),(459,'Inventario de los Alimentos - Entrada','Consultó las entradas de los alimentos','2025-08-16','19:12:44',30000050,1),(460,'Inventario de Alimentos - Entrada','Registró una entrada de alimentos en la fecha y hora: 2025-08-16 - 19:13 la cual describe que es :  Compra de alimentos','2025-08-16','19:14:31',30000050,1),(461,'Inventario de Alimentos - Entrada','Registró una entrada de alimentos en la fecha y hora: 2025-08-16 - 19:14 la cual describe que es :   Compra de Viveres','2025-08-16','19:15:35',30000050,1),(462,'Inventario de Alimentos - Entrada','Registró una entrada de alimentos en la fecha y hora: 2025-08-16 - 19:15 la cual describe que es :   Compra de frutas','2025-08-16','19:16:34',30000050,1),(463,'Inventario de los Alimentos - Entrada','Consultó las entradas de los alimentos','2025-08-16','19:16:37',30000050,1),(464,'Login','El usuario Gabriela Castro  cerró sesión ','2025-08-16','19:16:43',30000050,1),(465,'Login','El Usuario María Herrera: Inició sesión','2025-08-16','19:17:02',30000058,1),(466,'Login','El Usuario María Herrera: Inició al sistema en el horario de ','2025-08-16','19:17:05',30000058,1),(467,'Login','El Usuario María Herrera: Inició al sistema en el horario de Merienda','2025-08-16','19:17:06',30000058,1),(468,'Inventario de Alimentos - Entrada','Registró una entrada de alimentos en la fecha y hora: 2025-08-16 - 19:19 la cual describe que es :  Entrada de Lácteos','2025-08-16','19:27:53',30000058,1),(469,'Inventario de Alimentos - Entrada','Registró una entrada de alimentos en la fecha y hora: 2025-08-16 - 19:27 la cual describe que es :   Compras de viveres','2025-08-16','19:28:50',30000058,1),(470,'Inventario de Alimentos - Entrada','Registró una entrada de alimentos en la fecha y hora: 2025-08-16 - 19:28 la cual describe que es :   Compra de Enlatados','2025-08-16','19:29:44',30000058,1),(471,'Inventario de los Alimentos - Entrada','Consultó las entradas de los alimentos','2025-08-16','19:29:49',30000058,1),(472,'Login','El usuario María Herrera  cerró sesión ','2025-08-16','19:29:56',30000058,1),(473,'Login','El Usuario Samuel Pereira: Inició sesión','2025-08-16','19:30:11',29972192,1),(474,'Login','El Usuario Samuel Pereira: Inició al sistema en el horario de ','2025-08-16','19:30:14',29972192,1),(475,'Login','El Usuario Samuel Pereira: Inició al sistema en el horario de Desayuno','2025-08-16','19:30:14',29972192,1),(476,'Inventario de Alimentos - Entrada','Registró una entrada de alimentos en la fecha y hora: 2025-08-16 - 19:30 la cual describe que es :  Compra de frutas y Verduras','2025-08-16','19:31:35',29972192,1),(477,'Inventario de los Alimentos - Entrada','Consultó las entradas de los alimentos','2025-08-16','19:31:37',29972192,1),(478,'Inventario de Alimentos - Entrada','Registró una entrada de alimentos en la fecha y hora: 2025-08-16 - 19:48 la cual describe que es :  Compra de alimentos','2025-08-16','19:49:22',29972192,1),(479,'Inventario de Alimentos - Entrada','Registró una entrada de alimentos en la fecha y hora: 2025-08-16 - 19:49 la cual describe que es :   Entrada de alimentos','2025-08-16','19:50:35',29972192,1),(480,'Inventario de los Alimentos - Entrada','Consultó las entradas de los alimentos','2025-08-16','19:50:38',29972192,1),(481,'Login','El usuario Samuel Pereira  cerró sesión ','2025-08-16','19:50:45',29972192,1),(482,'Login','El Usuario Lucía Suárez: Inició sesión','2025-08-16','19:50:55',30000064,1),(483,'Login','El Usuario Lucía Suárez: Inició al sistema en el horario de ','2025-08-16','19:50:58',30000064,1),(484,'Login','El Usuario Lucía Suárez: Inició al sistema en el horario de Almuerzo','2025-08-16','19:50:58',30000064,1),(485,'Inventario de Alimentos - Stock','Consultó los estocks de los alimentos','2025-08-16','19:51:02',30000064,1),(486,'Login','El usuario Lucía Suárez  cerró sesión ','2025-08-16','19:51:30',30000064,1),(487,'Login','El Usuario Samuel Pereira: Inició sesión','2025-08-16','19:51:32',29972192,1),(488,'Login','El Usuario Servicio Nutricional : Inició sesión','2025-08-16','19:51:49',12345678,1),(489,'Consultar Alimentos','Se Modificó los datos del Alimento:Chuleta','2025-08-16','19:52:21',12345678,1),(490,'Consultar Alimentos','Se Modificó los datos del Alimento:Tamarindo','2025-08-16','19:52:37',12345678,1),(491,'Consultar Alimentos','Se Modificó los datos del Alimento:Mandarina','2025-08-16','19:52:54',12345678,1),(492,'Login','El usuario Servicio Nutricional   cerró sesión ','2025-08-16','19:53:03',12345678,1),(493,'Login','El Usuario Lucía Suárez: Inició sesión','2025-08-16','19:53:08',30000064,1),(494,'Login','El Usuario Lucía Suárez: Inició al sistema en el horario de ','2025-08-16','19:53:11',30000064,1),(495,'Login','El Usuario Lucía Suárez: Inició al sistema en el horario de Desayuno','2025-08-16','19:53:12',30000064,1),(496,'Inventario de Alimentos - Entrada','Registró una entrada de alimentos en la fecha y hora: 2025-08-16 - 19:53 la cual describe que es :  Compra de frutas','2025-08-16','19:54:22',30000064,1),(497,'Inventario de Alimentos - Entrada','Registró una entrada de alimentos en la fecha y hora: 2025-08-16 - 19:54 la cual describe que es :   Compra de Granos','2025-08-16','19:55:20',30000064,1),(498,'Inventario de Alimentos - Entrada','Registró una entrada de alimentos en la fecha y hora: 2025-08-16 - 19:55 la cual describe que es :  Compra de Carnes y Proteinas','2025-08-16','19:56:33',30000064,1),(499,'Inventario de los Alimentos - Entrada','Consultó las entradas de los alimentos','2025-08-16','19:56:37',30000064,1),(500,'Inventario de Alimentos - Entrada','Registró una entrada de alimentos en la fecha y hora: 2025-08-16 - 19:56 la cual describe que es :  Entrada de Pescado y Marisco','2025-08-16','19:57:24',30000064,1),(501,'Inventario de los Alimentos - Entrada','Consultó las entradas de los alimentos','2025-08-16','19:57:27',30000064,1),(502,'Login','El usuario Lucía Suárez  cerró sesión ','2025-08-16','19:57:33',30000064,1),(503,'Login','El Usuario Andrés Vargas: Inició sesión','2025-08-16','19:57:59',30000091,1),(504,'Login','El Usuario Andrés Vargas: Inició al sistema en el horario de ','2025-08-16','19:58:04',30000091,1),(505,'Login','El Usuario Andrés Vargas: Inició al sistema en el horario de Merienda','2025-08-16','19:58:05',30000091,1),(506,'Inventario de Alimentos - Stock','Consultó los estocks de los alimentos','2025-08-16','19:58:09',30000091,1),(507,'Inventario de Alimentos - Entrada','Registró una entrada de alimentos en la fecha y hora: 2025-08-16 - 19:58 la cual describe que es :  Compra de frutas','2025-08-16','19:58:45',30000091,1),(508,'Inventario de Alimentos - Entrada','Registró una entrada de alimentos en la fecha y hora: 2025-08-16 - 19:58 la cual describe que es :   Entrada de alimentos','2025-08-16','19:59:24',30000091,1),(509,'Inventario de Alimentos - Entrada','Registró una entrada de alimentos en la fecha y hora: 2025-08-16 - 19:59 la cual describe que es :   Entrada de alimentos azucarados','2025-08-16','20:01:29',30000091,1),(510,'Inventario de los Alimentos - Entrada','Consultó las entradas de los alimentos','2025-08-16','20:01:33',30000091,1),(511,'Login','El usuario Andrés Vargas  cerró sesión ','2025-08-16','20:01:49',30000091,1),(512,'Login','El Usuario Pedro Suárez: Inició sesión','2025-08-16','20:02:14',30000093,1),(513,'Login','El Usuario Pedro Suárez: Inició al sistema en el horario de ','2025-08-16','20:02:18',30000093,1),(514,'Login','El Usuario Pedro Suárez: Inició al sistema en el horario de Almuerzo','2025-08-16','20:02:19',30000093,1),(515,'Inventario de Alimentos - Stock','Consultó los estocks de los alimentos','2025-08-16','20:02:24',30000093,1),(516,'Inventario de Alimentos - Entrada','Registró una entrada de alimentos en la fecha y hora: 2025-08-16 - 20:02 la cual describe que es :  Compra de alimentos','2025-08-16','20:03:36',30000093,1),(517,'Inventario de Alimentos - Entrada','Registró una entrada de alimentos en la fecha y hora: 2025-08-16 - 20:03 la cual describe que es :   Entrada de alimentos','2025-08-16','20:04:34',30000093,1),(518,'Inventario de Alimentos - Entrada','Registró una entrada de alimentos en la fecha y hora: 2025-08-16 - 20:04 la cual describe que es :   Compra de viveres','2025-08-16','20:05:24',30000093,1),(519,'Inventario de los Alimentos - Entrada','Consultó las entradas de los alimentos','2025-08-16','20:05:27',30000093,1),(520,'Login','El usuario Pedro Suárez  cerró sesión ','2025-08-16','20:05:33',30000093,1),(521,'Login','El Usuario Ricardo Delgado: Inició sesión','2025-08-16','20:05:52',30000095,1),(522,'Login','El Usuario Ricardo Delgado: Inició al sistema en el horario de ','2025-08-16','20:05:58',30000095,1),(523,'Login','El Usuario Ricardo Delgado: Inició al sistema en el horario de Merienda','2025-08-16','20:05:59',30000095,1),(524,'Inventario de Alimentos - Stock','Consultó los estocks de los alimentos','2025-08-16','20:06:03',30000095,1),(525,'Inventario de Alimentos - Entrada','Registró una entrada de alimentos en la fecha y hora: 2025-08-16 - 20:06 la cual describe que es :  Compra de alimentos','2025-08-16','20:07:05',30000095,1),(526,'Inventario de Alimentos - Entrada','Registró una entrada de alimentos en la fecha y hora: 2025-08-16 - 20:07 la cual describe que es :   Compra de frutas','2025-08-16','20:07:49',30000095,1),(527,'Inventario de Alimentos - Entrada','Registró una entrada de alimentos en la fecha y hora: 2025-08-16 - 20:07 la cual describe que es :   compra de alimentos','2025-08-16','20:08:37',30000095,1),(528,'Inventario de los Alimentos - Entrada','Consultó las entradas de los alimentos','2025-08-16','20:08:39',30000095,1),(529,'Login','El Usuario Ana Martínez: Inició sesión','2025-08-17','16:04:51',30000098,1),(530,'Login','El Usuario Ana Martínez: Inició al sistema en el horario de ','2025-08-17','16:04:57',30000098,1),(531,'Login','El Usuario Ana Martínez: Inició al sistema en el horario de Almuerzo','2025-08-17','16:04:58',30000098,1),(532,'Inventario de Alimentos - Stock','Consultó los estocks de los alimentos','2025-08-17','16:05:04',30000098,1),(533,'Inventario de Alimentos - Stock','Consultó los estocks de los alimentos','2025-08-17','16:05:26',30000098,1),(534,'Inventario de Alimentos - Stock','Consultó los estocks de los alimentos','2025-08-17','16:05:35',30000098,1),(535,'Inventario de Alimentos - Stock','Consultó los estocks de los alimentos','2025-08-17','16:05:36',30000098,1),(536,'Inventario de Alimentos - Stock','Consultó los estocks de los alimentos','2025-08-17','16:05:51',30000098,1),(537,'Inventario de Alimentos - Entrada','Registró una entrada de alimentos en la fecha y hora: 2025-08-17 - 16:06 la cual describe que es :  Entrada de viveres','2025-08-17','16:07:13',30000098,1),(538,'Inventario de Alimentos - Entrada','Registró una entrada de alimentos en la fecha y hora: 2025-08-17 - 16:07 la cual describe que es :   Entrada de Frutas','2025-08-17','16:08:05',30000098,1),(539,'Inventario de Alimentos - Entrada','Registró una entrada de alimentos en la fecha y hora: 2025-08-17 - 16:08 la cual describe que es :   Compra de Cereales','2025-08-17','16:08:41',30000098,1),(540,'Inventario de los Alimentos - Entrada','Consultó las entradas de los alimentos','2025-08-17','16:08:44',30000098,1),(541,'Login','El usuario Ana Martínez  cerró sesión ','2025-08-17','16:08:51',30000098,1),(542,'Login','El Usuario Lucía Rodríguez: Inició sesión','2025-08-17','16:09:07',30000100,1),(543,'Login','El Usuario Lucía Rodríguez: Inició al sistema en el horario de ','2025-08-17','16:09:09',30000100,1),(544,'Login','El Usuario Lucía Rodríguez: Inició al sistema en el horario de Almuerzo','2025-08-17','16:09:10',30000100,1),(545,'Inventario de Alimentos - Entrada','Registró una entrada de alimentos en la fecha y hora: 2025-08-17 - 16:09 la cual describe que es :  Entrada de Granos','2025-08-17','16:10:14',30000100,1),(546,'Inventario de Alimentos - Entrada','Registró una entrada de alimentos en la fecha y hora: 2025-08-17 - 16:10 la cual describe que es :   Entrada de Carnes','2025-08-17','16:10:44',30000100,1),(547,'Inventario de Alimentos - Entrada','Registró una entrada de alimentos en la fecha y hora: 2025-08-17 - 16:10 la cual describe que es :   Entrada de Proteinas','2025-08-17','16:12:00',30000100,1),(548,'Inventario de Alimentos - Entrada','Registró una entrada de alimentos en la fecha y hora: 2025-08-17 - 16:12 la cual describe que es :   Entrada de Pescados','2025-08-17','16:12:51',30000100,1),(549,'Inventario de Alimentos - Entrada','Registró una entrada de alimentos en la fecha y hora: 2025-08-17 - 16:12 la cual describe que es :   Entrada de Huevos','2025-08-17','16:13:22',30000100,1),(550,'Inventario de los Alimentos - Entrada','Consultó las entradas de los alimentos','2025-08-17','16:13:24',30000100,1),(551,'Login','El usuario Lucía Rodríguez  cerró sesión ','2025-08-17','16:13:32',30000100,1),(552,'Login','El Usuario José Reyes: Inició sesión','2025-08-17','16:13:43',30000104,1),(553,'Login','El Usuario José Reyes: Inició al sistema en el horario de ','2025-08-17','16:13:48',30000104,1),(554,'Login','El Usuario José Reyes: Inició al sistema en el horario de Almuerzo','2025-08-17','16:13:48',30000104,1),(555,'Inventario de Alimentos - Entrada','Registró una entrada de alimentos en la fecha y hora: 2025-08-17 - 16:13 la cual describe que es :  Compra de Lacteos','2025-08-17','16:16:03',30000104,1),(556,'Inventario de Alimentos - Entrada','Registró una entrada de alimentos en la fecha y hora: 2025-08-17 - 16:16 la cual describe que es :   Compra de Grasa y Azucares','2025-08-17','16:19:36',30000104,1),(557,'Inventario de Alimentos - Entrada','Registró una entrada de alimentos en la fecha y hora: 2025-08-17 - 16:19 la cual describe que es :   Entrada de Bebidas','2025-08-17','16:20:36',30000104,1),(558,'Inventario de los Alimentos - Entrada','Consultó las entradas de los alimentos','2025-08-17','16:20:40',30000104,1),(559,'Login','El usuario José Reyes  cerró sesión ','2025-08-17','16:20:47',30000104,1),(560,'Login','El Usuario Luis Suárez: Inició sesión','2025-08-17','16:21:00',30000105,1),(561,'Login','El Usuario Luis Suárez: Inició al sistema en el horario de ','2025-08-17','16:21:03',30000105,1),(562,'Login','El Usuario Luis Suárez: Inició al sistema en el horario de Almuerzo','2025-08-17','16:21:03',30000105,1),(563,'Inventario de Alimentos - Entrada','Registró una entrada de alimentos en la fecha y hora: 2025-08-17 - 16:21 la cual describe que es :  Entrada de condimentos','2025-08-17','16:22:11',30000105,1),(564,'Inventario de Alimentos - Entrada','Registró una entrada de alimentos en la fecha y hora: 2025-08-17 - 16:22 la cual describe que es :   Enlatados y Viveres','2025-08-17','16:23:11',30000105,1),(565,'Inventario de Alimentos - Entrada','Registró una entrada de alimentos en la fecha y hora: 2025-08-17 - 16:23 la cual describe que es :   Entrada de Verduras','2025-08-17','16:24:06',30000105,1),(566,'Inventario de Alimentos - Entrada','Registró una entrada de alimentos en la fecha y hora: 2025-08-17 - 16:24 la cual describe que es :   Entrada de Frutas','2025-08-17','16:25:11',30000105,1),(567,'Inventario de los Alimentos - Entrada','Consultó las entradas de los alimentos','2025-08-17','16:25:14',30000105,1),(568,'Login','El usuario Luis Suárez  cerró sesión ','2025-08-17','16:25:21',30000105,1),(569,'Login','El Usuario Ricardo Martínez: Inició sesión','2025-08-17','16:25:34',30000109,1),(570,'Login','El Usuario Ricardo Martínez: Inició al sistema en el horario de ','2025-08-17','16:25:37',30000109,1),(571,'Login','El Usuario Ricardo Martínez: Inició al sistema en el horario de Cena','2025-08-17','16:25:38',30000109,1),(572,'Inventario de Alimentos - Stock','Consultó los estocks de los alimentos','2025-08-17','16:25:42',30000109,1),(573,'Inventario de Alimentos - Entrada','Registró una entrada de alimentos en la fecha y hora: 2025-08-17 - 16:25 la cual describe que es :  Entrada de Panes Salados','2025-08-17','16:26:47',30000109,1),(574,'Inventario de Alimentos - Entrada','Registró una entrada de alimentos en la fecha y hora: 2025-08-17 - 16:26 la cual describe que es :   Entrada de Panes Dulces','2025-08-17','16:27:32',30000109,1),(575,'Inventario de Alimentos - Entrada','Registró una entrada de alimentos en la fecha y hora: 2025-08-17 - 16:27 la cual describe que es :   Entrada de Granos','2025-08-17','16:28:12',30000109,1),(576,'Inventario de los Alimentos - Entrada','Consultó las entradas de los alimentos','2025-08-17','16:28:15',30000109,1),(577,'Login','El usuario Ricardo Martínez  cerró sesión ','2025-08-17','16:28:22',30000109,1),(578,'Login','El Usuario Carlos Torres: Inició sesión','2025-08-17','16:28:37',30000118,1),(579,'Login','El Usuario Carlos Torres: Inició al sistema en el horario de ','2025-08-17','16:28:39',30000118,1),(580,'Login','El Usuario Carlos Torres: Inició al sistema en el horario de Cena','2025-08-17','16:28:40',30000118,1),(581,'Inventario de Alimentos - Entrada','Registró una entrada de alimentos en la fecha y hora: 2025-08-17 - 16:28 la cual describe que es :  Entrada de Tuberculos y raices','2025-08-17','16:29:34',30000118,1),(582,'Inventario de Alimentos - Entrada','Registró una entrada de alimentos en la fecha y hora: 2025-08-17 - 16:29 la cual describe que es :   Entrada de Carnes','2025-08-17','16:30:23',30000118,1),(583,'Inventario de Alimentos - Entrada','Registró una entrada de alimentos en la fecha y hora: 2025-08-17 - 16:30 la cual describe que es :   Entrada de Proteinas','2025-08-17','16:31:19',30000118,1),(584,'Inventario de los Alimentos - Entrada','Consultó las entradas de los alimentos','2025-08-17','16:31:22',30000118,1),(585,'Login','El usuario Carlos Torres  cerró sesión ','2025-08-17','17:06:30',30000118,1),(586,'Login','El Usuario Carlos Sánchez: Inició sesión','2025-08-17','17:06:35',30000122,1),(587,'Login','El Usuario Carlos Sánchez: Inició al sistema en el horario de ','2025-08-17','17:06:39',30000122,1),(588,'Login','El Usuario Carlos Sánchez: Inició al sistema en el horario de Desayuno','2025-08-17','17:06:40',30000122,1),(589,'Inventario de Alimentos - Entrada','Registró una entrada de alimentos en la fecha y hora: 2025-08-17 - 17:06 la cual describe que es :  Entrada de Pescado','2025-08-17','17:07:26',30000122,1),(590,'Inventario de Alimentos - Entrada','Registró una entrada de alimentos en la fecha y hora: 2025-08-17 - 17:07 la cual describe que es :   Entrada de Lacteos','2025-08-17','17:08:18',30000122,1),(591,'Inventario de Alimentos - Entrada','Registró una entrada de alimentos en la fecha y hora: 2025-08-17 - 17:08 la cual describe que es :   Entrada de Dulces','2025-08-17','17:09:08',30000122,1),(592,'Inventario de Alimentos - Entrada','Registró una entrada de alimentos en la fecha y hora: 2025-08-17 - 17:09 la cual describe que es :   Entrada de Refresco','2025-08-17','17:09:45',30000122,1),(593,'Inventario de los Alimentos - Entrada','Consultó las entradas de los alimentos','2025-08-17','17:09:47',30000122,1),(594,'Inventario de Alimentos - Entrada','Registró una entrada de alimentos en la fecha y hora: 2025-08-17 - 17:18 la cual describe que es :  Entrada de Salsas','2025-08-17','17:19:25',30000122,1),(595,'Inventario de Alimentos - Entrada','Registró una entrada de alimentos en la fecha y hora: 2025-08-17 - 17:19 la cual describe que es :   Entrada de Viveres','2025-08-17','17:20:20',30000122,1),(596,'Inventario de Alimentos - Entrada','Registró una entrada de alimentos en la fecha y hora: 2025-08-17 - 17:20 la cual describe que es :   Entrada de Aliños verdes','2025-08-17','17:21:20',30000122,1),(597,'Inventario de los Alimentos - Entrada','Consultó las entradas de los alimentos','2025-08-17','17:21:23',30000122,1),(598,'Login','El usuario Carlos Sánchez  cerró sesión ','2025-08-17','17:21:31',30000122,1),(599,'Login','El Usuario Diego torres: Inició sesión','2025-08-17','17:21:44',30000123,1),(600,'Login','El Usuario Diego torres: Inició al sistema en el horario de ','2025-08-17','17:21:46',30000123,1),(601,'Login','El Usuario Diego torres: Inició al sistema en el horario de Merienda','2025-08-17','17:21:47',30000123,1),(602,'Inventario de Alimentos - Entrada','Registró una entrada de alimentos en la fecha y hora: 2025-08-17 - 17:21 la cual describe que es :  Entrada de Frutas','2025-08-17','17:22:56',30000123,1),(603,'Inventario de Alimentos - Entrada','Registró una entrada de alimentos en la fecha y hora: 2025-08-17 - 17:22 la cual describe que es :   Entrada de Cereales','2025-08-17','17:23:33',30000123,1),(604,'Inventario de Alimentos - Entrada','Registró una entrada de alimentos en la fecha y hora: 2025-08-17 - 17:23 la cual describe que es :   Entrada de Caraotas y Lentejas','2025-08-17','17:24:08',30000123,1),(605,'Inventario de Alimentos - Entrada','Registró una entrada de alimentos en la fecha y hora: 2025-08-17 - 17:24 la cual describe que es :   Entrada de Tuberculos','2025-08-17','17:25:01',30000123,1),(606,'Inventario de Alimentos - Entrada','Registró una entrada de alimentos en la fecha y hora: 2025-08-17 - 17:25 la cual describe que es :   Entrada de Salchichas','2025-08-17','17:26:08',30000123,1),(607,'Inventario de los Alimentos - Entrada','Consultó las entradas de los alimentos','2025-08-17','17:26:11',30000123,1),(608,'Login','El usuario Diego torres  cerró sesión ','2025-08-17','17:26:17',30000123,1),(609,'Login','El Usuario lucía Torres: Inició sesión','2025-08-17','17:26:35',30000129,1),(610,'Login','El Usuario lucía Torres: Inició al sistema en el horario de ','2025-08-17','17:26:37',30000129,1),(611,'Login','El Usuario lucía Torres: Inició al sistema en el horario de Cena','2025-08-17','17:26:38',30000129,1),(612,'Inventario de Alimentos - Entrada','Registró una entrada de alimentos en la fecha y hora: 2025-08-17 - 17:26 la cual describe que es :  Entrada de Mariscos y Pescados','2025-08-17','17:27:26',30000129,1),(613,'Inventario de Alimentos - Entrada','Registró una entrada de alimentos en la fecha y hora: 2025-08-17 - 17:27 la cual describe que es :   Entrada de Lacteos','2025-08-17','17:44:13',30000129,1),(614,'Inventario de Alimentos - Entrada','Registró una entrada de alimentos en la fecha y hora: 2025-08-17 - 17:44 la cual describe que es :   Galletas y Aceites','2025-08-17','17:45:31',30000129,1),(615,'Inventario de los Alimentos - Entrada','Consultó las entradas de los alimentos','2025-08-17','17:45:34',30000129,1),(616,'Login','El usuario lucía Torres  cerró sesión ','2025-08-17','17:45:40',30000129,1),(617,'Login','El Usuario Elena Acosta: Inició sesión','2025-08-17','17:46:01',30000133,1),(618,'Login','El Usuario Elena Acosta: Inició al sistema en el horario de ','2025-08-17','17:46:04',30000133,1),(619,'Login','El Usuario Elena Acosta: Inició al sistema en el horario de Cena','2025-08-17','17:46:04',30000133,1),(620,'Inventario de Alimentos - Entrada','Registró una entrada de alimentos en la fecha y hora: 2025-08-17 - 17:46 la cual describe que es :  Entrada de Jugos','2025-08-17','17:47:02',30000133,1),(621,'Inventario de Alimentos - Entrada','Registró una entrada de alimentos en la fecha y hora: 2025-08-17 - 17:47 la cual describe que es :   Condimentos y Especias','2025-08-17','17:47:54',30000133,1),(622,'Inventario de los Alimentos - Entrada','Consultó las entradas de los alimentos','2025-08-17','17:48:03',30000133,1),(623,'Inventario de Alimentos - Entrada','Registró una entrada de alimentos en la fecha y hora: 2025-08-17 - 17:48 la cual describe que es :  Entrada de Harinas y Arroz','2025-08-17','17:48:50',30000133,1),(624,'Login','El usuario Elena Acosta  cerró sesión ','2025-08-17','17:48:54',30000133,1),(625,'Login','El Usuario Ana Wyatt: Inició sesión','2025-08-17','17:49:05',30483987,1),(626,'Login','El Usuario Ana Wyatt: Inició al sistema en el horario de ','2025-08-17','17:49:10',30483987,1),(627,'Login','El Usuario Ana Wyatt: Inició al sistema en el horario de Merienda','2025-08-17','17:49:11',30483987,1),(628,'Inventario de Alimentos - Stock','Consultó los estocks de los alimentos','2025-08-17','17:49:17',30483987,1),(629,'Inventario de Alimentos - Entrada','Registró una entrada de alimentos en la fecha y hora: 2025-08-17 - 17:49 la cual describe que es :  Entrada de Spaguetis','2025-08-17','17:50:01',30483987,1),(630,'Inventario de Alimentos - Entrada','Registró una entrada de alimentos en la fecha y hora: 2025-08-17 - 17:50 la cual describe que es :   Entrada de Verduras','2025-08-17','17:51:00',30483987,1),(631,'Inventario de Alimentos - Entrada','Registró una entrada de alimentos en la fecha y hora: 2025-08-17 - 17:51 la cual describe que es :   Entrada de Verduras','2025-08-17','17:52:06',30483987,1),(632,'Inventario de Alimentos - Entrada','Registró una entrada de alimentos en la fecha y hora: 2025-08-17 - 17:52 la cual describe que es :   Compra de Frutas','2025-08-17','17:52:48',30483987,1),(633,'Inventario de los Alimentos - Entrada','Consultó las entradas de los alimentos','2025-08-17','17:52:50',30483987,1),(634,'Login','El usuario Ana Wyatt  cerró sesión ','2025-08-17','17:52:59',30483987,1),(635,'Login','El Usuario Ana López: Inició sesión','2025-08-17','17:53:31',30000007,1),(636,'Login','El Usuario Ana López: Inició al sistema en el horario de ','2025-08-17','17:53:35',30000007,1),(637,'Login','El Usuario Ana López: Inició al sistema en el horario de Merienda','2025-08-17','17:53:36',30000007,1),(638,'Inventario de Alimentos - Entrada','Registró una entrada de alimentos en la fecha y hora: 2025-08-17 - 17:53 la cual describe que es :  Entrada de Cereales','2025-08-17','17:54:23',30000007,1),(639,'Inventario de Alimentos - Entrada','Registró una entrada de alimentos en la fecha y hora: 2025-08-17 - 17:54 la cual describe que es :   Compra de Panes Salados','2025-08-17','17:55:49',30000007,1),(640,'Inventario de Alimentos - Entrada','Registró una entrada de alimentos en la fecha y hora: 2025-08-17 - 17:55 la cual describe que es :   Panes Dulces','2025-08-17','17:56:58',30000007,1),(641,'Inventario de los Alimentos - Entrada','Consultó las entradas de los alimentos','2025-08-17','17:57:00',30000007,1),(642,'Login','El usuario Ana López  cerró sesión ','2025-08-17','17:57:07',30000007,1),(643,'Login','El Usuario Maria Rivas: Inició sesión','2025-08-17','17:57:57',30000023,1),(644,'Login','El Usuario Maria Rivas: Inició al sistema en el horario de ','2025-08-17','17:58:19',30000023,1),(645,'Login','El Usuario Maria Rivas: Inició al sistema en el horario de Almuerzo','2025-08-17','17:58:21',30000023,1),(646,'Inventario de Alimentos - Entrada','Registró una entrada de alimentos en la fecha y hora: 2025-08-17 - 17:58 la cual describe que es :  Entrada de Granos','2025-08-17','17:59:13',30000023,1),(647,'Inventario de Alimentos - Entrada','Registró una entrada de alimentos en la fecha y hora: 2025-08-17 - 17:59 la cual describe que es :   Entrada de Carnes y Mariscos','2025-08-17','18:00:51',30000023,1),(648,'Inventario de Alimentos - Entrada','Registró una entrada de alimentos en la fecha y hora: 2025-08-17 - 18:00 la cual describe que es :   Entrada de Huevos','2025-08-17','18:01:17',30000023,1),(649,'Inventario de los Alimentos - Entrada','Consultó las entradas de los alimentos','2025-08-17','18:01:21',30000023,1),(650,'Inventario de Alimentos - Entrada','Registró una entrada de alimentos en la fecha y hora: 2025-08-17 - 18:01 la cual describe que es :  Entrada de Lacteos','2025-08-17','18:02:11',30000023,1),(651,'Inventario de los Alimentos - Entrada','Consultó las entradas de los alimentos','2025-08-17','18:02:13',30000023,1),(652,'Inventario de Alimentos - Entrada','Registró una entrada de alimentos en la fecha y hora: 2025-08-17 - 18:40 la cual describe que es :  Entrada de Harinas ','2025-08-17','18:41:10',30000023,1),(653,'Inventario de Alimentos - Entrada','Registró una entrada de alimentos en la fecha y hora: 2025-08-17 - 18:41 la cual describe que es :   Entrada de Verduras','2025-08-17','18:42:04',30000023,1),(654,'Inventario de Alimentos - Entrada','Registró una entrada de alimentos en la fecha y hora: 2025-08-17 - 18:42 la cual describe que es :   Compra de Frutas','2025-08-17','18:42:41',30000023,1),(655,'Inventario de los Alimentos - Entrada','Consultó las entradas de los alimentos','2025-08-17','18:42:43',30000023,1),(656,'Login','El usuario Maria Rivas  cerró sesión ','2025-08-17','18:42:50',30000023,1),(657,'Login','El Usuario Fernando Rivas: Inició sesión','2025-08-17','18:43:04',30000042,1),(658,'Login','El Usuario Fernando Rivas: Inició al sistema en el horario de ','2025-08-17','18:43:07',30000042,1),(659,'Login','El Usuario Fernando Rivas: Inició al sistema en el horario de Cena','2025-08-17','18:43:07',30000042,1),(660,'Inventario de Alimentos - Entrada','Registró una entrada de alimentos en la fecha y hora: 2025-08-17 - 18:43 la cual describe que es :  Entrada de Panes','2025-08-17','18:45:15',30000042,1),(661,'Inventario de Alimentos - Entrada','Registró una entrada de alimentos en la fecha y hora: 2025-08-17 - 18:45 la cual describe que es :   Entrada de Carnes','2025-08-17','18:46:01',30000042,1),(662,'Inventario de Alimentos - Entrada','Registró una entrada de alimentos en la fecha y hora: 2025-08-17 - 18:46 la cual describe que es :   Compra de productos lacteos','2025-08-17','18:47:00',30000042,1),(663,'Inventario de los Alimentos - Entrada','Consultó las entradas de los alimentos','2025-08-17','18:47:04',30000042,1),(664,'Login','El usuario Fernando Rivas  cerró sesión ','2025-08-17','18:47:14',30000042,1),(665,'Login','El Usuario Patricia Suárez: Inició sesión','2025-08-17','18:47:26',30000044,1),(666,'Login','El Usuario Patricia Suárez: Inició al sistema en el horario de ','2025-08-17','18:47:32',30000044,1),(667,'Login','El Usuario Patricia Suárez: Inició al sistema en el horario de Merienda','2025-08-17','18:47:33',30000044,1),(668,'Inventario de Alimentos - Entrada','Registró una entrada de alimentos en la fecha y hora: 2025-08-17 - 18:48 la cual describe que es :  Entrada de Dulces','2025-08-17','18:49:13',30000044,1),(669,'Inventario de Alimentos - Entrada','Registró una entrada de alimentos en la fecha y hora: 2025-08-17 - 18:49 la cual describe que es :   Entrada de Agua potable y jugos naturales','2025-08-17','18:50:16',30000044,1),(670,'Inventario de Alimentos - Entrada','Registró una entrada de alimentos en la fecha y hora: 2025-08-17 - 18:50 la cual describe que es :   Entrada de Salsas','2025-08-17','18:50:52',30000044,1),(671,'Inventario de Alimentos - Entrada','Registró una entrada de alimentos en la fecha y hora: 2025-08-17 - 18:50 la cual describe que es :   Entrada de Viveres','2025-08-17','18:53:23',30000044,1),(672,'Inventario de los Alimentos - Entrada','Consultó las entradas de los alimentos','2025-08-17','18:53:26',30000044,1),(673,'Login','El usuario Patricia Suárez  cerró sesión ','2025-08-17','18:53:32',30000044,1),(674,'Login','El Usuario Gabriela Morales: Inició sesión','2025-08-17','18:53:56',30000051,1),(675,'Login','El Usuario Gabriela Morales: Inició al sistema en el horario de ','2025-08-17','18:53:59',30000051,1),(676,'Login','El Usuario Gabriela Morales: Inició al sistema en el horario de Merienda','2025-08-17','18:54:00',30000051,1),(677,'Inventario de Alimentos - Entrada','Registró una entrada de alimentos en la fecha y hora: 2025-08-17 - 18:54 la cual describe que es :  Entrada de Verduras','2025-08-17','18:55:35',30000051,1),(678,'Inventario de Alimentos - Entrada','Registró una entrada de alimentos en la fecha y hora: 2025-08-17 - 18:55 la cual describe que es :   Compra de Frutas','2025-08-17','18:56:25',30000051,1),(679,'Inventario de Alimentos - Entrada','Registró una entrada de alimentos en la fecha y hora: 2025-08-17 - 18:56 la cual describe que es :   Compra de panes dulces','2025-08-17','18:56:59',30000051,1),(680,'Inventario de Alimentos - Entrada','Registró una entrada de alimentos en la fecha y hora: 2025-08-17 - 18:56 la cual describe que es :   Entrada de Mortadela y Jamon','2025-08-17','18:58:31',30000051,1),(681,'Inventario de Alimentos - Entrada','Registró una entrada de alimentos en la fecha y hora: 2025-08-17 - 18:58 la cual describe que es :   Entrada de Mariscos','2025-08-17','18:59:09',30000051,1),(682,'Inventario de Alimentos - Entrada','Registró una entrada de alimentos en la fecha y hora: 2025-08-17 - 18:59 la cual describe que es :   Compra de productos lacteos','2025-08-17','19:00:02',30000051,1),(683,'Inventario de los Alimentos - Entrada','Consultó las entradas de los alimentos','2025-08-17','19:00:05',30000051,1),(684,'Login','El usuario Gabriela Morales  cerró sesión ','2025-08-17','19:00:17',30000051,1),(685,'Login','El Usuario Diego Ramirez: Inició sesión','2025-08-17','19:00:31',30000069,1),(686,'Login','El Usuario Diego Ramirez: Inició al sistema en el horario de ','2025-08-17','19:00:36',30000069,1),(687,'Login','El Usuario Diego Ramirez: Inició al sistema en el horario de Desayuno','2025-08-17','19:00:37',30000069,1),(688,'Inventario de Alimentos - Entrada','Registró una entrada de alimentos en la fecha y hora: 2025-08-17 - 19:00 la cual describe que es :  Compra de carnes','2025-08-17','19:07:52',30000069,1),(689,'Inventario de Alimentos - Entrada','Registró una entrada de alimentos en la fecha y hora: 2025-08-17 - 19:07 la cual describe que es :   Entrada de pescado','2025-08-17','19:08:36',30000069,1),(690,'Inventario de Alimentos - Entrada','Registró una entrada de alimentos en la fecha y hora: 2025-08-17 - 19:08 la cual describe que es :   Compra de Lacteos','2025-08-17','19:09:48',30000069,1),(691,'Inventario de Alimentos - Entrada','Registró una entrada de alimentos en la fecha y hora: 2025-08-17 - 19:09 la cual describe que es :   Entrada de Especias','2025-08-17','19:12:59',30000069,1),(692,'Inventario de los Alimentos - Entrada','Consultó las entradas de los alimentos','2025-08-17','19:13:01',30000069,1),(693,'Inventario de Alimentos - Entrada','Registró una entrada de alimentos en la fecha y hora: 2025-08-17 - 19:51 la cual describe que es :  Entrada de Verduras','2025-08-17','19:52:23',30000069,1),(694,'Inventario de Alimentos - Entrada','Registró una entrada de alimentos en la fecha y hora: 2025-08-17 - 19:52 la cual describe que es :   Entrada de Frutas','2025-08-17','19:53:35',30000069,1),(695,'Inventario de Alimentos - Entrada','Registró una entrada de alimentos en la fecha y hora: 2025-08-17 - 19:53 la cual describe que es :   Entrada de Cereales','2025-08-17','19:54:31',30000069,1),(696,'Inventario de los Alimentos - Entrada','Consultó las entradas de los alimentos','2025-08-17','19:54:39',30000069,1),(697,'Login','El usuario Diego Ramirez  cerró sesión ','2025-08-17','19:54:47',30000069,1),(698,'Login','El Usuario Patricia Delgado: Inició sesión','2025-08-17','19:54:59',30000071,1),(699,'Login','El Usuario Patricia Delgado: Inició al sistema en el horario de ','2025-08-17','19:55:03',30000071,1),(700,'Login','El Usuario Patricia Delgado: Inició al sistema en el horario de Desayuno','2025-08-17','19:55:05',30000071,1),(701,'Inventario de Alimentos - Entrada','Registró una entrada de alimentos en la fecha y hora: 2025-08-17 - 19:55 la cual describe que es :  Entrada de viveres','2025-08-17','19:59:10',30000071,1),(702,'Inventario de Alimentos - Entrada','Registró una entrada de alimentos en la fecha y hora: 2025-08-17 - 19:59 la cual describe que es :   Compra de refrescos','2025-08-17','20:00:07',30000071,1),(703,'Inventario de Alimentos - Entrada','Registró una entrada de alimentos en la fecha y hora: 2025-08-17 - 20:00 la cual describe que es :   Entrada de Salsas','2025-08-17','20:00:54',30000071,1),(704,'Inventario de Alimentos - Entrada','Registró una entrada de alimentos en la fecha y hora: 2025-08-17 - 20:00 la cual describe que es :   Compra de Galletas','2025-08-17','20:02:35',30000071,1),(705,'Inventario de Alimentos - Entrada','Registró una entrada de alimentos en la fecha y hora: 2025-08-17 - 20:02 la cual describe que es :   Entrada de Productos dulces','2025-08-17','20:03:32',30000071,1),(706,'Inventario de los Alimentos - Entrada','Consultó las entradas de los alimentos','2025-08-17','20:03:35',30000071,1),(707,'Inventario de Alimentos - Entrada','Registró una entrada de alimentos en la fecha y hora: 2025-08-17 - 20:03 la cual describe que es :  Entrada de enlatados','2025-08-17','20:04:27',30000071,1),(708,'Inventario de Alimentos - Entrada','Registró una entrada de alimentos en la fecha y hora: 2025-08-17 - 20:04 la cual describe que es :   Entrada de Carnes','2025-08-17','20:05:45',30000071,1),(709,'Inventario de Alimentos - Entrada','Registró una entrada de alimentos en la fecha y hora: 2025-08-17 - 20:13 la cual describe que es :  Entrada de Viveres ','2025-08-17','20:14:15',30000071,1),(710,'Inventario de los Alimentos - Entrada','Consultó las entradas de los alimentos','2025-08-17','20:14:17',30000071,1),(711,'Login','El usuario Patricia Delgado  cerró sesión ','2025-08-17','20:14:24',30000071,1),(712,'Login','El Usuario Patricia Suárez: Inició sesión','2025-08-17','20:16:02',30000044,1),(713,'Login','El Usuario Patricia Suárez: Inició al sistema en el horario de ','2025-08-17','20:16:06',30000044,1),(714,'Login','El Usuario Patricia Suárez: Inició al sistema en el horario de Almuerzo','2025-08-17','20:16:07',30000044,1),(715,'Login','El usuario Patricia Suárez  cerró sesión ','2025-08-17','20:16:18',30000044,1),(716,'Login','El Usuario Gabriela Morales: Inició sesión','2025-08-17','20:16:30',30000051,1),(717,'Login','El Usuario Gabriela Morales: Inició al sistema en el horario de ','2025-08-17','20:16:32',30000051,1),(718,'Login','El Usuario Gabriela Morales: Inició al sistema en el horario de Merienda','2025-08-17','20:16:33',30000051,1),(719,'Inventario de Alimentos - Entrada','Registró una entrada de alimentos en la fecha y hora: 2025-08-17 - 20:16 la cual describe que es :  Entrada de Frutas','2025-08-17','20:17:43',30000051,1),(720,'Inventario de Alimentos - Entrada','Registró una entrada de alimentos en la fecha y hora: 2025-08-17 - 20:17 la cual describe que es :   Entrada de Panes Salados','2025-08-17','20:18:50',30000051,1),(721,'Inventario de Alimentos - Entrada','Registró una entrada de alimentos en la fecha y hora: 2025-08-17 - 20:18 la cual describe que es :   Compra de Panes Dulces','2025-08-17','20:19:26',30000051,1),(722,'Inventario de los Alimentos - Entrada','Consultó las entradas de los alimentos','2025-08-17','20:19:29',30000051,1),(723,'Login','El usuario Gabriela Morales  cerró sesión ','2025-08-17','20:19:36',30000051,1),(724,'Login','El Usuario Carlos Lopez: Inició sesión','2025-08-17','20:19:48',30000068,1),(725,'Login','El Usuario Carlos Lopez: Inició al sistema en el horario de ','2025-08-17','20:19:53',30000068,1),(726,'Login','El Usuario Carlos Lopez: Inició al sistema en el horario de ','2025-08-17','20:19:53',30000068,1),(727,'Login','El Usuario Carlos Lopez: Inició al sistema en el horario de Almuerzo','2025-08-17','20:19:54',30000068,1),(728,'Inventario de Alimentos - Entrada','Registró una entrada de alimentos en la fecha y hora: 2025-08-17 - 20:20 la cual describe que es :  Entrada de verduras','2025-08-17','20:22:08',30000068,1),(729,'Inventario de Alimentos - Entrada','Registró una entrada de alimentos en la fecha y hora: 2025-08-17 - 20:22 la cual describe que es :   compra de verduras','2025-08-17','20:23:47',30000068,1),(730,'Inventario de los Alimentos - Entrada','Consultó las entradas de los alimentos','2025-08-17','20:25:52',30000068,1),(731,'Inventario de Alimentos - Entrada','Registró una entrada de alimentos en la fecha y hora: 2025-08-17 - 20:26 la cual describe que es :  Entrada de Alimentos','2025-08-17','20:31:24',30000068,1),(732,'Inventario de los Alimentos - Entrada','Consultó las entradas de los alimentos','2025-08-17','20:38:07',30000068,1),(733,'Inventario de Alimentos - Entrada','Registró una entrada de alimentos en la fecha y hora: 2025-08-17 - 20:38 la cual describe que es :  Entrada de alimentos','2025-08-17','20:40:22',30000068,1),(734,'Inventario de Alimentos - Entrada','Registró una entrada de alimentos en la fecha y hora: 2025-08-17 - 20:40 la cual describe que es :   Entrada de Proteinas','2025-08-17','20:42:47',30000068,1),(735,'Login','El usuario Carlos Lopez  cerró sesión ','2025-08-17','20:43:33',30000068,1),(736,'Login','El Usuario Ana Sanchez: Inició sesión','2025-08-17','20:44:52',30000070,1),(737,'Login','El Usuario Ana Sanchez: Inició al sistema en el horario de ','2025-08-17','20:45:01',30000070,1),(738,'Login','El Usuario Ana Sanchez: Inició al sistema en el horario de Merienda','2025-08-17','20:45:02',30000070,1),(739,'Inventario de Alimentos - Stock','Consultó los estocks de los alimentos','2025-08-17','20:45:08',30000070,1),(740,'Inventario de Alimentos - Entrada','Registró una entrada de alimentos en la fecha y hora: 2025-08-17 - 20:45 la cual describe que es :  Entrada de Huevos','2025-08-17','20:45:49',30000070,1),(741,'Login','El usuario Ana Sanchez  cerró sesión ','2025-08-17','21:07:11',30000070,1),(742,'Login','El Usuario Servicio Nutricional : Inició sesión','2025-08-17','21:07:15',12345678,1),(743,'Alimentos','Registró un Alimento llamado: Leche En Polvo','2025-08-17','21:20:20',12345678,1),(744,'Alimentos','Registró un Alimento llamado: Cerelac','2025-08-17','21:23:18',12345678,1),(745,'Login','El usuario Servicio Nutricional   cerró sesión ','2025-08-17','21:26:05',12345678,1),(746,'Login','El Usuario Sofia Gomez: Inició sesión','2025-08-17','21:26:15',30000072,1),(747,'Login','El Usuario Sofia Gomez: Inició al sistema en el horario de ','2025-08-17','21:26:19',30000072,1),(748,'Login','El Usuario Sofia Gomez: Inició al sistema en el horario de Merienda','2025-08-17','21:26:20',30000072,1),(749,'Login','El Usuario Sofia Gomez: Inició al sistema en el horario de Merienda','2025-08-17','21:26:21',30000072,1),(750,'Inventario de Alimentos - Stock','Consultó los estocks de los alimentos','2025-08-17','21:26:27',30000072,1),(751,'Login','El usuario Sofia Gomez  cerró sesión ','2025-08-17','21:26:35',30000072,1),(752,'Login','El Usuario Sofia Gomez: Inició sesión','2025-08-17','21:26:40',30000072,1),(753,'Login','El Usuario Sofia Gomez: Inició al sistema en el horario de ','2025-08-17','21:26:43',30000072,1),(754,'Login','El Usuario Sofia Gomez: Inició al sistema en el horario de Almuerzo','2025-08-17','21:26:44',30000072,1),(755,'Inventario de Alimentos - Stock','Consultó los estocks de los alimentos','2025-08-17','21:26:50',30000072,1),(756,'Inventario de los Alimentos - Entrada','Consultó las entradas de los alimentos','2025-08-17','21:27:11',30000072,1),(757,'Inventario de Alimentos - Entrada','Registró una entrada de alimentos en la fecha y hora: 2025-08-17 - 21:27 la cual describe que es :  Entrada de Alimentos','2025-08-17','21:28:10',30000072,1),(758,'Inventario de Alimentos - Entrada','Registró una entrada de alimentos en la fecha y hora: 2025-08-17 - 21:28 la cual describe que es :   2000','2025-08-17','21:29:01',30000072,1),(759,'Inventario de Alimentos - Entrada','Registró una entrada de alimentos en la fecha y hora: 2025-08-17 - 21:29 la cual describe que es :   Entrada de alimentos','2025-08-17','21:30:46',30000072,1),(760,'Inventario de Alimentos - Entrada','Registró una entrada de alimentos en la fecha y hora: 2025-08-17 - 21:30 la cual describe que es :  Entrada de Alimentos','2025-08-17','21:34:28',30000072,1),(761,'Inventario de los Alimentos - Entrada','Consultó las entradas de los alimentos','2025-08-17','21:34:41',30000072,1),(762,'Inventario de Alimentos - Entrada','Registró una entrada de alimentos en la fecha y hora: 2025-08-17 - 21:34 la cual describe que es :  Entrada de Alimentos','2025-08-17','21:36:11',30000072,1),(763,'Inventario de los Alimentos - Entrada','Consultó las entradas de los alimentos','2025-08-17','21:39:05',30000072,1),(764,'Inventario de Alimentos - Entrada','Registró una entrada de alimentos en la fecha y hora: 2025-08-17 - 21:39 la cual describe que es :  Entrada de Alimentos','2025-08-17','21:41:40',30000072,1),(765,'Inventario de Alimentos - Entrada','Registró una entrada de alimentos en la fecha y hora: 2025-08-17 - 21:41 la cual describe que es :   Compra de productos de viveres','2025-08-17','21:43:37',30000072,1),(766,'Inventario de Alimentos - Entrada','Registró una entrada de alimentos en la fecha y hora: 2025-08-17 - 21:43 la cual describe que es :   Entrada de Frutas','2025-08-17','21:44:34',30000072,1),(767,'Inventario de Alimentos - Entrada','Registró una entrada de alimentos en la fecha y hora: 2025-08-17 - 21:44 la cual describe que es :  Compra de pescados','2025-08-17','21:45:34',30000072,1),(768,'Inventario de los Alimentos - Entrada','Consultó las entradas de los alimentos','2025-08-17','21:45:36',30000072,1),(769,'Inventario de Alimentos - Entrada','Registró una entrada de alimentos en la fecha y hora: 2025-08-17 - 21:45 la cual describe que es :  Compra de alimentos','2025-08-17','21:46:29',30000072,1),(770,'Inventario de Alimentos - Entrada','Registró una entrada de alimentos en la fecha y hora: 2025-08-17 - 21:46 la cual describe que es :   Compra de bebidas','2025-08-17','21:47:18',30000072,1),(771,'Inventario de los Alimentos - Entrada','Consultó las entradas de los alimentos','2025-08-17','21:47:33',30000072,1),(772,'Inventario de los Alimentos - Entrada','Consultó las entradas de los alimentos','2025-08-17','21:55:08',30000072,1),(773,'Inventario de los Alimentos - Entrada','Consultó las entradas de los alimentos','2025-08-17','21:56:45',30000072,1),(774,'Login','El usuario Sofia Gomez  cerró sesión ','2025-08-17','21:56:49',30000072,1),(775,'Login','El Usuario Servicio Nutricional : Inició sesión','2025-08-17','21:56:51',12345678,1),(776,'Mantenimiento','Último Mantenimiento (Importación) realizado el 2025-08-22 14:55:07','2025-08-22','14:55:07',12345678,1),(777,'Mantenimiento','Último Mantenimiento (Importación) realizado el 2025-08-22 17:38:55','2025-08-22','17:38:55',12345678,1),(778,'Mantenimiento','Último Mantenimiento (Exportación) realizado el 2025-08-22 17:39:35','2025-08-22','17:39:35',12345678,1),(779,'Mantenimiento','Último Mantenimiento (Importación) realizado el 2025-08-23 12:40:18','2025-08-23','12:40:18',12345678,1),(780,'Inventario de los Alimentos - Entrada','Consultó las entradas de los alimentos','2025-08-23','13:06:46',12345678,1),(781,'Inventario de Alimentos - Stock','Consultó los estocks de los alimentos','2025-08-23','13:08:20',12345678,1),(782,'Inventario de Alimentos - Stock','Consultó los estocks de los alimentos','2025-08-23','13:08:23',12345678,1);
/*!40000 ALTER TABLE `bitacora` ENABLE KEYS */;
UNLOCK TABLES;

--
-- Table structure for table `modulo`
--

DROP TABLE IF EXISTS `modulo`;
/*!40101 SET @saved_cs_client     = @@character_set_client */;
/*!40101 SET character_set_client = utf8 */;
CREATE TABLE `modulo` (
  `idModulo` int(11) NOT NULL AUTO_INCREMENT,
  `nombreModulo` varchar(1000) CHARACTER SET utf8mb4 COLLATE utf8mb4_unicode_ci NOT NULL,
  `status` tinyint(1) NOT NULL,
  PRIMARY KEY (`idModulo`)
) ENGINE=InnoDB AUTO_INCREMENT=20 DEFAULT CHARSET=utf8mb4 COLLATE=utf8mb4_general_ci;
/*!40101 SET character_set_client = @saved_cs_client */;

--
-- Dumping data for table `modulo`
--

LOCK TABLES `modulo` WRITE;
/*!40000 ALTER TABLE `modulo` DISABLE KEYS */;
INSERT INTO `modulo` VALUES (1,'Home',1),(2,'Usuarios',1),(3,'Roles',1),(4,'Modulos',1),(5,'Permisos',1),(6,'Bitacora',1),(7,'Estudiantes',1),(8,'Asistencias',1),(9,'Menú',1),(10,'Eventos',1),(11,'Tipos de Alimentos',1),(12,'Alimentos',1),(13,'Inventario de Alimentos',1),(14,'Tipos de Utensilios',1),(15,'Utensilios',1),(16,'Inventario de Utensilios',1),(17,'Tipos de Salidas',1),(18,'Reporte Estadistico',1),(19,'Mantenimiento',1);
/*!40000 ALTER TABLE `modulo` ENABLE KEYS */;
UNLOCK TABLES;

--
-- Table structure for table `notificaciones`
--

DROP TABLE IF EXISTS `notificaciones`;
/*!40101 SET @saved_cs_client     = @@character_set_client */;
/*!40101 SET character_set_client = utf8 */;
CREATE TABLE `notificaciones` (
  `idNotificaciones` int(11) NOT NULL AUTO_INCREMENT,
  `titulo` varchar(255) NOT NULL,
  `mensaje` text NOT NULL,
  `tipo` varchar(255) NOT NULL,
  `fechaNoti` date NOT NULL,
  PRIMARY KEY (`idNotificaciones`)
) ENGINE=InnoDB AUTO_INCREMENT=153 DEFAULT CHARSET=utf8mb4 COLLATE=utf8mb4_general_ci;
/*!40101 SET character_set_client = @saved_cs_client */;

--
-- Dumping data for table `notificaciones`
--

LOCK TABLES `notificaciones` WRITE;
/*!40000 ALTER TABLE `notificaciones` DISABLE KEYS */;
INSERT INTO `notificaciones` VALUES (1,'Nuevo Tipo de Utensilio','Se ha registrado un nuevo tipo de utensilio llamado: Bandejas','informacion','0000-00-00'),(2,'Registro de Entrada de Alimentos','Se registro una entrada de alimentos en la fecha y hora: 2025-08-16 - 15:31 la cual describe que es :  Compra de verduras','informacion','0000-00-00'),(3,'Registro de Entrada de Alimentos','Se registro una entrada de alimentos en la fecha y hora: 2025-08-16 - 15:36 la cual describe que es :  Entrada de Frutas','informacion','0000-00-00'),(4,'Registro de Entrada de Alimentos','Se registro una entrada de alimentos en la fecha y hora: 2025-08-16 - 15:38 la cual describe que es :   Compra de Granos y Carnes','informacion','0000-00-00'),(5,'Registro de Entrada de Alimentos','Se registro una entrada de alimentos en la fecha y hora: 2025-08-16 - 15:43 la cual describe que es :  Entrada de alimentos','informacion','0000-00-00'),(6,'Registro de Entrada de Alimentos','Se registro una entrada de alimentos en la fecha y hora: 2025-08-16 - 15:45 la cual describe que es :   Alimentos comprados','informacion','0000-00-00'),(7,'Registro de Entrada de Alimentos','Se registro una entrada de alimentos en la fecha y hora: 2025-08-16 - 15:47 la cual describe que es :   Entrada de alimentos','informacion','0000-00-00'),(8,'Registro de Entrada de Alimentos','Se registro una entrada de alimentos en la fecha y hora: 2025-08-16 - 15:56 la cual describe que es :  Entrada de verduras','informacion','0000-00-00'),(9,'Registro de Entrada de Alimentos','Se registro una entrada de alimentos en la fecha y hora: 2025-08-16 - 15:59 la cual describe que es :   Entrada de lacteos','informacion','0000-00-00'),(10,'Registro de Entrada de Alimentos','Se registro una entrada de alimentos en la fecha y hora: 2025-08-16 - 16:01 la cual describe que es :  Entrada de Viveres','informacion','0000-00-00'),(11,'Registro de Entrada de Alimentos','Se registro una entrada de alimentos en la fecha y hora: 2025-08-16 - 16:03 la cual describe que es :  Entrada de alimentos','informacion','0000-00-00'),(12,'Registro de Entrada de Alimentos','Se registro una entrada de alimentos en la fecha y hora: 2025-08-16 - 16:04 la cual describe que es :   entrada de productos comprados','informacion','0000-00-00'),(13,'Registro de Entrada de Alimentos','Se registro una entrada de alimentos en la fecha y hora: 2025-08-16 - 16:07 la cual describe que es :  Entrada de viveres y condimentos','informacion','0000-00-00'),(14,'Registro de Entrada de Alimentos','Se registro una entrada de alimentos en la fecha y hora: 2025-08-16 - 16:29 la cual describe que es :  entrada de alimentos','informacion','0000-00-00'),(15,'Registro de Entrada de Alimentos','Se registro una entrada de alimentos en la fecha y hora: 2025-08-16 - 16:31 la cual describe que es :   Compra de alimentos','informacion','0000-00-00'),(16,'Registro de Entrada de Alimentos','Se registro una entrada de alimentos en la fecha y hora: 2025-08-16 - 17:56 la cual describe que es :  Compra de alimentos','informacion','0000-00-00'),(17,'Registro de Entrada de Alimentos','Se registro una entrada de alimentos en la fecha y hora: 2025-08-16 - 17:58 la cual describe que es :  Compra de verduras y condimentos','informacion','0000-00-00'),(18,'Registro de Entrada de Alimentos','Se registro una entrada de alimentos en la fecha y hora: 2025-08-16 - 18:00 la cual describe que es :   Compra de Panes','informacion','0000-00-00'),(19,'Registro de Entrada de Alimentos','Se registro una entrada de alimentos en la fecha y hora: 2025-08-16 - 18:04 la cual describe que es :  Bebidas y Aliños verdes','informacion','0000-00-00'),(20,'Registro de Entrada de Alimentos','Se registro una entrada de alimentos en la fecha y hora: 2025-08-16 - 18:07 la cual describe que es :  Mariscos y verduras','informacion','0000-00-00'),(21,'Registro de Entrada de Alimentos','Se registro una entrada de alimentos en la fecha y hora: 2025-08-16 - 18:09 la cual describe que es :  Compra de frutas','informacion','0000-00-00'),(22,'Registro de Entrada de Alimentos','Se registro una entrada de alimentos en la fecha y hora: 2025-08-16 - 18:10 la cual describe que es :   Entrada de alimentos','informacion','0000-00-00'),(23,'Registro de Entrada de Alimentos','Se registro una entrada de alimentos en la fecha y hora: 2025-08-16 - 18:11 la cual describe que es :   Bebidas','informacion','0000-00-00'),(24,'Registro de Entrada de Alimentos','Se registro una entrada de alimentos en la fecha y hora: 2025-08-16 - 18:17 la cual describe que es :  Entrada de viveres y verduras','informacion','0000-00-00'),(25,'Registro de Entrada de Alimentos','Se registro una entrada de alimentos en la fecha y hora: 2025-08-16 - 18:19 la cual describe que es :   Entrada de Azúcar','informacion','0000-00-00'),(26,'Registro de Entrada de Alimentos','Se registro una entrada de alimentos en la fecha y hora: 2025-08-16 - 18:40 la cual describe que es :  Compra de Espaguetis','informacion','0000-00-00'),(27,'Registro de Entrada de Alimentos','Se registro una entrada de alimentos en la fecha y hora: 2025-08-16 - 19:08 la cual describe que es :   Compra de alimentos','informacion','0000-00-00'),(28,'Registro de Entrada de Alimentos','Se registro una entrada de alimentos en la fecha y hora: 2025-08-16 - 19:10 la cual describe que es :   Entrada de alimentos','informacion','0000-00-00'),(29,'Registro de Entrada de Alimentos','Se registro una entrada de alimentos en la fecha y hora: 2025-08-16 - 19:11 la cual describe que es :  Compra de alimentos','informacion','0000-00-00'),(30,'Registro de Entrada de Alimentos','Se registro una entrada de alimentos en la fecha y hora: 2025-08-16 - 19:13 la cual describe que es :  Compra de alimentos','informacion','0000-00-00'),(31,'Registro de Entrada de Alimentos','Se registro una entrada de alimentos en la fecha y hora: 2025-08-16 - 19:14 la cual describe que es :   Compra de Viveres','informacion','0000-00-00'),(32,'Registro de Entrada de Alimentos','Se registro una entrada de alimentos en la fecha y hora: 2025-08-16 - 19:15 la cual describe que es :   Compra de frutas','informacion','0000-00-00'),(33,'Registro de Entrada de Alimentos','Se registro una entrada de alimentos en la fecha y hora: 2025-08-16 - 19:19 la cual describe que es :  Entrada de Lácteos','informacion','0000-00-00'),(34,'Registro de Entrada de Alimentos','Se registro una entrada de alimentos en la fecha y hora: 2025-08-16 - 19:27 la cual describe que es :   Compras de viveres','informacion','0000-00-00'),(35,'Registro de Entrada de Alimentos','Se registro una entrada de alimentos en la fecha y hora: 2025-08-16 - 19:28 la cual describe que es :   Compra de Enlatados','informacion','0000-00-00'),(36,'Registro de Entrada de Alimentos','Se registro una entrada de alimentos en la fecha y hora: 2025-08-16 - 19:30 la cual describe que es :  Compra de frutas y Verduras','informacion','0000-00-00'),(37,'Registro de Entrada de Alimentos','Se registro una entrada de alimentos en la fecha y hora: 2025-08-16 - 19:48 la cual describe que es :  Compra de alimentos','informacion','0000-00-00'),(38,'Registro de Entrada de Alimentos','Se registro una entrada de alimentos en la fecha y hora: 2025-08-16 - 19:49 la cual describe que es :   Entrada de alimentos','informacion','0000-00-00'),(39,'Registro de Entrada de Alimentos','Se registro una entrada de alimentos en la fecha y hora: 2025-08-16 - 19:53 la cual describe que es :  Compra de frutas','informacion','0000-00-00'),(40,'Registro de Entrada de Alimentos','Se registro una entrada de alimentos en la fecha y hora: 2025-08-16 - 19:54 la cual describe que es :   Compra de Granos','informacion','0000-00-00'),(41,'Registro de Entrada de Alimentos','Se registro una entrada de alimentos en la fecha y hora: 2025-08-16 - 19:55 la cual describe que es :  Compra de Carnes y Proteinas','informacion','0000-00-00'),(42,'Registro de Entrada de Alimentos','Se registro una entrada de alimentos en la fecha y hora: 2025-08-16 - 19:56 la cual describe que es :  Entrada de Pescado y Marisco','informacion','0000-00-00'),(43,'Registro de Entrada de Alimentos','Se registro una entrada de alimentos en la fecha y hora: 2025-08-16 - 19:58 la cual describe que es :  Compra de frutas','informacion','0000-00-00'),(44,'Registro de Entrada de Alimentos','Se registro una entrada de alimentos en la fecha y hora: 2025-08-16 - 19:58 la cual describe que es :   Entrada de alimentos','informacion','0000-00-00'),(45,'Registro de Entrada de Alimentos','Se registro una entrada de alimentos en la fecha y hora: 2025-08-16 - 19:59 la cual describe que es :   Entrada de alimentos azucarados','informacion','0000-00-00'),(46,'Registro de Entrada de Alimentos','Se registro una entrada de alimentos en la fecha y hora: 2025-08-16 - 20:02 la cual describe que es :  Compra de alimentos','informacion','0000-00-00'),(47,'Registro de Entrada de Alimentos','Se registro una entrada de alimentos en la fecha y hora: 2025-08-16 - 20:03 la cual describe que es :   Entrada de alimentos','informacion','0000-00-00'),(48,'Registro de Entrada de Alimentos','Se registro una entrada de alimentos en la fecha y hora: 2025-08-16 - 20:04 la cual describe que es :   Compra de viveres','informacion','0000-00-00'),(49,'Registro de Entrada de Alimentos','Se registro una entrada de alimentos en la fecha y hora: 2025-08-16 - 20:06 la cual describe que es :  Compra de alimentos','informacion','0000-00-00'),(50,'Registro de Entrada de Alimentos','Se registro una entrada de alimentos en la fecha y hora: 2025-08-16 - 20:07 la cual describe que es :   Compra de frutas','informacion','0000-00-00'),(51,'Registro de Entrada de Alimentos','Se registro una entrada de alimentos en la fecha y hora: 2025-08-16 - 20:07 la cual describe que es :   compra de alimentos','informacion','0000-00-00'),(52,'Registro de Entrada de Alimentos','Se registro una entrada de alimentos en la fecha y hora: 2025-08-17 - 16:06 la cual describe que es :  Entrada de viveres','informacion','0000-00-00'),(53,'Registro de Entrada de Alimentos','Se registro una entrada de alimentos en la fecha y hora: 2025-08-17 - 16:07 la cual describe que es :   Entrada de Frutas','informacion','0000-00-00'),(54,'Registro de Entrada de Alimentos','Se registro una entrada de alimentos en la fecha y hora: 2025-08-17 - 16:08 la cual describe que es :   Compra de Cereales','informacion','0000-00-00'),(55,'Registro de Entrada de Alimentos','Se registro una entrada de alimentos en la fecha y hora: 2025-08-17 - 16:09 la cual describe que es :  Entrada de Granos','informacion','0000-00-00'),(56,'Registro de Entrada de Alimentos','Se registro una entrada de alimentos en la fecha y hora: 2025-08-17 - 16:10 la cual describe que es :   Entrada de Carnes','informacion','0000-00-00'),(57,'Registro de Entrada de Alimentos','Se registro una entrada de alimentos en la fecha y hora: 2025-08-17 - 16:10 la cual describe que es :   Entrada de Proteinas','informacion','0000-00-00'),(58,'Registro de Entrada de Alimentos','Se registro una entrada de alimentos en la fecha y hora: 2025-08-17 - 16:12 la cual describe que es :   Entrada de Pescados','informacion','0000-00-00'),(59,'Registro de Entrada de Alimentos','Se registro una entrada de alimentos en la fecha y hora: 2025-08-17 - 16:12 la cual describe que es :   Entrada de Huevos','informacion','0000-00-00'),(60,'Registro de Entrada de Alimentos','Se registro una entrada de alimentos en la fecha y hora: 2025-08-17 - 16:13 la cual describe que es :  Compra de Lacteos','informacion','0000-00-00'),(61,'Registro de Entrada de Alimentos','Se registro una entrada de alimentos en la fecha y hora: 2025-08-17 - 16:16 la cual describe que es :   Compra de Grasa y Azucares','informacion','0000-00-00'),(62,'Registro de Entrada de Alimentos','Se registro una entrada de alimentos en la fecha y hora: 2025-08-17 - 16:19 la cual describe que es :   Entrada de Bebidas','informacion','0000-00-00'),(63,'Registro de Entrada de Alimentos','Se registro una entrada de alimentos en la fecha y hora: 2025-08-17 - 16:21 la cual describe que es :  Entrada de condimentos','informacion','0000-00-00'),(64,'Registro de Entrada de Alimentos','Se registro una entrada de alimentos en la fecha y hora: 2025-08-17 - 16:22 la cual describe que es :   Enlatados y Viveres','informacion','0000-00-00'),(65,'Registro de Entrada de Alimentos','Se registro una entrada de alimentos en la fecha y hora: 2025-08-17 - 16:23 la cual describe que es :   Entrada de Verduras','informacion','0000-00-00'),(66,'Registro de Entrada de Alimentos','Se registro una entrada de alimentos en la fecha y hora: 2025-08-17 - 16:24 la cual describe que es :   Entrada de Frutas','informacion','0000-00-00'),(67,'Registro de Entrada de Alimentos','Se registro una entrada de alimentos en la fecha y hora: 2025-08-17 - 16:25 la cual describe que es :  Entrada de Panes Salados','informacion','0000-00-00'),(68,'Registro de Entrada de Alimentos','Se registro una entrada de alimentos en la fecha y hora: 2025-08-17 - 16:26 la cual describe que es :   Entrada de Panes Dulces','informacion','0000-00-00'),(69,'Registro de Entrada de Alimentos','Se registro una entrada de alimentos en la fecha y hora: 2025-08-17 - 16:27 la cual describe que es :   Entrada de Granos','informacion','0000-00-00'),(70,'Registro de Entrada de Alimentos','Se registro una entrada de alimentos en la fecha y hora: 2025-08-17 - 16:28 la cual describe que es :  Entrada de Tuberculos y raices','informacion','0000-00-00'),(71,'Registro de Entrada de Alimentos','Se registro una entrada de alimentos en la fecha y hora: 2025-08-17 - 16:29 la cual describe que es :   Entrada de Carnes','informacion','0000-00-00'),(72,'Registro de Entrada de Alimentos','Se registro una entrada de alimentos en la fecha y hora: 2025-08-17 - 16:30 la cual describe que es :   Entrada de Proteinas','informacion','0000-00-00'),(73,'Registro de Entrada de Alimentos','Se registro una entrada de alimentos en la fecha y hora: 2025-08-17 - 17:06 la cual describe que es :  Entrada de Pescado','informacion','0000-00-00'),(74,'Registro de Entrada de Alimentos','Se registro una entrada de alimentos en la fecha y hora: 2025-08-17 - 17:07 la cual describe que es :   Entrada de Lacteos','informacion','0000-00-00'),(75,'Registro de Entrada de Alimentos','Se registro una entrada de alimentos en la fecha y hora: 2025-08-17 - 17:08 la cual describe que es :   Entrada de Dulces','informacion','0000-00-00'),(76,'Registro de Entrada de Alimentos','Se registro una entrada de alimentos en la fecha y hora: 2025-08-17 - 17:09 la cual describe que es :   Entrada de Refresco','informacion','0000-00-00'),(77,'Registro de Entrada de Alimentos','Se registro una entrada de alimentos en la fecha y hora: 2025-08-17 - 17:18 la cual describe que es :  Entrada de Salsas','informacion','0000-00-00'),(78,'Registro de Entrada de Alimentos','Se registro una entrada de alimentos en la fecha y hora: 2025-08-17 - 17:19 la cual describe que es :   Entrada de Viveres','informacion','0000-00-00'),(79,'Registro de Entrada de Alimentos','Se registro una entrada de alimentos en la fecha y hora: 2025-08-17 - 17:20 la cual describe que es :   Entrada de Aliños verdes','informacion','0000-00-00'),(80,'Registro de Entrada de Alimentos','Se registro una entrada de alimentos en la fecha y hora: 2025-08-17 - 17:21 la cual describe que es :  Entrada de Frutas','informacion','0000-00-00'),(81,'Registro de Entrada de Alimentos','Se registro una entrada de alimentos en la fecha y hora: 2025-08-17 - 17:22 la cual describe que es :   Entrada de Cereales','informacion','0000-00-00'),(82,'Registro de Entrada de Alimentos','Se registro una entrada de alimentos en la fecha y hora: 2025-08-17 - 17:23 la cual describe que es :   Entrada de Caraotas y Lentejas','informacion','0000-00-00'),(83,'Registro de Entrada de Alimentos','Se registro una entrada de alimentos en la fecha y hora: 2025-08-17 - 17:24 la cual describe que es :   Entrada de Tuberculos','informacion','0000-00-00'),(84,'Registro de Entrada de Alimentos','Se registro una entrada de alimentos en la fecha y hora: 2025-08-17 - 17:25 la cual describe que es :   Entrada de Salchichas','informacion','0000-00-00'),(85,'Registro de Entrada de Alimentos','Se registro una entrada de alimentos en la fecha y hora: 2025-08-17 - 17:26 la cual describe que es :  Entrada de Mariscos y Pescados','informacion','0000-00-00'),(86,'Registro de Entrada de Alimentos','Se registro una entrada de alimentos en la fecha y hora: 2025-08-17 - 17:27 la cual describe que es :   Entrada de Lacteos','informacion','0000-00-00'),(87,'Registro de Entrada de Alimentos','Se registro una entrada de alimentos en la fecha y hora: 2025-08-17 - 17:44 la cual describe que es :   Galletas y Aceites','informacion','0000-00-00'),(88,'Registro de Entrada de Alimentos','Se registro una entrada de alimentos en la fecha y hora: 2025-08-17 - 17:46 la cual describe que es :  Entrada de Jugos','informacion','0000-00-00'),(89,'Registro de Entrada de Alimentos','Se registro una entrada de alimentos en la fecha y hora: 2025-08-17 - 17:47 la cual describe que es :   Condimentos y Especias','informacion','0000-00-00'),(90,'Registro de Entrada de Alimentos','Se registro una entrada de alimentos en la fecha y hora: 2025-08-17 - 17:48 la cual describe que es :  Entrada de Harinas y Arroz','informacion','0000-00-00'),(91,'Registro de Entrada de Alimentos','Se registro una entrada de alimentos en la fecha y hora: 2025-08-17 - 17:49 la cual describe que es :  Entrada de Spaguetis','informacion','0000-00-00'),(92,'Registro de Entrada de Alimentos','Se registro una entrada de alimentos en la fecha y hora: 2025-08-17 - 17:50 la cual describe que es :   Entrada de Verduras','informacion','0000-00-00'),(93,'Registro de Entrada de Alimentos','Se registro una entrada de alimentos en la fecha y hora: 2025-08-17 - 17:51 la cual describe que es :   Entrada de Verduras','informacion','0000-00-00'),(94,'Registro de Entrada de Alimentos','Se registro una entrada de alimentos en la fecha y hora: 2025-08-17 - 17:52 la cual describe que es :   Compra de Frutas','informacion','0000-00-00'),(95,'Registro de Entrada de Alimentos','Se registro una entrada de alimentos en la fecha y hora: 2025-08-17 - 17:53 la cual describe que es :  Entrada de Cereales','informacion','0000-00-00'),(96,'Registro de Entrada de Alimentos','Se registro una entrada de alimentos en la fecha y hora: 2025-08-17 - 17:54 la cual describe que es :   Compra de Panes Salados','informacion','0000-00-00'),(97,'Registro de Entrada de Alimentos','Se registro una entrada de alimentos en la fecha y hora: 2025-08-17 - 17:55 la cual describe que es :   Panes Dulces','informacion','0000-00-00'),(98,'Registro de Entrada de Alimentos','Se registro una entrada de alimentos en la fecha y hora: 2025-08-17 - 17:58 la cual describe que es :  Entrada de Granos','informacion','0000-00-00'),(99,'Registro de Entrada de Alimentos','Se registro una entrada de alimentos en la fecha y hora: 2025-08-17 - 17:59 la cual describe que es :   Entrada de Carnes y Mariscos','informacion','0000-00-00'),(100,'Registro de Entrada de Alimentos','Se registro una entrada de alimentos en la fecha y hora: 2025-08-17 - 18:00 la cual describe que es :   Entrada de Huevos','informacion','0000-00-00'),(101,'Registro de Entrada de Alimentos','Se registro una entrada de alimentos en la fecha y hora: 2025-08-17 - 18:01 la cual describe que es :  Entrada de Lacteos','informacion','0000-00-00'),(102,'Registro de Entrada de Alimentos','Se registro una entrada de alimentos en la fecha y hora: 2025-08-17 - 18:40 la cual describe que es :  Entrada de Harinas ','informacion','0000-00-00'),(103,'Registro de Entrada de Alimentos','Se registro una entrada de alimentos en la fecha y hora: 2025-08-17 - 18:41 la cual describe que es :   Entrada de Verduras','informacion','0000-00-00'),(104,'Registro de Entrada de Alimentos','Se registro una entrada de alimentos en la fecha y hora: 2025-08-17 - 18:42 la cual describe que es :   Compra de Frutas','informacion','0000-00-00'),(105,'Registro de Entrada de Alimentos','Se registro una entrada de alimentos en la fecha y hora: 2025-08-17 - 18:43 la cual describe que es :  Entrada de Panes','informacion','0000-00-00'),(106,'Registro de Entrada de Alimentos','Se registro una entrada de alimentos en la fecha y hora: 2025-08-17 - 18:45 la cual describe que es :   Entrada de Carnes','informacion','0000-00-00'),(107,'Registro de Entrada de Alimentos','Se registro una entrada de alimentos en la fecha y hora: 2025-08-17 - 18:46 la cual describe que es :   Compra de productos lacteos','informacion','0000-00-00'),(108,'Registro de Entrada de Alimentos','Se registro una entrada de alimentos en la fecha y hora: 2025-08-17 - 18:48 la cual describe que es :  Entrada de Dulces','informacion','0000-00-00'),(109,'Registro de Entrada de Alimentos','Se registro una entrada de alimentos en la fecha y hora: 2025-08-17 - 18:49 la cual describe que es :   Entrada de Agua potable y jugos naturales','informacion','0000-00-00'),(110,'Registro de Entrada de Alimentos','Se registro una entrada de alimentos en la fecha y hora: 2025-08-17 - 18:50 la cual describe que es :   Entrada de Salsas','informacion','0000-00-00'),(111,'Registro de Entrada de Alimentos','Se registro una entrada de alimentos en la fecha y hora: 2025-08-17 - 18:50 la cual describe que es :   Entrada de Viveres','informacion','0000-00-00'),(112,'Registro de Entrada de Alimentos','Se registro una entrada de alimentos en la fecha y hora: 2025-08-17 - 18:54 la cual describe que es :  Entrada de Verduras','informacion','0000-00-00'),(113,'Registro de Entrada de Alimentos','Se registro una entrada de alimentos en la fecha y hora: 2025-08-17 - 18:55 la cual describe que es :   Compra de Frutas','informacion','0000-00-00'),(114,'Registro de Entrada de Alimentos','Se registro una entrada de alimentos en la fecha y hora: 2025-08-17 - 18:56 la cual describe que es :   Compra de panes dulces','informacion','0000-00-00'),(115,'Registro de Entrada de Alimentos','Se registro una entrada de alimentos en la fecha y hora: 2025-08-17 - 18:56 la cual describe que es :   Entrada de Mortadela y Jamon','informacion','0000-00-00'),(116,'Registro de Entrada de Alimentos','Se registro una entrada de alimentos en la fecha y hora: 2025-08-17 - 18:58 la cual describe que es :   Entrada de Mariscos','informacion','0000-00-00'),(117,'Registro de Entrada de Alimentos','Se registro una entrada de alimentos en la fecha y hora: 2025-08-17 - 18:59 la cual describe que es :   Compra de productos lacteos','informacion','0000-00-00'),(118,'Registro de Entrada de Alimentos','Se registro una entrada de alimentos en la fecha y hora: 2025-08-17 - 19:00 la cual describe que es :  Compra de carnes','informacion','0000-00-00'),(119,'Registro de Entrada de Alimentos','Se registro una entrada de alimentos en la fecha y hora: 2025-08-17 - 19:07 la cual describe que es :   Entrada de pescado','informacion','0000-00-00'),(120,'Registro de Entrada de Alimentos','Se registro una entrada de alimentos en la fecha y hora: 2025-08-17 - 19:08 la cual describe que es :   Compra de Lacteos','informacion','0000-00-00'),(121,'Registro de Entrada de Alimentos','Se registro una entrada de alimentos en la fecha y hora: 2025-08-17 - 19:09 la cual describe que es :   Entrada de Especias','informacion','0000-00-00'),(122,'Registro de Entrada de Alimentos','Se registro una entrada de alimentos en la fecha y hora: 2025-08-17 - 19:51 la cual describe que es :  Entrada de Verduras','informacion','0000-00-00'),(123,'Registro de Entrada de Alimentos','Se registro una entrada de alimentos en la fecha y hora: 2025-08-17 - 19:52 la cual describe que es :   Entrada de Frutas','informacion','0000-00-00'),(124,'Registro de Entrada de Alimentos','Se registro una entrada de alimentos en la fecha y hora: 2025-08-17 - 19:53 la cual describe que es :   Entrada de Cereales','informacion','0000-00-00'),(125,'Registro de Entrada de Alimentos','Se registro una entrada de alimentos en la fecha y hora: 2025-08-17 - 19:55 la cual describe que es :  Entrada de viveres','informacion','0000-00-00'),(126,'Registro de Entrada de Alimentos','Se registro una entrada de alimentos en la fecha y hora: 2025-08-17 - 19:59 la cual describe que es :   Compra de refrescos','informacion','0000-00-00'),(127,'Registro de Entrada de Alimentos','Se registro una entrada de alimentos en la fecha y hora: 2025-08-17 - 20:00 la cual describe que es :   Entrada de Salsas','informacion','0000-00-00'),(128,'Registro de Entrada de Alimentos','Se registro una entrada de alimentos en la fecha y hora: 2025-08-17 - 20:00 la cual describe que es :   Compra de Galletas','informacion','0000-00-00'),(129,'Registro de Entrada de Alimentos','Se registro una entrada de alimentos en la fecha y hora: 2025-08-17 - 20:02 la cual describe que es :   Entrada de Productos dulces','informacion','0000-00-00'),(130,'Registro de Entrada de Alimentos','Se registro una entrada de alimentos en la fecha y hora: 2025-08-17 - 20:03 la cual describe que es :  Entrada de enlatados','informacion','0000-00-00'),(131,'Registro de Entrada de Alimentos','Se registro una entrada de alimentos en la fecha y hora: 2025-08-17 - 20:04 la cual describe que es :   Entrada de Carnes','informacion','0000-00-00'),(132,'Registro de Entrada de Alimentos','Se registro una entrada de alimentos en la fecha y hora: 2025-08-17 - 20:13 la cual describe que es :  Entrada de Viveres ','informacion','0000-00-00'),(133,'Registro de Entrada de Alimentos','Se registro una entrada de alimentos en la fecha y hora: 2025-08-17 - 20:16 la cual describe que es :  Entrada de Frutas','informacion','0000-00-00'),(134,'Registro de Entrada de Alimentos','Se registro una entrada de alimentos en la fecha y hora: 2025-08-17 - 20:17 la cual describe que es :   Entrada de Panes Salados','informacion','0000-00-00'),(135,'Registro de Entrada de Alimentos','Se registro una entrada de alimentos en la fecha y hora: 2025-08-17 - 20:18 la cual describe que es :   Compra de Panes Dulces','informacion','0000-00-00'),(136,'Registro de Entrada de Alimentos','Se registro una entrada de alimentos en la fecha y hora: 2025-08-17 - 20:20 la cual describe que es :  Entrada de verduras','informacion','0000-00-00'),(137,'Registro de Entrada de Alimentos','Se registro una entrada de alimentos en la fecha y hora: 2025-08-17 - 20:22 la cual describe que es :   compra de verduras','informacion','0000-00-00'),(138,'Registro de Entrada de Alimentos','Se registro una entrada de alimentos en la fecha y hora: 2025-08-17 - 20:26 la cual describe que es :  Entrada de Alimentos','informacion','0000-00-00'),(139,'Registro de Entrada de Alimentos','Se registro una entrada de alimentos en la fecha y hora: 2025-08-17 - 20:38 la cual describe que es :  Entrada de alimentos','informacion','0000-00-00'),(140,'Registro de Entrada de Alimentos','Se registro una entrada de alimentos en la fecha y hora: 2025-08-17 - 20:40 la cual describe que es :   Entrada de Proteinas','informacion','0000-00-00'),(141,'Registro de Entrada de Alimentos','Se registro una entrada de alimentos en la fecha y hora: 2025-08-17 - 20:45 la cual describe que es :  Entrada de Huevos','informacion','0000-00-00'),(142,'Registro de Entrada de Alimentos','Se registro una entrada de alimentos en la fecha y hora: 2025-08-17 - 21:27 la cual describe que es :  Entrada de Alimentos','informacion','0000-00-00'),(143,'Registro de Entrada de Alimentos','Se registro una entrada de alimentos en la fecha y hora: 2025-08-17 - 21:28 la cual describe que es :   2000','informacion','0000-00-00'),(144,'Registro de Entrada de Alimentos','Se registro una entrada de alimentos en la fecha y hora: 2025-08-17 - 21:29 la cual describe que es :   Entrada de alimentos','informacion','0000-00-00'),(145,'Registro de Entrada de Alimentos','Se registro una entrada de alimentos en la fecha y hora: 2025-08-17 - 21:30 la cual describe que es :  Entrada de Alimentos','informacion','0000-00-00'),(146,'Registro de Entrada de Alimentos','Se registro una entrada de alimentos en la fecha y hora: 2025-08-17 - 21:34 la cual describe que es :  Entrada de Alimentos','informacion','0000-00-00'),(147,'Registro de Entrada de Alimentos','Se registro una entrada de alimentos en la fecha y hora: 2025-08-17 - 21:39 la cual describe que es :  Entrada de Alimentos','informacion','0000-00-00'),(148,'Registro de Entrada de Alimentos','Se registro una entrada de alimentos en la fecha y hora: 2025-08-17 - 21:41 la cual describe que es :   Compra de productos de viveres','informacion','0000-00-00'),(149,'Registro de Entrada de Alimentos','Se registro una entrada de alimentos en la fecha y hora: 2025-08-17 - 21:43 la cual describe que es :   Entrada de Frutas','informacion','0000-00-00'),(150,'Registro de Entrada de Alimentos','Se registro una entrada de alimentos en la fecha y hora: 2025-08-17 - 21:44 la cual describe que es :  Compra de pescados','informacion','0000-00-00'),(151,'Registro de Entrada de Alimentos','Se registro una entrada de alimentos en la fecha y hora: 2025-08-17 - 21:45 la cual describe que es :  Compra de alimentos','informacion','0000-00-00'),(152,'Registro de Entrada de Alimentos','Se registro una entrada de alimentos en la fecha y hora: 2025-08-17 - 21:46 la cual describe que es :   Compra de bebidas','informacion','0000-00-00');
/*!40000 ALTER TABLE `notificaciones` ENABLE KEYS */;
UNLOCK TABLES;

--
-- Table structure for table `notificaciones_usuarios`
--

DROP TABLE IF EXISTS `notificaciones_usuarios`;
/*!40101 SET @saved_cs_client     = @@character_set_client */;
/*!40101 SET character_set_client = utf8 */;
CREATE TABLE `notificaciones_usuarios` (
  `cedula` int(11) NOT NULL,
  `idNotificaciones` int(11) NOT NULL,
  `leida` int(11) DEFAULT NULL,
  PRIMARY KEY (`cedula`,`idNotificaciones`),
  KEY `idNotificaciones` (`idNotificaciones`),
  CONSTRAINT `notificaciones_usuarios_ibfk_1` FOREIGN KEY (`cedula`) REFERENCES `usuario` (`cedula`),
  CONSTRAINT `notificaciones_usuarios_ibfk_2` FOREIGN KEY (`idNotificaciones`) REFERENCES `notificaciones` (`idNotificaciones`)
) ENGINE=InnoDB DEFAULT CHARSET=utf8mb4 COLLATE=utf8mb4_general_ci;
/*!40101 SET character_set_client = @saved_cs_client */;

--
-- Dumping data for table `notificaciones_usuarios`
--

LOCK TABLES `notificaciones_usuarios` WRITE;
/*!40000 ALTER TABLE `notificaciones_usuarios` DISABLE KEYS */;
INSERT INTO `notificaciones_usuarios` VALUES (12345678,1,0),(12345678,2,0),(12345678,3,0),(12345678,4,0),(12345678,5,0),(12345678,6,0),(12345678,7,0),(12345678,8,0),(12345678,9,0),(12345678,10,0),(12345678,11,0),(12345678,12,0),(12345678,13,0),(12345678,14,0),(12345678,15,0),(12345678,16,0),(12345678,17,0),(12345678,18,0),(12345678,19,0),(12345678,20,0),(12345678,21,0),(12345678,22,0),(12345678,23,0),(12345678,24,0),(12345678,25,0),(12345678,26,0),(12345678,27,0),(12345678,28,0),(12345678,29,0),(12345678,30,0),(12345678,31,0),(12345678,32,0),(12345678,33,0),(12345678,34,0),(12345678,35,0),(12345678,36,0),(12345678,37,0),(12345678,38,0),(12345678,39,0),(12345678,40,0),(12345678,41,0),(12345678,42,0),(12345678,43,0),(12345678,44,0),(12345678,45,0),(12345678,46,0),(12345678,47,0),(12345678,48,0),(12345678,49,0),(12345678,50,0),(12345678,51,0),(12345678,52,0),(12345678,53,0),(12345678,54,0),(12345678,55,0),(12345678,56,0),(12345678,57,0),(12345678,58,0),(12345678,59,0),(12345678,60,0),(12345678,61,0),(12345678,62,0),(12345678,63,0),(12345678,64,0),(12345678,65,0),(12345678,66,0),(12345678,67,0),(12345678,68,0),(12345678,69,0),(12345678,70,0),(12345678,71,0),(12345678,72,0),(12345678,73,0),(12345678,74,0),(12345678,75,0),(12345678,76,0),(12345678,77,0),(12345678,78,0),(12345678,79,0),(12345678,80,0),(12345678,81,0),(12345678,82,0),(12345678,83,0),(12345678,84,0),(12345678,85,0),(12345678,86,0),(12345678,87,0),(12345678,88,0),(12345678,89,0),(12345678,90,0),(12345678,91,0),(12345678,92,0),(12345678,93,0),(12345678,94,0),(12345678,95,0),(12345678,96,0),(12345678,97,0),(12345678,98,0),(12345678,99,0),(12345678,100,0),(12345678,101,0),(12345678,102,0),(12345678,103,0),(12345678,104,0),(12345678,105,0),(12345678,106,0),(12345678,107,0),(12345678,108,0),(12345678,109,0),(12345678,110,0),(12345678,111,0),(12345678,112,0),(12345678,113,0),(12345678,114,0),(12345678,115,0),(12345678,116,0),(12345678,117,0),(12345678,118,0),(12345678,119,0),(12345678,120,0),(12345678,121,0),(12345678,122,0),(12345678,123,0),(12345678,124,0),(12345678,125,0),(12345678,126,0),(12345678,127,0),(12345678,128,0),(12345678,129,0),(12345678,130,0),(12345678,131,0),(12345678,132,0),(12345678,133,0),(12345678,134,0),(12345678,135,0),(12345678,136,0),(12345678,137,0),(12345678,138,0),(12345678,139,0),(12345678,140,0),(12345678,141,0),(12345678,142,0),(12345678,143,0),(12345678,144,0),(12345678,145,0),(12345678,146,0),(12345678,147,0),(12345678,148,0),(12345678,149,0),(12345678,150,0),(12345678,151,0),(12345678,152,0),(29913499,2,0),(29913499,3,0),(29913499,4,0),(29913499,5,0),(29913499,6,0),(29913499,7,0),(29913499,8,0),(29913499,9,0),(29913499,10,0),(29913499,11,0),(29913499,12,0),(29913499,13,0),(29913499,14,0),(29913499,15,0),(29913499,16,0),(29913499,17,0),(29913499,18,0),(29913499,19,0),(29913499,20,0),(29913499,21,0),(29913499,22,0),(29913499,23,0),(29913499,24,0),(29913499,25,0),(29913499,26,0),(29913499,27,0),(29913499,28,0),(29913499,29,0),(29913499,30,0),(29913499,31,0),(29913499,32,0),(29913499,33,0),(29913499,34,0),(29913499,35,0),(29913499,36,0),(29913499,37,0),(29913499,38,0),(29913499,39,0),(29913499,40,0),(29913499,41,0),(29913499,42,0),(29913499,43,0),(29913499,44,0),(29913499,45,0),(29913499,46,0),(29913499,47,0),(29913499,48,0),(29913499,49,0),(29913499,50,0),(29913499,51,0),(29913499,52,0),(29913499,53,0),(29913499,54,0),(29913499,55,0),(29913499,56,0),(29913499,57,0),(29913499,58,0),(29913499,59,0),(29913499,60,0),(29913499,61,0),(29913499,62,0),(29913499,63,0),(29913499,64,0),(29913499,65,0),(29913499,66,0),(29913499,67,0),(29913499,68,0),(29913499,69,0),(29913499,70,0),(29913499,71,0),(29913499,72,0),(29913499,73,0),(29913499,74,0),(29913499,75,0),(29913499,76,0),(29913499,77,0),(29913499,78,0),(29913499,79,0),(29913499,80,0),(29913499,81,0),(29913499,82,0),(29913499,83,0),(29913499,84,0),(29913499,85,0),(29913499,86,0),(29913499,87,0),(29913499,88,0),(29913499,89,0),(29913499,90,0),(29913499,91,0),(29913499,92,0),(29913499,93,0),(29913499,94,0),(29913499,95,0),(29913499,96,0),(29913499,97,0),(29913499,98,0),(29913499,99,0),(29913499,100,0),(29913499,101,0),(29913499,102,0),(29913499,103,0),(29913499,104,0),(29913499,105,0),(29913499,106,0),(29913499,107,0),(29913499,108,0),(29913499,109,0),(29913499,110,0),(29913499,111,0),(29913499,112,0),(29913499,113,0),(29913499,114,0),(29913499,115,0),(29913499,116,0),(29913499,117,0),(29913499,118,0),(29913499,119,0),(29913499,120,0),(29913499,121,0),(29913499,122,0),(29913499,123,0),(29913499,124,0),(29913499,125,0),(29913499,126,0),(29913499,127,0),(29913499,128,0),(29913499,129,0),(29913499,130,0),(29913499,131,0),(29913499,132,0),(29913499,133,0),(29913499,134,0),(29913499,135,0),(29913499,136,0),(29913499,137,0),(29913499,138,0),(29913499,139,0),(29913499,140,0),(29913499,141,0),(29913499,142,0),(29913499,143,0),(29913499,144,0),(29913499,145,0),(29913499,146,0),(29913499,147,0),(29913499,148,0),(29913499,149,0),(29913499,150,0),(29913499,151,0),(29913499,152,0),(29972192,2,0),(29972192,3,0),(29972192,4,0),(29972192,5,0),(29972192,6,0),(29972192,7,0),(29972192,8,0),(29972192,9,0),(29972192,10,0),(29972192,11,0),(29972192,12,0),(29972192,13,0),(29972192,14,0),(29972192,15,0),(29972192,16,0),(29972192,17,0),(29972192,18,0),(29972192,19,0),(29972192,20,0),(29972192,21,0),(29972192,22,0),(29972192,23,0),(29972192,24,0),(29972192,25,0),(29972192,26,0),(29972192,27,0),(29972192,28,0),(29972192,29,0),(29972192,30,0),(29972192,31,0),(29972192,32,0),(29972192,33,0),(29972192,34,0),(29972192,35,0),(29972192,36,0),(29972192,37,0),(29972192,38,0),(29972192,39,0),(29972192,40,0),(29972192,41,0),(29972192,42,0),(29972192,43,0),(29972192,44,0),(29972192,45,0),(29972192,46,0),(29972192,47,0),(29972192,48,0),(29972192,49,0),(29972192,50,0),(29972192,51,0),(29972192,52,0),(29972192,53,0),(29972192,54,0),(29972192,55,0),(29972192,56,0),(29972192,57,0),(29972192,58,0),(29972192,59,0),(29972192,60,0),(29972192,61,0),(29972192,62,0),(29972192,63,0),(29972192,64,0),(29972192,65,0),(29972192,66,0),(29972192,67,0),(29972192,68,0),(29972192,69,0),(29972192,70,0),(29972192,71,0),(29972192,72,0),(29972192,73,0),(29972192,74,0),(29972192,75,0),(29972192,76,0),(29972192,77,0),(29972192,78,0),(29972192,79,0),(29972192,80,0),(29972192,81,0),(29972192,82,0),(29972192,83,0),(29972192,84,0),(29972192,85,0),(29972192,86,0),(29972192,87,0),(29972192,88,0),(29972192,89,0),(29972192,90,0),(29972192,91,0),(29972192,92,0),(29972192,93,0),(29972192,94,0),(29972192,95,0),(29972192,96,0),(29972192,97,0),(29972192,98,0),(29972192,99,0),(29972192,100,0),(29972192,101,0),(29972192,102,0),(29972192,103,0),(29972192,104,0),(29972192,105,0),(29972192,106,0),(29972192,107,0),(29972192,108,0),(29972192,109,0),(29972192,110,0),(29972192,111,0),(29972192,112,0),(29972192,113,0),(29972192,114,0),(29972192,115,0),(29972192,116,0),(29972192,117,0),(29972192,118,0),(29972192,119,0),(29972192,120,0),(29972192,121,0),(29972192,122,0),(29972192,123,0),(29972192,124,0),(29972192,125,0),(29972192,126,0),(29972192,127,0),(29972192,128,0),(29972192,129,0),(29972192,130,0),(29972192,131,0),(29972192,132,0),(29972192,133,0),(29972192,134,0),(29972192,135,0),(29972192,136,0),(29972192,137,0),(29972192,138,0),(29972192,139,0),(29972192,140,0),(29972192,141,0),(29972192,142,0),(29972192,143,0),(29972192,144,0),(29972192,145,0),(29972192,146,0),(29972192,147,0),(29972192,148,0),(29972192,149,0),(29972192,150,0),(29972192,151,0),(29972192,152,0),(30000000,2,0),(30000000,3,0),(30000000,4,0),(30000000,5,0),(30000000,6,0),(30000000,7,0),(30000000,8,0),(30000000,9,0),(30000000,10,0),(30000000,11,0),(30000000,12,0),(30000000,13,0),(30000000,14,0),(30000000,15,0),(30000000,16,0),(30000000,17,0),(30000000,18,0),(30000000,19,0),(30000000,20,0),(30000000,21,0),(30000000,22,0),(30000000,23,0),(30000000,24,0),(30000000,25,0),(30000000,26,0),(30000000,27,0),(30000000,28,0),(30000000,29,0),(30000000,30,0),(30000000,31,0),(30000000,32,0),(30000000,33,0),(30000000,34,0),(30000000,35,0),(30000000,36,0),(30000000,37,0),(30000000,38,0),(30000000,39,0),(30000000,40,0),(30000000,41,0),(30000000,42,0),(30000000,43,0),(30000000,44,0),(30000000,45,0),(30000000,46,0),(30000000,47,0),(30000000,48,0),(30000000,49,0),(30000000,50,0),(30000000,51,0),(30000000,52,0),(30000000,53,0),(30000000,54,0),(30000000,55,0),(30000000,56,0),(30000000,57,0),(30000000,58,0),(30000000,59,0),(30000000,60,0),(30000000,61,0),(30000000,62,0),(30000000,63,0),(30000000,64,0),(30000000,65,0),(30000000,66,0),(30000000,67,0),(30000000,68,0),(30000000,69,0),(30000000,70,0),(30000000,71,0),(30000000,72,0),(30000000,73,0),(30000000,74,0),(30000000,75,0),(30000000,76,0),(30000000,77,0),(30000000,78,0),(30000000,79,0),(30000000,80,0),(30000000,81,0),(30000000,82,0),(30000000,83,0),(30000000,84,0),(30000000,85,0),(30000000,86,0),(30000000,87,0),(30000000,88,0),(30000000,89,0),(30000000,90,0),(30000000,91,0),(30000000,92,0),(30000000,93,0),(30000000,94,0),(30000000,95,0),(30000000,96,0),(30000000,97,0),(30000000,98,0),(30000000,99,0),(30000000,100,0),(30000000,101,0),(30000000,102,0),(30000000,103,0),(30000000,104,0),(30000000,105,0),(30000000,106,0),(30000000,107,0),(30000000,108,0),(30000000,109,0),(30000000,110,0),(30000000,111,0),(30000000,112,0),(30000000,113,0),(30000000,114,0),(30000000,115,0),(30000000,116,0),(30000000,117,0),(30000000,118,0),(30000000,119,0),(30000000,120,0),(30000000,121,0),(30000000,122,0),(30000000,123,0),(30000000,124,0),(30000000,125,0),(30000000,126,0),(30000000,127,0),(30000000,128,0),(30000000,129,0),(30000000,130,0),(30000000,131,0),(30000000,132,0),(30000000,133,0),(30000000,134,0),(30000000,135,0),(30000000,136,0),(30000000,137,0),(30000000,138,0),(30000000,139,0),(30000000,140,0),(30000000,141,0),(30000000,142,0),(30000000,143,0),(30000000,144,0),(30000000,145,0),(30000000,146,0),(30000000,147,0),(30000000,148,0),(30000000,149,0),(30000000,150,0),(30000000,151,0),(30000000,152,0),(30000003,2,0),(30000003,3,0),(30000003,4,0),(30000003,5,0),(30000003,6,0),(30000003,7,0),(30000003,8,0),(30000003,9,0),(30000003,10,0),(30000003,11,0),(30000003,12,0),(30000003,13,0),(30000003,14,0),(30000003,15,0),(30000003,16,0),(30000003,17,0),(30000003,18,0),(30000003,19,0),(30000003,20,0),(30000003,21,0),(30000003,22,0),(30000003,23,0),(30000003,24,0),(30000003,25,0),(30000003,26,0),(30000003,27,0),(30000003,28,0),(30000003,29,0),(30000003,30,0),(30000003,31,0),(30000003,32,0),(30000003,33,0),(30000003,34,0),(30000003,35,0),(30000003,36,0),(30000003,37,0),(30000003,38,0),(30000003,39,0),(30000003,40,0),(30000003,41,0),(30000003,42,0),(30000003,43,0),(30000003,44,0),(30000003,45,0),(30000003,46,0),(30000003,47,0),(30000003,48,0),(30000003,49,0),(30000003,50,0),(30000003,51,0),(30000003,52,0),(30000003,53,0),(30000003,54,0),(30000003,55,0),(30000003,56,0),(30000003,57,0),(30000003,58,0),(30000003,59,0),(30000003,60,0),(30000003,61,0),(30000003,62,0),(30000003,63,0),(30000003,64,0),(30000003,65,0),(30000003,66,0),(30000003,67,0),(30000003,68,0),(30000003,69,0),(30000003,70,0),(30000003,71,0),(30000003,72,0),(30000003,73,0),(30000003,74,0),(30000003,75,0),(30000003,76,0),(30000003,77,0),(30000003,78,0),(30000003,79,0),(30000003,80,0),(30000003,81,0),(30000003,82,0),(30000003,83,0),(30000003,84,0),(30000003,85,0),(30000003,86,0),(30000003,87,0),(30000003,88,0),(30000003,89,0),(30000003,90,0),(30000003,91,0),(30000003,92,0),(30000003,93,0),(30000003,94,0),(30000003,95,0),(30000003,96,0),(30000003,97,0),(30000003,98,0),(30000003,99,0),(30000003,100,0),(30000003,101,0),(30000003,102,0),(30000003,103,0),(30000003,104,0),(30000003,105,0),(30000003,106,0),(30000003,107,0),(30000003,108,0),(30000003,109,0),(30000003,110,0),(30000003,111,0),(30000003,112,0),(30000003,113,0),(30000003,114,0),(30000003,115,0),(30000003,116,0),(30000003,117,0),(30000003,118,0),(30000003,119,0),(30000003,120,0),(30000003,121,0),(30000003,122,0),(30000003,123,0),(30000003,124,0),(30000003,125,0),(30000003,126,0),(30000003,127,0),(30000003,128,0),(30000003,129,0),(30000003,130,0),(30000003,131,0),(30000003,132,0),(30000003,133,0),(30000003,134,0),(30000003,135,0),(30000003,136,0),(30000003,137,0),(30000003,138,0),(30000003,139,0),(30000003,140,0),(30000003,141,0),(30000003,142,0),(30000003,143,0),(30000003,144,0),(30000003,145,0),(30000003,146,0),(30000003,147,0),(30000003,148,0),(30000003,149,0),(30000003,150,0),(30000003,151,0),(30000003,152,0),(30000006,2,0),(30000006,3,0),(30000006,4,0),(30000006,5,0),(30000006,6,0),(30000006,7,0),(30000006,8,0),(30000006,9,0),(30000006,10,0),(30000006,11,0),(30000006,12,0),(30000006,13,0),(30000006,14,0),(30000006,15,0),(30000006,16,0),(30000006,17,0),(30000006,18,0),(30000006,19,0),(30000006,20,0),(30000006,21,0),(30000006,22,0),(30000006,23,0),(30000006,24,0),(30000006,25,0),(30000006,26,0),(30000006,27,0),(30000006,28,0),(30000006,29,0),(30000006,30,0),(30000006,31,0),(30000006,32,0),(30000006,33,0),(30000006,34,0),(30000006,35,0),(30000006,36,0),(30000006,37,0),(30000006,38,0),(30000006,39,0),(30000006,40,0),(30000006,41,0),(30000006,42,0),(30000006,43,0),(30000006,44,0),(30000006,45,0),(30000006,46,0),(30000006,47,0),(30000006,48,0),(30000006,49,0),(30000006,50,0),(30000006,51,0),(30000006,52,0),(30000006,53,0),(30000006,54,0),(30000006,55,0),(30000006,56,0),(30000006,57,0),(30000006,58,0),(30000006,59,0),(30000006,60,0),(30000006,61,0),(30000006,62,0),(30000006,63,0),(30000006,64,0),(30000006,65,0),(30000006,66,0),(30000006,67,0),(30000006,68,0),(30000006,69,0),(30000006,70,0),(30000006,71,0),(30000006,72,0),(30000006,73,0),(30000006,74,0),(30000006,75,0),(30000006,76,0),(30000006,77,0),(30000006,78,0),(30000006,79,0),(30000006,80,0),(30000006,81,0),(30000006,82,0),(30000006,83,0),(30000006,84,0),(30000006,85,0),(30000006,86,0),(30000006,87,0),(30000006,88,0),(30000006,89,0),(30000006,90,0),(30000006,91,0),(30000006,92,0),(30000006,93,0),(30000006,94,0),(30000006,95,0),(30000006,96,0),(30000006,97,0),(30000006,98,0),(30000006,99,0),(30000006,100,0),(30000006,101,0),(30000006,102,0),(30000006,103,0),(30000006,104,0),(30000006,105,0),(30000006,106,0),(30000006,107,0),(30000006,108,0),(30000006,109,0),(30000006,110,0),(30000006,111,0),(30000006,112,0),(30000006,113,0),(30000006,114,0),(30000006,115,0),(30000006,116,0),(30000006,117,0),(30000006,118,0),(30000006,119,0),(30000006,120,0),(30000006,121,0),(30000006,122,0),(30000006,123,0),(30000006,124,0),(30000006,125,0),(30000006,126,0),(30000006,127,0),(30000006,128,0),(30000006,129,0),(30000006,130,0),(30000006,131,0),(30000006,132,0),(30000006,133,0),(30000006,134,0),(30000006,135,0),(30000006,136,0),(30000006,137,0),(30000006,138,0),(30000006,139,0),(30000006,140,0),(30000006,141,0),(30000006,142,0),(30000006,143,0),(30000006,144,0),(30000006,145,0),(30000006,146,0),(30000006,147,0),(30000006,148,0),(30000006,149,0),(30000006,150,0),(30000006,151,0),(30000006,152,0),(30000007,2,0),(30000007,3,0),(30000007,4,0),(30000007,5,0),(30000007,6,0),(30000007,7,0),(30000007,8,0),(30000007,9,0),(30000007,10,0),(30000007,11,0),(30000007,12,0),(30000007,13,0),(30000007,14,0),(30000007,15,0),(30000007,16,0),(30000007,17,0),(30000007,18,0),(30000007,19,0),(30000007,20,0),(30000007,21,0),(30000007,22,0),(30000007,23,0),(30000007,24,0),(30000007,25,0),(30000007,26,0),(30000007,27,0),(30000007,28,0),(30000007,29,0),(30000007,30,0),(30000007,31,0),(30000007,32,0),(30000007,33,0),(30000007,34,0),(30000007,35,0),(30000007,36,0),(30000007,37,0),(30000007,38,0),(30000007,39,0),(30000007,40,0),(30000007,41,0),(30000007,42,0),(30000007,43,0),(30000007,44,0),(30000007,45,0),(30000007,46,0),(30000007,47,0),(30000007,48,0),(30000007,49,0),(30000007,50,0),(30000007,51,0),(30000007,52,0),(30000007,53,0),(30000007,54,0),(30000007,55,0),(30000007,56,0),(30000007,57,0),(30000007,58,0),(30000007,59,0),(30000007,60,0),(30000007,61,0),(30000007,62,0),(30000007,63,0),(30000007,64,0),(30000007,65,0),(30000007,66,0),(30000007,67,0),(30000007,68,0),(30000007,69,0),(30000007,70,0),(30000007,71,0),(30000007,72,0),(30000007,73,0),(30000007,74,0),(30000007,75,0),(30000007,76,0),(30000007,77,0),(30000007,78,0),(30000007,79,0),(30000007,80,0),(30000007,81,0),(30000007,82,0),(30000007,83,0),(30000007,84,0),(30000007,85,0),(30000007,86,0),(30000007,87,0),(30000007,88,0),(30000007,89,0),(30000007,90,0),(30000007,91,0),(30000007,92,0),(30000007,93,0),(30000007,94,0),(30000007,95,0),(30000007,96,0),(30000007,97,0),(30000007,98,0),(30000007,99,0),(30000007,100,0),(30000007,101,0),(30000007,102,0),(30000007,103,0),(30000007,104,0),(30000007,105,0),(30000007,106,0),(30000007,107,0),(30000007,108,0),(30000007,109,0),(30000007,110,0),(30000007,111,0),(30000007,112,0),(30000007,113,0),(30000007,114,0),(30000007,115,0),(30000007,116,0),(30000007,117,0),(30000007,118,0),(30000007,119,0),(30000007,120,0),(30000007,121,0),(30000007,122,0),(30000007,123,0),(30000007,124,0),(30000007,125,0),(30000007,126,0),(30000007,127,0),(30000007,128,0),(30000007,129,0),(30000007,130,0),(30000007,131,0),(30000007,132,0),(30000007,133,0),(30000007,134,0),(30000007,135,0),(30000007,136,0),(30000007,137,0),(30000007,138,0),(30000007,139,0),(30000007,140,0),(30000007,141,0),(30000007,142,0),(30000007,143,0),(30000007,144,0),(30000007,145,0),(30000007,146,0),(30000007,147,0),(30000007,148,0),(30000007,149,0),(30000007,150,0),(30000007,151,0),(30000007,152,0),(30000023,2,0),(30000023,3,0),(30000023,4,0),(30000023,5,0),(30000023,6,0),(30000023,7,0),(30000023,8,0),(30000023,9,0),(30000023,10,0),(30000023,11,0),(30000023,12,0),(30000023,13,0),(30000023,14,0),(30000023,15,0),(30000023,16,0),(30000023,17,0),(30000023,18,0),(30000023,19,0),(30000023,20,0),(30000023,21,0),(30000023,22,0),(30000023,23,0),(30000023,24,0),(30000023,25,0),(30000023,26,0),(30000023,27,0),(30000023,28,0),(30000023,29,0),(30000023,30,0),(30000023,31,0),(30000023,32,0),(30000023,33,0),(30000023,34,0),(30000023,35,0),(30000023,36,0),(30000023,37,0),(30000023,38,0),(30000023,39,0),(30000023,40,0),(30000023,41,0),(30000023,42,0),(30000023,43,0),(30000023,44,0),(30000023,45,0),(30000023,46,0),(30000023,47,0),(30000023,48,0),(30000023,49,0),(30000023,50,0),(30000023,51,0),(30000023,52,0),(30000023,53,0),(30000023,54,0),(30000023,55,0),(30000023,56,0),(30000023,57,0),(30000023,58,0),(30000023,59,0),(30000023,60,0),(30000023,61,0),(30000023,62,0),(30000023,63,0),(30000023,64,0),(30000023,65,0),(30000023,66,0),(30000023,67,0),(30000023,68,0),(30000023,69,0),(30000023,70,0),(30000023,71,0),(30000023,72,0),(30000023,73,0),(30000023,74,0),(30000023,75,0),(30000023,76,0),(30000023,77,0),(30000023,78,0),(30000023,79,0),(30000023,80,0),(30000023,81,0),(30000023,82,0),(30000023,83,0),(30000023,84,0),(30000023,85,0),(30000023,86,0),(30000023,87,0),(30000023,88,0),(30000023,89,0),(30000023,90,0),(30000023,91,0),(30000023,92,0),(30000023,93,0),(30000023,94,0),(30000023,95,0),(30000023,96,0),(30000023,97,0),(30000023,98,0),(30000023,99,0),(30000023,100,0),(30000023,101,0),(30000023,102,0),(30000023,103,0),(30000023,104,0),(30000023,105,0),(30000023,106,0),(30000023,107,0),(30000023,108,0),(30000023,109,0),(30000023,110,0),(30000023,111,0),(30000023,112,0),(30000023,113,0),(30000023,114,0),(30000023,115,0),(30000023,116,0),(30000023,117,0),(30000023,118,0),(30000023,119,0),(30000023,120,0),(30000023,121,0),(30000023,122,0),(30000023,123,0),(30000023,124,0),(30000023,125,0),(30000023,126,0),(30000023,127,0),(30000023,128,0),(30000023,129,0),(30000023,130,0),(30000023,131,0),(30000023,132,0),(30000023,133,0),(30000023,134,0),(30000023,135,0),(30000023,136,0),(30000023,137,0),(30000023,138,0),(30000023,139,0),(30000023,140,0),(30000023,141,0),(30000023,142,0),(30000023,143,0),(30000023,144,0),(30000023,145,0),(30000023,146,0),(30000023,147,0),(30000023,148,0),(30000023,149,0),(30000023,150,0),(30000023,151,0),(30000023,152,0),(30000024,2,0),(30000024,3,0),(30000024,4,0),(30000024,5,0),(30000024,6,0),(30000024,7,0),(30000024,8,0),(30000024,9,0),(30000024,10,0),(30000024,11,0),(30000024,12,0),(30000024,13,0),(30000024,14,0),(30000024,15,0),(30000024,16,0),(30000024,17,0),(30000024,18,0),(30000024,19,0),(30000024,20,0),(30000024,21,0),(30000024,22,0),(30000024,23,0),(30000024,24,0),(30000024,25,0),(30000024,26,0),(30000024,27,0),(30000024,28,0),(30000024,29,0),(30000024,30,0),(30000024,31,0),(30000024,32,0),(30000024,33,0),(30000024,34,0),(30000024,35,0),(30000024,36,0),(30000024,37,0),(30000024,38,0),(30000024,39,0),(30000024,40,0),(30000024,41,0),(30000024,42,0),(30000024,43,0),(30000024,44,0),(30000024,45,0),(30000024,46,0),(30000024,47,0),(30000024,48,0),(30000024,49,0),(30000024,50,0),(30000024,51,0),(30000024,52,0),(30000024,53,0),(30000024,54,0),(30000024,55,0),(30000024,56,0),(30000024,57,0),(30000024,58,0),(30000024,59,0),(30000024,60,0),(30000024,61,0),(30000024,62,0),(30000024,63,0),(30000024,64,0),(30000024,65,0),(30000024,66,0),(30000024,67,0),(30000024,68,0),(30000024,69,0),(30000024,70,0),(30000024,71,0),(30000024,72,0),(30000024,73,0),(30000024,74,0),(30000024,75,0),(30000024,76,0),(30000024,77,0),(30000024,78,0),(30000024,79,0),(30000024,80,0),(30000024,81,0),(30000024,82,0),(30000024,83,0),(30000024,84,0),(30000024,85,0),(30000024,86,0),(30000024,87,0),(30000024,88,0),(30000024,89,0),(30000024,90,0),(30000024,91,0),(30000024,92,0),(30000024,93,0),(30000024,94,0),(30000024,95,0),(30000024,96,0),(30000024,97,0),(30000024,98,0),(30000024,99,0),(30000024,100,0),(30000024,101,0),(30000024,102,0),(30000024,103,0),(30000024,104,0),(30000024,105,0),(30000024,106,0),(30000024,107,0),(30000024,108,0),(30000024,109,0),(30000024,110,0),(30000024,111,0),(30000024,112,0),(30000024,113,0),(30000024,114,0),(30000024,115,0),(30000024,116,0),(30000024,117,0),(30000024,118,0),(30000024,119,0),(30000024,120,0),(30000024,121,0),(30000024,122,0),(30000024,123,0),(30000024,124,0),(30000024,125,0),(30000024,126,0),(30000024,127,0),(30000024,128,0),(30000024,129,0),(30000024,130,0),(30000024,131,0),(30000024,132,0),(30000024,133,0),(30000024,134,0),(30000024,135,0),(30000024,136,0),(30000024,137,0),(30000024,138,0),(30000024,139,0),(30000024,140,0),(30000024,141,0),(30000024,142,0),(30000024,143,0),(30000024,144,0),(30000024,145,0),(30000024,146,0),(30000024,147,0),(30000024,148,0),(30000024,149,0),(30000024,150,0),(30000024,151,0),(30000024,152,0),(30000031,2,0),(30000031,3,0),(30000031,4,0),(30000031,5,0),(30000031,6,0),(30000031,7,0),(30000031,8,0),(30000031,9,0),(30000031,10,0),(30000031,11,0),(30000031,12,0),(30000031,13,0),(30000031,14,0),(30000031,15,0),(30000031,16,0),(30000031,17,0),(30000031,18,0),(30000031,19,0),(30000031,20,0),(30000031,21,0),(30000031,22,0),(30000031,23,0),(30000031,24,0),(30000031,25,0),(30000031,26,0),(30000031,27,0),(30000031,28,0),(30000031,29,0),(30000031,30,0),(30000031,31,0),(30000031,32,0),(30000031,33,0),(30000031,34,0),(30000031,35,0),(30000031,36,0),(30000031,37,0),(30000031,38,0),(30000031,39,0),(30000031,40,0),(30000031,41,0),(30000031,42,0),(30000031,43,0),(30000031,44,0),(30000031,45,0),(30000031,46,0),(30000031,47,0),(30000031,48,0),(30000031,49,0),(30000031,50,0),(30000031,51,0),(30000031,52,0),(30000031,53,0),(30000031,54,0),(30000031,55,0),(30000031,56,0),(30000031,57,0),(30000031,58,0),(30000031,59,0),(30000031,60,0),(30000031,61,0),(30000031,62,0),(30000031,63,0),(30000031,64,0),(30000031,65,0),(30000031,66,0),(30000031,67,0),(30000031,68,0),(30000031,69,0),(30000031,70,0),(30000031,71,0),(30000031,72,0),(30000031,73,0),(30000031,74,0),(30000031,75,0),(30000031,76,0),(30000031,77,0),(30000031,78,0),(30000031,79,0),(30000031,80,0),(30000031,81,0),(30000031,82,0),(30000031,83,0),(30000031,84,0),(30000031,85,0),(30000031,86,0),(30000031,87,0),(30000031,88,0),(30000031,89,0),(30000031,90,0),(30000031,91,0),(30000031,92,0),(30000031,93,0),(30000031,94,0),(30000031,95,0),(30000031,96,0),(30000031,97,0),(30000031,98,0),(30000031,99,0),(30000031,100,0),(30000031,101,0),(30000031,102,0),(30000031,103,0),(30000031,104,0),(30000031,105,0),(30000031,106,0),(30000031,107,0),(30000031,108,0),(30000031,109,0),(30000031,110,0),(30000031,111,0),(30000031,112,0),(30000031,113,0),(30000031,114,0),(30000031,115,0),(30000031,116,0),(30000031,117,0),(30000031,118,0),(30000031,119,0),(30000031,120,0),(30000031,121,0),(30000031,122,0),(30000031,123,0),(30000031,124,0),(30000031,125,0),(30000031,126,0),(30000031,127,0),(30000031,128,0),(30000031,129,0),(30000031,130,0),(30000031,131,0),(30000031,132,0),(30000031,133,0),(30000031,134,0),(30000031,135,0),(30000031,136,0),(30000031,137,0),(30000031,138,0),(30000031,139,0),(30000031,140,0),(30000031,141,0),(30000031,142,0),(30000031,143,0),(30000031,144,0),(30000031,145,0),(30000031,146,0),(30000031,147,0),(30000031,148,0),(30000031,149,0),(30000031,150,0),(30000031,151,0),(30000031,152,0),(30000035,2,0),(30000035,3,0),(30000035,4,0),(30000035,5,0),(30000035,6,0),(30000035,7,0),(30000035,8,0),(30000035,9,0),(30000035,10,0),(30000035,11,0),(30000035,12,0),(30000035,13,0),(30000035,14,0),(30000035,15,0),(30000035,16,0),(30000035,17,0),(30000035,18,0),(30000035,19,0),(30000035,20,0),(30000035,21,0),(30000035,22,0),(30000035,23,0),(30000035,24,0),(30000035,25,0),(30000035,26,0),(30000035,27,0),(30000035,28,0),(30000035,29,0),(30000035,30,0),(30000035,31,0),(30000035,32,0),(30000035,33,0),(30000035,34,0),(30000035,35,0),(30000035,36,0),(30000035,37,0),(30000035,38,0),(30000035,39,0),(30000035,40,0),(30000035,41,0),(30000035,42,0),(30000035,43,0),(30000035,44,0),(30000035,45,0),(30000035,46,0),(30000035,47,0),(30000035,48,0),(30000035,49,0),(30000035,50,0),(30000035,51,0),(30000035,52,0),(30000035,53,0),(30000035,54,0),(30000035,55,0),(30000035,56,0),(30000035,57,0),(30000035,58,0),(30000035,59,0),(30000035,60,0),(30000035,61,0),(30000035,62,0),(30000035,63,0),(30000035,64,0),(30000035,65,0),(30000035,66,0),(30000035,67,0),(30000035,68,0),(30000035,69,0),(30000035,70,0),(30000035,71,0),(30000035,72,0),(30000035,73,0),(30000035,74,0),(30000035,75,0),(30000035,76,0),(30000035,77,0),(30000035,78,0),(30000035,79,0),(30000035,80,0),(30000035,81,0),(30000035,82,0),(30000035,83,0),(30000035,84,0),(30000035,85,0),(30000035,86,0),(30000035,87,0),(30000035,88,0),(30000035,89,0),(30000035,90,0),(30000035,91,0),(30000035,92,0),(30000035,93,0),(30000035,94,0),(30000035,95,0),(30000035,96,0),(30000035,97,0),(30000035,98,0),(30000035,99,0),(30000035,100,0),(30000035,101,0),(30000035,102,0),(30000035,103,0),(30000035,104,0),(30000035,105,0),(30000035,106,0),(30000035,107,0),(30000035,108,0),(30000035,109,0),(30000035,110,0),(30000035,111,0),(30000035,112,0),(30000035,113,0),(30000035,114,0),(30000035,115,0),(30000035,116,0),(30000035,117,0),(30000035,118,0),(30000035,119,0),(30000035,120,0),(30000035,121,0),(30000035,122,0),(30000035,123,0),(30000035,124,0),(30000035,125,0),(30000035,126,0),(30000035,127,0),(30000035,128,0),(30000035,129,0),(30000035,130,0),(30000035,131,0),(30000035,132,0),(30000035,133,0),(30000035,134,0),(30000035,135,0),(30000035,136,0),(30000035,137,0),(30000035,138,0),(30000035,139,0),(30000035,140,0),(30000035,141,0),(30000035,142,0),(30000035,143,0),(30000035,144,0),(30000035,145,0),(30000035,146,0),(30000035,147,0),(30000035,148,0),(30000035,149,0),(30000035,150,0),(30000035,151,0),(30000035,152,0),(30000039,2,0),(30000039,3,0),(30000039,4,0),(30000039,5,0),(30000039,6,0),(30000039,7,0),(30000039,8,0),(30000039,9,0),(30000039,10,0),(30000039,11,0),(30000039,12,0),(30000039,13,0),(30000039,14,0),(30000039,15,0),(30000039,16,0),(30000039,17,0),(30000039,18,0),(30000039,19,0),(30000039,20,0),(30000039,21,0),(30000039,22,0),(30000039,23,0),(30000039,24,0),(30000039,25,0),(30000039,26,0),(30000039,27,0),(30000039,28,0),(30000039,29,0),(30000039,30,0),(30000039,31,0),(30000039,32,0),(30000039,33,0),(30000039,34,0),(30000039,35,0),(30000039,36,0),(30000039,37,0),(30000039,38,0),(30000039,39,0),(30000039,40,0),(30000039,41,0),(30000039,42,0),(30000039,43,0),(30000039,44,0),(30000039,45,0),(30000039,46,0),(30000039,47,0),(30000039,48,0),(30000039,49,0),(30000039,50,0),(30000039,51,0),(30000039,52,0),(30000039,53,0),(30000039,54,0),(30000039,55,0),(30000039,56,0),(30000039,57,0),(30000039,58,0),(30000039,59,0),(30000039,60,0),(30000039,61,0),(30000039,62,0),(30000039,63,0),(30000039,64,0),(30000039,65,0),(30000039,66,0),(30000039,67,0),(30000039,68,0),(30000039,69,0),(30000039,70,0),(30000039,71,0),(30000039,72,0),(30000039,73,0),(30000039,74,0),(30000039,75,0),(30000039,76,0),(30000039,77,0),(30000039,78,0),(30000039,79,0),(30000039,80,0),(30000039,81,0),(30000039,82,0),(30000039,83,0),(30000039,84,0),(30000039,85,0),(30000039,86,0),(30000039,87,0),(30000039,88,0),(30000039,89,0),(30000039,90,0),(30000039,91,0),(30000039,92,0),(30000039,93,0),(30000039,94,0),(30000039,95,0),(30000039,96,0),(30000039,97,0),(30000039,98,0),(30000039,99,0),(30000039,100,0),(30000039,101,0),(30000039,102,0),(30000039,103,0),(30000039,104,0),(30000039,105,0),(30000039,106,0),(30000039,107,0),(30000039,108,0),(30000039,109,0),(30000039,110,0),(30000039,111,0),(30000039,112,0),(30000039,113,0),(30000039,114,0),(30000039,115,0),(30000039,116,0),(30000039,117,0),(30000039,118,0),(30000039,119,0),(30000039,120,0),(30000039,121,0),(30000039,122,0),(30000039,123,0),(30000039,124,0),(30000039,125,0),(30000039,126,0),(30000039,127,0),(30000039,128,0),(30000039,129,0),(30000039,130,0),(30000039,131,0),(30000039,132,0),(30000039,133,0),(30000039,134,0),(30000039,135,0),(30000039,136,0),(30000039,137,0),(30000039,138,0),(30000039,139,0),(30000039,140,0),(30000039,141,0),(30000039,142,0),(30000039,143,0),(30000039,144,0),(30000039,145,0),(30000039,146,0),(30000039,147,0),(30000039,148,0),(30000039,149,0),(30000039,150,0),(30000039,151,0),(30000039,152,0),(30000040,2,0),(30000040,3,0),(30000040,4,0),(30000040,5,0),(30000040,6,0),(30000040,7,0),(30000040,8,0),(30000040,9,0),(30000040,10,0),(30000040,11,0),(30000040,12,0),(30000040,13,0),(30000040,14,0),(30000040,15,0),(30000040,16,0),(30000040,17,0),(30000040,18,0),(30000040,19,0),(30000040,20,0),(30000040,21,0),(30000040,22,0),(30000040,23,0),(30000040,24,0),(30000040,25,0),(30000040,26,0),(30000040,27,0),(30000040,28,0),(30000040,29,0),(30000040,30,0),(30000040,31,0),(30000040,32,0),(30000040,33,0),(30000040,34,0),(30000040,35,0),(30000040,36,0),(30000040,37,0),(30000040,38,0),(30000040,39,0),(30000040,40,0),(30000040,41,0),(30000040,42,0),(30000040,43,0),(30000040,44,0),(30000040,45,0),(30000040,46,0),(30000040,47,0),(30000040,48,0),(30000040,49,0),(30000040,50,0),(30000040,51,0),(30000040,52,0),(30000040,53,0),(30000040,54,0),(30000040,55,0),(30000040,56,0),(30000040,57,0),(30000040,58,0),(30000040,59,0),(30000040,60,0),(30000040,61,0),(30000040,62,0),(30000040,63,0),(30000040,64,0),(30000040,65,0),(30000040,66,0),(30000040,67,0),(30000040,68,0),(30000040,69,0),(30000040,70,0),(30000040,71,0),(30000040,72,0),(30000040,73,0),(30000040,74,0),(30000040,75,0),(30000040,76,0),(30000040,77,0),(30000040,78,0),(30000040,79,0),(30000040,80,0),(30000040,81,0),(30000040,82,0),(30000040,83,0),(30000040,84,0),(30000040,85,0),(30000040,86,0),(30000040,87,0),(30000040,88,0),(30000040,89,0),(30000040,90,0),(30000040,91,0),(30000040,92,0),(30000040,93,0),(30000040,94,0),(30000040,95,0),(30000040,96,0),(30000040,97,0),(30000040,98,0),(30000040,99,0),(30000040,100,0),(30000040,101,0),(30000040,102,0),(30000040,103,0),(30000040,104,0),(30000040,105,0),(30000040,106,0),(30000040,107,0),(30000040,108,0),(30000040,109,0),(30000040,110,0),(30000040,111,0),(30000040,112,0),(30000040,113,0),(30000040,114,0),(30000040,115,0),(30000040,116,0),(30000040,117,0),(30000040,118,0),(30000040,119,0),(30000040,120,0),(30000040,121,0),(30000040,122,0),(30000040,123,0),(30000040,124,0),(30000040,125,0),(30000040,126,0),(30000040,127,0),(30000040,128,0),(30000040,129,0),(30000040,130,0),(30000040,131,0),(30000040,132,0),(30000040,133,0),(30000040,134,0),(30000040,135,0),(30000040,136,0),(30000040,137,0),(30000040,138,0),(30000040,139,0),(30000040,140,0),(30000040,141,0),(30000040,142,0),(30000040,143,0),(30000040,144,0),(30000040,145,0),(30000040,146,0),(30000040,147,0),(30000040,148,0),(30000040,149,0),(30000040,150,0),(30000040,151,0),(30000040,152,0),(30000041,2,0),(30000041,3,0),(30000041,4,0),(30000041,5,0),(30000041,6,0),(30000041,7,0),(30000041,8,0),(30000041,9,0),(30000041,10,0),(30000041,11,0),(30000041,12,0),(30000041,13,0),(30000041,14,0),(30000041,15,0),(30000041,16,0),(30000041,17,0),(30000041,18,0),(30000041,19,0),(30000041,20,0),(30000041,21,0),(30000041,22,0),(30000041,23,0),(30000041,24,0),(30000041,25,0),(30000041,26,0),(30000041,27,0),(30000041,28,0),(30000041,29,0),(30000041,30,0),(30000041,31,0),(30000041,32,0),(30000041,33,0),(30000041,34,0),(30000041,35,0),(30000041,36,0),(30000041,37,0),(30000041,38,0),(30000041,39,0),(30000041,40,0),(30000041,41,0),(30000041,42,0),(30000041,43,0),(30000041,44,0),(30000041,45,0),(30000041,46,0),(30000041,47,0),(30000041,48,0),(30000041,49,0),(30000041,50,0),(30000041,51,0),(30000041,52,0),(30000041,53,0),(30000041,54,0),(30000041,55,0),(30000041,56,0),(30000041,57,0),(30000041,58,0),(30000041,59,0),(30000041,60,0),(30000041,61,0),(30000041,62,0),(30000041,63,0),(30000041,64,0),(30000041,65,0),(30000041,66,0),(30000041,67,0),(30000041,68,0),(30000041,69,0),(30000041,70,0),(30000041,71,0),(30000041,72,0),(30000041,73,0),(30000041,74,0),(30000041,75,0),(30000041,76,0),(30000041,77,0),(30000041,78,0),(30000041,79,0),(30000041,80,0),(30000041,81,0),(30000041,82,0),(30000041,83,0),(30000041,84,0),(30000041,85,0),(30000041,86,0),(30000041,87,0),(30000041,88,0),(30000041,89,0),(30000041,90,0),(30000041,91,0),(30000041,92,0),(30000041,93,0),(30000041,94,0),(30000041,95,0),(30000041,96,0),(30000041,97,0),(30000041,98,0),(30000041,99,0),(30000041,100,0),(30000041,101,0),(30000041,102,0),(30000041,103,0),(30000041,104,0),(30000041,105,0),(30000041,106,0),(30000041,107,0),(30000041,108,0),(30000041,109,0),(30000041,110,0),(30000041,111,0),(30000041,112,0),(30000041,113,0),(30000041,114,0),(30000041,115,0),(30000041,116,0),(30000041,117,0),(30000041,118,0),(30000041,119,0),(30000041,120,0),(30000041,121,0),(30000041,122,0),(30000041,123,0),(30000041,124,0),(30000041,125,0),(30000041,126,0),(30000041,127,0),(30000041,128,0),(30000041,129,0),(30000041,130,0),(30000041,131,0),(30000041,132,0),(30000041,133,0),(30000041,134,0),(30000041,135,0),(30000041,136,0),(30000041,137,0),(30000041,138,0),(30000041,139,0),(30000041,140,0),(30000041,141,0),(30000041,142,0),(30000041,143,0),(30000041,144,0),(30000041,145,0),(30000041,146,0),(30000041,147,0),(30000041,148,0),(30000041,149,0),(30000041,150,0),(30000041,151,0),(30000041,152,0),(30000042,2,0),(30000042,3,0),(30000042,4,0),(30000042,5,0),(30000042,6,0),(30000042,7,0),(30000042,8,0),(30000042,9,0),(30000042,10,0),(30000042,11,0),(30000042,12,0),(30000042,13,0),(30000042,14,0),(30000042,15,0),(30000042,16,0),(30000042,17,0),(30000042,18,0),(30000042,19,0),(30000042,20,0),(30000042,21,0),(30000042,22,0),(30000042,23,0),(30000042,24,0),(30000042,25,0),(30000042,26,0),(30000042,27,0),(30000042,28,0),(30000042,29,0),(30000042,30,0),(30000042,31,0),(30000042,32,0),(30000042,33,0),(30000042,34,0),(30000042,35,0),(30000042,36,0),(30000042,37,0),(30000042,38,0),(30000042,39,0),(30000042,40,0),(30000042,41,0),(30000042,42,0),(30000042,43,0),(30000042,44,0),(30000042,45,0),(30000042,46,0),(30000042,47,0),(30000042,48,0),(30000042,49,0),(30000042,50,0),(30000042,51,0),(30000042,52,0),(30000042,53,0),(30000042,54,0),(30000042,55,0),(30000042,56,0),(30000042,57,0),(30000042,58,0),(30000042,59,0),(30000042,60,0),(30000042,61,0),(30000042,62,0),(30000042,63,0),(30000042,64,0),(30000042,65,0),(30000042,66,0),(30000042,67,0),(30000042,68,0),(30000042,69,0),(30000042,70,0),(30000042,71,0),(30000042,72,0),(30000042,73,0),(30000042,74,0),(30000042,75,0),(30000042,76,0),(30000042,77,0),(30000042,78,0),(30000042,79,0),(30000042,80,0),(30000042,81,0),(30000042,82,0),(30000042,83,0),(30000042,84,0),(30000042,85,0),(30000042,86,0),(30000042,87,0),(30000042,88,0),(30000042,89,0),(30000042,90,0),(30000042,91,0),(30000042,92,0),(30000042,93,0),(30000042,94,0),(30000042,95,0),(30000042,96,0),(30000042,97,0),(30000042,98,0),(30000042,99,0),(30000042,100,0),(30000042,101,0),(30000042,102,0),(30000042,103,0),(30000042,104,0),(30000042,105,0),(30000042,106,0),(30000042,107,0),(30000042,108,0),(30000042,109,0),(30000042,110,0),(30000042,111,0),(30000042,112,0),(30000042,113,0),(30000042,114,0),(30000042,115,0),(30000042,116,0),(30000042,117,0),(30000042,118,0),(30000042,119,0),(30000042,120,0),(30000042,121,0),(30000042,122,0),(30000042,123,0),(30000042,124,0),(30000042,125,0),(30000042,126,0),(30000042,127,0),(30000042,128,0),(30000042,129,0),(30000042,130,0),(30000042,131,0),(30000042,132,0),(30000042,133,0),(30000042,134,0),(30000042,135,0),(30000042,136,0),(30000042,137,0),(30000042,138,0),(30000042,139,0),(30000042,140,0),(30000042,141,0),(30000042,142,0),(30000042,143,0),(30000042,144,0),(30000042,145,0),(30000042,146,0),(30000042,147,0),(30000042,148,0),(30000042,149,0),(30000042,150,0),(30000042,151,0),(30000042,152,0),(30000044,2,0),(30000044,3,0),(30000044,4,0),(30000044,5,0),(30000044,6,0),(30000044,7,0),(30000044,8,0),(30000044,9,0),(30000044,10,0),(30000044,11,0),(30000044,12,0),(30000044,13,0),(30000044,14,0),(30000044,15,0),(30000044,16,0),(30000044,17,0),(30000044,18,0),(30000044,19,0),(30000044,20,0),(30000044,21,0),(30000044,22,0),(30000044,23,0),(30000044,24,0),(30000044,25,0),(30000044,26,0),(30000044,27,0),(30000044,28,0),(30000044,29,0),(30000044,30,0),(30000044,31,0),(30000044,32,0),(30000044,33,0),(30000044,34,0),(30000044,35,0),(30000044,36,0),(30000044,37,0),(30000044,38,0),(30000044,39,0),(30000044,40,0),(30000044,41,0),(30000044,42,0),(30000044,43,0),(30000044,44,0),(30000044,45,0),(30000044,46,0),(30000044,47,0),(30000044,48,0),(30000044,49,0),(30000044,50,0),(30000044,51,0),(30000044,52,0),(30000044,53,0),(30000044,54,0),(30000044,55,0),(30000044,56,0),(30000044,57,0),(30000044,58,0),(30000044,59,0),(30000044,60,0),(30000044,61,0),(30000044,62,0),(30000044,63,0),(30000044,64,0),(30000044,65,0),(30000044,66,0),(30000044,67,0),(30000044,68,0),(30000044,69,0),(30000044,70,0),(30000044,71,0),(30000044,72,0),(30000044,73,0),(30000044,74,0),(30000044,75,0),(30000044,76,0),(30000044,77,0),(30000044,78,0),(30000044,79,0),(30000044,80,0),(30000044,81,0),(30000044,82,0),(30000044,83,0),(30000044,84,0),(30000044,85,0),(30000044,86,0),(30000044,87,0),(30000044,88,0),(30000044,89,0),(30000044,90,0),(30000044,91,0),(30000044,92,0),(30000044,93,0),(30000044,94,0),(30000044,95,0),(30000044,96,0),(30000044,97,0),(30000044,98,0),(30000044,99,0),(30000044,100,0),(30000044,101,0),(30000044,102,0),(30000044,103,0),(30000044,104,0),(30000044,105,0),(30000044,106,0),(30000044,107,0),(30000044,108,0),(30000044,109,0),(30000044,110,0),(30000044,111,0),(30000044,112,0),(30000044,113,0),(30000044,114,0),(30000044,115,0),(30000044,116,0),(30000044,117,0),(30000044,118,0),(30000044,119,0),(30000044,120,0),(30000044,121,0),(30000044,122,0),(30000044,123,0),(30000044,124,0),(30000044,125,0),(30000044,126,0),(30000044,127,0),(30000044,128,0),(30000044,129,0),(30000044,130,0),(30000044,131,0),(30000044,132,0),(30000044,133,0),(30000044,134,0),(30000044,135,0),(30000044,136,0),(30000044,137,0),(30000044,138,0),(30000044,139,0),(30000044,140,0),(30000044,141,0),(30000044,142,0),(30000044,143,0),(30000044,144,0),(30000044,145,0),(30000044,146,0),(30000044,147,0),(30000044,148,0),(30000044,149,0),(30000044,150,0),(30000044,151,0),(30000044,152,0),(30000045,2,0),(30000045,3,0),(30000045,4,0),(30000045,5,0),(30000045,6,0),(30000045,7,0),(30000045,8,0),(30000045,9,0),(30000045,10,0),(30000045,11,0),(30000045,12,0),(30000045,13,0),(30000045,14,0),(30000045,15,0),(30000045,16,0),(30000045,17,0),(30000045,18,0),(30000045,19,0),(30000045,20,0),(30000045,21,0),(30000045,22,0),(30000045,23,0),(30000045,24,0),(30000045,25,0),(30000045,26,0),(30000045,27,0),(30000045,28,0),(30000045,29,0),(30000045,30,0),(30000045,31,0),(30000045,32,0),(30000045,33,0),(30000045,34,0),(30000045,35,0),(30000045,36,0),(30000045,37,0),(30000045,38,0),(30000045,39,0),(30000045,40,0),(30000045,41,0),(30000045,42,0),(30000045,43,0),(30000045,44,0),(30000045,45,0),(30000045,46,0),(30000045,47,0),(30000045,48,0),(30000045,49,0),(30000045,50,0),(30000045,51,0),(30000045,52,0),(30000045,53,0),(30000045,54,0),(30000045,55,0),(30000045,56,0),(30000045,57,0),(30000045,58,0),(30000045,59,0),(30000045,60,0),(30000045,61,0),(30000045,62,0),(30000045,63,0),(30000045,64,0),(30000045,65,0),(30000045,66,0),(30000045,67,0),(30000045,68,0),(30000045,69,0),(30000045,70,0),(30000045,71,0),(30000045,72,0),(30000045,73,0),(30000045,74,0),(30000045,75,0),(30000045,76,0),(30000045,77,0),(30000045,78,0),(30000045,79,0),(30000045,80,0),(30000045,81,0),(30000045,82,0),(30000045,83,0),(30000045,84,0),(30000045,85,0),(30000045,86,0),(30000045,87,0),(30000045,88,0),(30000045,89,0),(30000045,90,0),(30000045,91,0),(30000045,92,0),(30000045,93,0),(30000045,94,0),(30000045,95,0),(30000045,96,0),(30000045,97,0),(30000045,98,0),(30000045,99,0),(30000045,100,0),(30000045,101,0),(30000045,102,0),(30000045,103,0),(30000045,104,0),(30000045,105,0),(30000045,106,0),(30000045,107,0),(30000045,108,0),(30000045,109,0),(30000045,110,0),(30000045,111,0),(30000045,112,0),(30000045,113,0),(30000045,114,0),(30000045,115,0),(30000045,116,0),(30000045,117,0),(30000045,118,0),(30000045,119,0),(30000045,120,0),(30000045,121,0),(30000045,122,0),(30000045,123,0),(30000045,124,0),(30000045,125,0),(30000045,126,0),(30000045,127,0),(30000045,128,0),(30000045,129,0),(30000045,130,0),(30000045,131,0),(30000045,132,0),(30000045,133,0),(30000045,134,0),(30000045,135,0),(30000045,136,0),(30000045,137,0),(30000045,138,0),(30000045,139,0),(30000045,140,0),(30000045,141,0),(30000045,142,0),(30000045,143,0),(30000045,144,0),(30000045,145,0),(30000045,146,0),(30000045,147,0),(30000045,148,0),(30000045,149,0),(30000045,150,0),(30000045,151,0),(30000045,152,0),(30000050,2,0),(30000050,3,0),(30000050,4,0),(30000050,5,0),(30000050,6,0),(30000050,7,0),(30000050,8,0),(30000050,9,0),(30000050,10,0),(30000050,11,0),(30000050,12,0),(30000050,13,0),(30000050,14,0),(30000050,15,0),(30000050,16,0),(30000050,17,0),(30000050,18,0),(30000050,19,0),(30000050,20,0),(30000050,21,0),(30000050,22,0),(30000050,23,0),(30000050,24,0),(30000050,25,0),(30000050,26,0),(30000050,27,0),(30000050,28,0),(30000050,29,0),(30000050,30,0),(30000050,31,0),(30000050,32,0),(30000050,33,0),(30000050,34,0),(30000050,35,0),(30000050,36,0),(30000050,37,0),(30000050,38,0),(30000050,39,0),(30000050,40,0),(30000050,41,0),(30000050,42,0),(30000050,43,0),(30000050,44,0),(30000050,45,0),(30000050,46,0),(30000050,47,0),(30000050,48,0),(30000050,49,0),(30000050,50,0),(30000050,51,0),(30000050,52,0),(30000050,53,0),(30000050,54,0),(30000050,55,0),(30000050,56,0),(30000050,57,0),(30000050,58,0),(30000050,59,0),(30000050,60,0),(30000050,61,0),(30000050,62,0),(30000050,63,0),(30000050,64,0),(30000050,65,0),(30000050,66,0),(30000050,67,0),(30000050,68,0),(30000050,69,0),(30000050,70,0),(30000050,71,0),(30000050,72,0),(30000050,73,0),(30000050,74,0),(30000050,75,0),(30000050,76,0),(30000050,77,0),(30000050,78,0),(30000050,79,0),(30000050,80,0),(30000050,81,0),(30000050,82,0),(30000050,83,0),(30000050,84,0),(30000050,85,0),(30000050,86,0),(30000050,87,0),(30000050,88,0),(30000050,89,0),(30000050,90,0),(30000050,91,0),(30000050,92,0),(30000050,93,0),(30000050,94,0),(30000050,95,0),(30000050,96,0),(30000050,97,0),(30000050,98,0),(30000050,99,0),(30000050,100,0),(30000050,101,0),(30000050,102,0),(30000050,103,0),(30000050,104,0),(30000050,105,0),(30000050,106,0),(30000050,107,0),(30000050,108,0),(30000050,109,0),(30000050,110,0),(30000050,111,0),(30000050,112,0),(30000050,113,0),(30000050,114,0),(30000050,115,0),(30000050,116,0),(30000050,117,0),(30000050,118,0),(30000050,119,0),(30000050,120,0),(30000050,121,0),(30000050,122,0),(30000050,123,0),(30000050,124,0),(30000050,125,0),(30000050,126,0),(30000050,127,0),(30000050,128,0),(30000050,129,0),(30000050,130,0),(30000050,131,0),(30000050,132,0),(30000050,133,0),(30000050,134,0),(30000050,135,0),(30000050,136,0),(30000050,137,0),(30000050,138,0),(30000050,139,0),(30000050,140,0),(30000050,141,0),(30000050,142,0),(30000050,143,0),(30000050,144,0),(30000050,145,0),(30000050,146,0),(30000050,147,0),(30000050,148,0),(30000050,149,0),(30000050,150,0),(30000050,151,0),(30000050,152,0),(30000051,2,0),(30000051,3,0),(30000051,4,0),(30000051,5,0),(30000051,6,0),(30000051,7,0),(30000051,8,0),(30000051,9,0),(30000051,10,0),(30000051,11,0),(30000051,12,0),(30000051,13,0),(30000051,14,0),(30000051,15,0),(30000051,16,0),(30000051,17,0),(30000051,18,0),(30000051,19,0),(30000051,20,0),(30000051,21,0),(30000051,22,0),(30000051,23,0),(30000051,24,0),(30000051,25,0),(30000051,26,0),(30000051,27,0),(30000051,28,0),(30000051,29,0),(30000051,30,0),(30000051,31,0),(30000051,32,0),(30000051,33,0),(30000051,34,0),(30000051,35,0),(30000051,36,0),(30000051,37,0),(30000051,38,0),(30000051,39,0),(30000051,40,0),(30000051,41,0),(30000051,42,0),(30000051,43,0),(30000051,44,0),(30000051,45,0),(30000051,46,0),(30000051,47,0),(30000051,48,0),(30000051,49,0),(30000051,50,0),(30000051,51,0),(30000051,52,0),(30000051,53,0),(30000051,54,0),(30000051,55,0),(30000051,56,0),(30000051,57,0),(30000051,58,0),(30000051,59,0),(30000051,60,0),(30000051,61,0),(30000051,62,0),(30000051,63,0),(30000051,64,0),(30000051,65,0),(30000051,66,0),(30000051,67,0),(30000051,68,0),(30000051,69,0),(30000051,70,0),(30000051,71,0),(30000051,72,0),(30000051,73,0),(30000051,74,0),(30000051,75,0),(30000051,76,0),(30000051,77,0),(30000051,78,0),(30000051,79,0),(30000051,80,0),(30000051,81,0),(30000051,82,0),(30000051,83,0),(30000051,84,0),(30000051,85,0),(30000051,86,0),(30000051,87,0),(30000051,88,0),(30000051,89,0),(30000051,90,0),(30000051,91,0),(30000051,92,0),(30000051,93,0),(30000051,94,0),(30000051,95,0),(30000051,96,0),(30000051,97,0),(30000051,98,0),(30000051,99,0),(30000051,100,0),(30000051,101,0),(30000051,102,0),(30000051,103,0),(30000051,104,0),(30000051,105,0),(30000051,106,0),(30000051,107,0),(30000051,108,0),(30000051,109,0),(30000051,110,0),(30000051,111,0),(30000051,112,0),(30000051,113,0),(30000051,114,0),(30000051,115,0),(30000051,116,0),(30000051,117,0),(30000051,118,0),(30000051,119,0),(30000051,120,0),(30000051,121,0),(30000051,122,0),(30000051,123,0),(30000051,124,0),(30000051,125,0),(30000051,126,0),(30000051,127,0),(30000051,128,0),(30000051,129,0),(30000051,130,0),(30000051,131,0),(30000051,132,0),(30000051,133,0),(30000051,134,0),(30000051,135,0),(30000051,136,0),(30000051,137,0),(30000051,138,0),(30000051,139,0),(30000051,140,0),(30000051,141,0),(30000051,142,0),(30000051,143,0),(30000051,144,0),(30000051,145,0),(30000051,146,0),(30000051,147,0),(30000051,148,0),(30000051,149,0),(30000051,150,0),(30000051,151,0),(30000051,152,0),(30000058,2,0),(30000058,3,0),(30000058,4,0),(30000058,5,0),(30000058,6,0),(30000058,7,0),(30000058,8,0),(30000058,9,0),(30000058,10,0),(30000058,11,0),(30000058,12,0),(30000058,13,0),(30000058,14,0),(30000058,15,0),(30000058,16,0),(30000058,17,0),(30000058,18,0),(30000058,19,0),(30000058,20,0),(30000058,21,0),(30000058,22,0),(30000058,23,0),(30000058,24,0),(30000058,25,0),(30000058,26,0),(30000058,27,0),(30000058,28,0),(30000058,29,0),(30000058,30,0),(30000058,31,0),(30000058,32,0),(30000058,33,0),(30000058,34,0),(30000058,35,0),(30000058,36,0),(30000058,37,0),(30000058,38,0),(30000058,39,0),(30000058,40,0),(30000058,41,0),(30000058,42,0),(30000058,43,0),(30000058,44,0),(30000058,45,0),(30000058,46,0),(30000058,47,0),(30000058,48,0),(30000058,49,0),(30000058,50,0),(30000058,51,0),(30000058,52,0),(30000058,53,0),(30000058,54,0),(30000058,55,0),(30000058,56,0),(30000058,57,0),(30000058,58,0),(30000058,59,0),(30000058,60,0),(30000058,61,0),(30000058,62,0),(30000058,63,0),(30000058,64,0),(30000058,65,0),(30000058,66,0),(30000058,67,0),(30000058,68,0),(30000058,69,0),(30000058,70,0),(30000058,71,0),(30000058,72,0),(30000058,73,0),(30000058,74,0),(30000058,75,0),(30000058,76,0),(30000058,77,0),(30000058,78,0),(30000058,79,0),(30000058,80,0),(30000058,81,0),(30000058,82,0),(30000058,83,0),(30000058,84,0),(30000058,85,0),(30000058,86,0),(30000058,87,0),(30000058,88,0),(30000058,89,0),(30000058,90,0),(30000058,91,0),(30000058,92,0),(30000058,93,0),(30000058,94,0),(30000058,95,0),(30000058,96,0),(30000058,97,0),(30000058,98,0),(30000058,99,0),(30000058,100,0),(30000058,101,0),(30000058,102,0),(30000058,103,0),(30000058,104,0),(30000058,105,0),(30000058,106,0),(30000058,107,0),(30000058,108,0),(30000058,109,0),(30000058,110,0),(30000058,111,0),(30000058,112,0),(30000058,113,0),(30000058,114,0),(30000058,115,0),(30000058,116,0),(30000058,117,0),(30000058,118,0),(30000058,119,0),(30000058,120,0),(30000058,121,0),(30000058,122,0),(30000058,123,0),(30000058,124,0),(30000058,125,0),(30000058,126,0),(30000058,127,0),(30000058,128,0),(30000058,129,0),(30000058,130,0),(30000058,131,0),(30000058,132,0),(30000058,133,0),(30000058,134,0),(30000058,135,0),(30000058,136,0),(30000058,137,0),(30000058,138,0),(30000058,139,0),(30000058,140,0),(30000058,141,0),(30000058,142,0),(30000058,143,0),(30000058,144,0),(30000058,145,0),(30000058,146,0),(30000058,147,0),(30000058,148,0),(30000058,149,0),(30000058,150,0),(30000058,151,0),(30000058,152,0),(30000064,2,0),(30000064,3,0),(30000064,4,0),(30000064,5,0),(30000064,6,0),(30000064,7,0),(30000064,8,0),(30000064,9,0),(30000064,10,0),(30000064,11,0),(30000064,12,0),(30000064,13,0),(30000064,14,0),(30000064,15,0),(30000064,16,0),(30000064,17,0),(30000064,18,0),(30000064,19,0),(30000064,20,0),(30000064,21,0),(30000064,22,0),(30000064,23,0),(30000064,24,0),(30000064,25,0),(30000064,26,0),(30000064,27,0),(30000064,28,0),(30000064,29,0),(30000064,30,0),(30000064,31,0),(30000064,32,0),(30000064,33,0),(30000064,34,0),(30000064,35,0),(30000064,36,0),(30000064,37,0),(30000064,38,0),(30000064,39,0),(30000064,40,0),(30000064,41,0),(30000064,42,0),(30000064,43,0),(30000064,44,0),(30000064,45,0),(30000064,46,0),(30000064,47,0),(30000064,48,0),(30000064,49,0),(30000064,50,0),(30000064,51,0),(30000064,52,0),(30000064,53,0),(30000064,54,0),(30000064,55,0),(30000064,56,0),(30000064,57,0),(30000064,58,0),(30000064,59,0),(30000064,60,0),(30000064,61,0),(30000064,62,0),(30000064,63,0),(30000064,64,0),(30000064,65,0),(30000064,66,0),(30000064,67,0),(30000064,68,0),(30000064,69,0),(30000064,70,0),(30000064,71,0),(30000064,72,0),(30000064,73,0),(30000064,74,0),(30000064,75,0),(30000064,76,0),(30000064,77,0),(30000064,78,0),(30000064,79,0),(30000064,80,0),(30000064,81,0),(30000064,82,0),(30000064,83,0),(30000064,84,0),(30000064,85,0),(30000064,86,0),(30000064,87,0),(30000064,88,0),(30000064,89,0),(30000064,90,0),(30000064,91,0),(30000064,92,0),(30000064,93,0),(30000064,94,0),(30000064,95,0),(30000064,96,0),(30000064,97,0),(30000064,98,0),(30000064,99,0),(30000064,100,0),(30000064,101,0),(30000064,102,0),(30000064,103,0),(30000064,104,0),(30000064,105,0),(30000064,106,0),(30000064,107,0),(30000064,108,0),(30000064,109,0),(30000064,110,0),(30000064,111,0),(30000064,112,0),(30000064,113,0),(30000064,114,0),(30000064,115,0),(30000064,116,0),(30000064,117,0),(30000064,118,0),(30000064,119,0),(30000064,120,0),(30000064,121,0),(30000064,122,0),(30000064,123,0),(30000064,124,0),(30000064,125,0),(30000064,126,0),(30000064,127,0),(30000064,128,0),(30000064,129,0),(30000064,130,0),(30000064,131,0),(30000064,132,0),(30000064,133,0),(30000064,134,0),(30000064,135,0),(30000064,136,0),(30000064,137,0),(30000064,138,0),(30000064,139,0),(30000064,140,0),(30000064,141,0),(30000064,142,0),(30000064,143,0),(30000064,144,0),(30000064,145,0),(30000064,146,0),(30000064,147,0),(30000064,148,0),(30000064,149,0),(30000064,150,0),(30000064,151,0),(30000064,152,0),(30000067,2,0),(30000067,3,0),(30000067,4,0),(30000067,5,0),(30000067,6,0),(30000067,7,0),(30000067,8,0),(30000067,9,0),(30000067,10,0),(30000067,11,0),(30000067,12,0),(30000067,13,0),(30000067,14,0),(30000067,15,0),(30000067,16,0),(30000067,17,0),(30000067,18,0),(30000067,19,0),(30000067,20,0),(30000067,21,0),(30000067,22,0),(30000067,23,0),(30000067,24,0),(30000067,25,0),(30000067,26,0),(30000067,27,0),(30000067,28,0),(30000067,29,0),(30000067,30,0),(30000067,31,0),(30000067,32,0),(30000067,33,0),(30000067,34,0),(30000067,35,0),(30000067,36,0),(30000067,37,0),(30000067,38,0),(30000067,39,0),(30000067,40,0),(30000067,41,0),(30000067,42,0),(30000067,43,0),(30000067,44,0),(30000067,45,0),(30000067,46,0),(30000067,47,0),(30000067,48,0),(30000067,49,0),(30000067,50,0),(30000067,51,0),(30000067,52,0),(30000067,53,0),(30000067,54,0),(30000067,55,0),(30000067,56,0),(30000067,57,0),(30000067,58,0),(30000067,59,0),(30000067,60,0),(30000067,61,0),(30000067,62,0),(30000067,63,0),(30000067,64,0),(30000067,65,0),(30000067,66,0),(30000067,67,0),(30000067,68,0),(30000067,69,0),(30000067,70,0),(30000067,71,0),(30000067,72,0),(30000067,73,0),(30000067,74,0),(30000067,75,0),(30000067,76,0),(30000067,77,0),(30000067,78,0),(30000067,79,0),(30000067,80,0),(30000067,81,0),(30000067,82,0),(30000067,83,0),(30000067,84,0),(30000067,85,0),(30000067,86,0),(30000067,87,0),(30000067,88,0),(30000067,89,0),(30000067,90,0),(30000067,91,0),(30000067,92,0),(30000067,93,0),(30000067,94,0),(30000067,95,0),(30000067,96,0),(30000067,97,0),(30000067,98,0),(30000067,99,0),(30000067,100,0),(30000067,101,0),(30000067,102,0),(30000067,103,0),(30000067,104,0),(30000067,105,0),(30000067,106,0),(30000067,107,0),(30000067,108,0),(30000067,109,0),(30000067,110,0),(30000067,111,0),(30000067,112,0),(30000067,113,0),(30000067,114,0),(30000067,115,0),(30000067,116,0),(30000067,117,0),(30000067,118,0),(30000067,119,0),(30000067,120,0),(30000067,121,0),(30000067,122,0),(30000067,123,0),(30000067,124,0),(30000067,125,0),(30000067,126,0),(30000067,127,0),(30000067,128,0),(30000067,129,0),(30000067,130,0),(30000067,131,0),(30000067,132,0),(30000067,133,0),(30000067,134,0),(30000067,135,0),(30000067,136,0),(30000067,137,0),(30000067,138,0),(30000067,139,0),(30000067,140,0),(30000067,141,0),(30000067,142,0),(30000067,143,0),(30000067,144,0),(30000067,145,0),(30000067,146,0),(30000067,147,0),(30000067,148,0),(30000067,149,0),(30000067,150,0),(30000067,151,0),(30000067,152,0),(30000068,2,1),(30000068,3,1),(30000068,4,1),(30000068,5,1),(30000068,6,1),(30000068,7,1),(30000068,8,1),(30000068,9,1),(30000068,10,1),(30000068,11,1),(30000068,12,1),(30000068,13,1),(30000068,14,1),(30000068,15,1),(30000068,16,1),(30000068,17,1),(30000068,18,1),(30000068,19,1),(30000068,20,1),(30000068,21,1),(30000068,22,1),(30000068,23,1),(30000068,24,1),(30000068,25,1),(30000068,26,1),(30000068,27,1),(30000068,28,1),(30000068,29,1),(30000068,30,1),(30000068,31,1),(30000068,32,1),(30000068,33,1),(30000068,34,1),(30000068,35,1),(30000068,36,1),(30000068,37,1),(30000068,38,1),(30000068,39,1),(30000068,40,1),(30000068,41,1),(30000068,42,1),(30000068,43,1),(30000068,44,1),(30000068,45,1),(30000068,46,1),(30000068,47,1),(30000068,48,1),(30000068,49,1),(30000068,50,1),(30000068,51,1),(30000068,52,1),(30000068,53,1),(30000068,54,1),(30000068,55,1),(30000068,56,1),(30000068,57,1),(30000068,58,1),(30000068,59,1),(30000068,60,1),(30000068,61,1),(30000068,62,1),(30000068,63,1),(30000068,64,1),(30000068,65,1),(30000068,66,1),(30000068,67,1),(30000068,68,1),(30000068,69,1),(30000068,70,1),(30000068,71,1),(30000068,72,1),(30000068,73,1),(30000068,74,1),(30000068,75,1),(30000068,76,1),(30000068,77,1),(30000068,78,1),(30000068,79,1),(30000068,80,1),(30000068,81,1),(30000068,82,1),(30000068,83,1),(30000068,84,1),(30000068,85,1),(30000068,86,1),(30000068,87,1),(30000068,88,1),(30000068,89,1),(30000068,90,1),(30000068,91,1),(30000068,92,1),(30000068,93,1),(30000068,94,1),(30000068,95,1),(30000068,96,1),(30000068,97,1),(30000068,98,1),(30000068,99,1),(30000068,100,1),(30000068,101,1),(30000068,102,1),(30000068,103,1),(30000068,104,1),(30000068,105,1),(30000068,106,1),(30000068,107,1),(30000068,108,1),(30000068,109,1),(30000068,110,1),(30000068,111,1),(30000068,112,1),(30000068,113,1),(30000068,114,1),(30000068,115,1),(30000068,116,1),(30000068,117,1),(30000068,118,1),(30000068,119,1),(30000068,120,1),(30000068,121,1),(30000068,122,1),(30000068,123,1),(30000068,124,1),(30000068,125,1),(30000068,126,1),(30000068,127,1),(30000068,128,1),(30000068,129,1),(30000068,130,1),(30000068,131,1),(30000068,132,1),(30000068,133,1),(30000068,134,1),(30000068,135,1),(30000068,136,1),(30000068,137,1),(30000068,138,0),(30000068,139,0),(30000068,140,0),(30000068,141,0),(30000068,142,0),(30000068,143,0),(30000068,144,0),(30000068,145,0),(30000068,146,0),(30000068,147,0),(30000068,148,0),(30000068,149,0),(30000068,150,0),(30000068,151,0),(30000068,152,0),(30000069,2,0),(30000069,3,0),(30000069,4,0),(30000069,5,0),(30000069,6,0),(30000069,7,0),(30000069,8,0),(30000069,9,0),(30000069,10,0),(30000069,11,0),(30000069,12,0),(30000069,13,0),(30000069,14,0),(30000069,15,0),(30000069,16,0),(30000069,17,0),(30000069,18,0),(30000069,19,0),(30000069,20,0),(30000069,21,0),(30000069,22,0),(30000069,23,0),(30000069,24,0),(30000069,25,0),(30000069,26,0),(30000069,27,0),(30000069,28,0),(30000069,29,0),(30000069,30,0),(30000069,31,0),(30000069,32,0),(30000069,33,0),(30000069,34,0),(30000069,35,0),(30000069,36,0),(30000069,37,0),(30000069,38,0),(30000069,39,0),(30000069,40,0),(30000069,41,0),(30000069,42,0),(30000069,43,0),(30000069,44,0),(30000069,45,0),(30000069,46,0),(30000069,47,0),(30000069,48,0),(30000069,49,0),(30000069,50,0),(30000069,51,0),(30000069,52,0),(30000069,53,0),(30000069,54,0),(30000069,55,0),(30000069,56,0),(30000069,57,0),(30000069,58,0),(30000069,59,0),(30000069,60,0),(30000069,61,0),(30000069,62,0),(30000069,63,0),(30000069,64,0),(30000069,65,0),(30000069,66,0),(30000069,67,0),(30000069,68,0),(30000069,69,0),(30000069,70,0),(30000069,71,0),(30000069,72,0),(30000069,73,0),(30000069,74,0),(30000069,75,0),(30000069,76,0),(30000069,77,0),(30000069,78,0),(30000069,79,0),(30000069,80,0),(30000069,81,0),(30000069,82,0),(30000069,83,0),(30000069,84,0),(30000069,85,0),(30000069,86,0),(30000069,87,0),(30000069,88,0),(30000069,89,0),(30000069,90,0),(30000069,91,0),(30000069,92,0),(30000069,93,0),(30000069,94,0),(30000069,95,0),(30000069,96,0),(30000069,97,0),(30000069,98,0),(30000069,99,0),(30000069,100,0),(30000069,101,0),(30000069,102,0),(30000069,103,0),(30000069,104,0),(30000069,105,0),(30000069,106,0),(30000069,107,0),(30000069,108,0),(30000069,109,0),(30000069,110,0),(30000069,111,0),(30000069,112,0),(30000069,113,0),(30000069,114,0),(30000069,115,0),(30000069,116,0),(30000069,117,0),(30000069,118,0),(30000069,119,0),(30000069,120,0),(30000069,121,0),(30000069,122,0),(30000069,123,0),(30000069,124,0),(30000069,125,0),(30000069,126,0),(30000069,127,0),(30000069,128,0),(30000069,129,0),(30000069,130,0),(30000069,131,0),(30000069,132,0),(30000069,133,0),(30000069,134,0),(30000069,135,0),(30000069,136,0),(30000069,137,0),(30000069,138,0),(30000069,139,0),(30000069,140,0),(30000069,141,0),(30000069,142,0),(30000069,143,0),(30000069,144,0),(30000069,145,0),(30000069,146,0),(30000069,147,0),(30000069,148,0),(30000069,149,0),(30000069,150,0),(30000069,151,0),(30000069,152,0),(30000070,2,0),(30000070,3,0),(30000070,4,0),(30000070,5,0),(30000070,6,0),(30000070,7,0),(30000070,8,0),(30000070,9,0),(30000070,10,0),(30000070,11,0),(30000070,12,0),(30000070,13,0),(30000070,14,0),(30000070,15,0),(30000070,16,0),(30000070,17,0),(30000070,18,0),(30000070,19,0),(30000070,20,0),(30000070,21,0),(30000070,22,0),(30000070,23,0),(30000070,24,0),(30000070,25,0),(30000070,26,0),(30000070,27,0),(30000070,28,0),(30000070,29,0),(30000070,30,0),(30000070,31,0),(30000070,32,0),(30000070,33,0),(30000070,34,0),(30000070,35,0),(30000070,36,0),(30000070,37,0),(30000070,38,0),(30000070,39,0),(30000070,40,0),(30000070,41,0),(30000070,42,0),(30000070,43,0),(30000070,44,0),(30000070,45,0),(30000070,46,0),(30000070,47,0),(30000070,48,0),(30000070,49,0),(30000070,50,0),(30000070,51,0),(30000070,52,0),(30000070,53,0),(30000070,54,0),(30000070,55,0),(30000070,56,0),(30000070,57,0),(30000070,58,0),(30000070,59,0),(30000070,60,0),(30000070,61,0),(30000070,62,0),(30000070,63,0),(30000070,64,0),(30000070,65,0),(30000070,66,0),(30000070,67,0),(30000070,68,0),(30000070,69,0),(30000070,70,0),(30000070,71,0),(30000070,72,0),(30000070,73,0),(30000070,74,0),(30000070,75,0),(30000070,76,0),(30000070,77,0),(30000070,78,0),(30000070,79,0),(30000070,80,0),(30000070,81,0),(30000070,82,0),(30000070,83,0),(30000070,84,0),(30000070,85,0),(30000070,86,0),(30000070,87,0),(30000070,88,0),(30000070,89,0),(30000070,90,0),(30000070,91,0),(30000070,92,0),(30000070,93,0),(30000070,94,0),(30000070,95,0),(30000070,96,0),(30000070,97,0),(30000070,98,0),(30000070,99,0),(30000070,100,0),(30000070,101,0),(30000070,102,0),(30000070,103,0),(30000070,104,0),(30000070,105,0),(30000070,106,0),(30000070,107,0),(30000070,108,0),(30000070,109,0),(30000070,110,0),(30000070,111,0),(30000070,112,0),(30000070,113,0),(30000070,114,0),(30000070,115,0),(30000070,116,0),(30000070,117,0),(30000070,118,0),(30000070,119,0),(30000070,120,0),(30000070,121,0),(30000070,122,0),(30000070,123,0),(30000070,124,0),(30000070,125,0),(30000070,126,0),(30000070,127,0),(30000070,128,0),(30000070,129,0),(30000070,130,0),(30000070,131,0),(30000070,132,0),(30000070,133,0),(30000070,134,0),(30000070,135,0),(30000070,136,0),(30000070,137,0),(30000070,138,0),(30000070,139,0),(30000070,140,0),(30000070,141,0),(30000070,142,0),(30000070,143,0),(30000070,144,0),(30000070,145,0),(30000070,146,0),(30000070,147,0),(30000070,148,0),(30000070,149,0),(30000070,150,0),(30000070,151,0),(30000070,152,0),(30000071,2,0),(30000071,3,0),(30000071,4,0),(30000071,5,0),(30000071,6,0),(30000071,7,0),(30000071,8,0),(30000071,9,0),(30000071,10,0),(30000071,11,0),(30000071,12,0),(30000071,13,0),(30000071,14,0),(30000071,15,0),(30000071,16,0),(30000071,17,0),(30000071,18,0),(30000071,19,0),(30000071,20,0),(30000071,21,0),(30000071,22,0),(30000071,23,0),(30000071,24,0),(30000071,25,0),(30000071,26,0),(30000071,27,0),(30000071,28,0),(30000071,29,0),(30000071,30,0),(30000071,31,0),(30000071,32,0),(30000071,33,0),(30000071,34,0),(30000071,35,0),(30000071,36,0),(30000071,37,0),(30000071,38,0),(30000071,39,0),(30000071,40,0),(30000071,41,0),(30000071,42,0),(30000071,43,0),(30000071,44,0),(30000071,45,0),(30000071,46,0),(30000071,47,0),(30000071,48,0),(30000071,49,0),(30000071,50,0),(30000071,51,0),(30000071,52,0),(30000071,53,0),(30000071,54,0),(30000071,55,0),(30000071,56,0),(30000071,57,0),(30000071,58,0),(30000071,59,0),(30000071,60,0),(30000071,61,0),(30000071,62,0),(30000071,63,0),(30000071,64,0),(30000071,65,0),(30000071,66,0),(30000071,67,0),(30000071,68,0),(30000071,69,0),(30000071,70,0),(30000071,71,0),(30000071,72,0),(30000071,73,0),(30000071,74,0),(30000071,75,0),(30000071,76,0),(30000071,77,0),(30000071,78,0),(30000071,79,0),(30000071,80,0),(30000071,81,0),(30000071,82,0),(30000071,83,0),(30000071,84,0),(30000071,85,0),(30000071,86,0),(30000071,87,0),(30000071,88,0),(30000071,89,0),(30000071,90,0),(30000071,91,0),(30000071,92,0),(30000071,93,0),(30000071,94,0),(30000071,95,0),(30000071,96,0),(30000071,97,0),(30000071,98,0),(30000071,99,0),(30000071,100,0),(30000071,101,0),(30000071,102,0),(30000071,103,0),(30000071,104,0),(30000071,105,0),(30000071,106,0),(30000071,107,0),(30000071,108,0),(30000071,109,0),(30000071,110,0),(30000071,111,0),(30000071,112,0),(30000071,113,0),(30000071,114,0),(30000071,115,0),(30000071,116,0),(30000071,117,0),(30000071,118,0),(30000071,119,0),(30000071,120,0),(30000071,121,0),(30000071,122,0),(30000071,123,0),(30000071,124,0),(30000071,125,0),(30000071,126,0),(30000071,127,0),(30000071,128,0),(30000071,129,0),(30000071,130,0),(30000071,131,0),(30000071,132,0),(30000071,133,0),(30000071,134,0),(30000071,135,0),(30000071,136,0),(30000071,137,0),(30000071,138,0),(30000071,139,0),(30000071,140,0),(30000071,141,0),(30000071,142,0),(30000071,143,0),(30000071,144,0),(30000071,145,0),(30000071,146,0),(30000071,147,0),(30000071,148,0),(30000071,149,0),(30000071,150,0),(30000071,151,0),(30000071,152,0),(30000072,2,0),(30000072,3,0),(30000072,4,0),(30000072,5,0),(30000072,6,0),(30000072,7,0),(30000072,8,0),(30000072,9,0),(30000072,10,0),(30000072,11,0),(30000072,12,0),(30000072,13,0),(30000072,14,0),(30000072,15,0),(30000072,16,0),(30000072,17,0),(30000072,18,0),(30000072,19,0),(30000072,20,0),(30000072,21,0),(30000072,22,0),(30000072,23,0),(30000072,24,0),(30000072,25,0),(30000072,26,0),(30000072,27,0),(30000072,28,0),(30000072,29,0),(30000072,30,0),(30000072,31,0),(30000072,32,0),(30000072,33,0),(30000072,34,0),(30000072,35,0),(30000072,36,0),(30000072,37,0),(30000072,38,0),(30000072,39,0),(30000072,40,0),(30000072,41,0),(30000072,42,0),(30000072,43,0),(30000072,44,0),(30000072,45,0),(30000072,46,0),(30000072,47,0),(30000072,48,0),(30000072,49,0),(30000072,50,0),(30000072,51,0),(30000072,52,0),(30000072,53,0),(30000072,54,0),(30000072,55,0),(30000072,56,0),(30000072,57,0),(30000072,58,0),(30000072,59,0),(30000072,60,0),(30000072,61,0),(30000072,62,0),(30000072,63,0),(30000072,64,0),(30000072,65,0),(30000072,66,0),(30000072,67,0),(30000072,68,0),(30000072,69,0),(30000072,70,0),(30000072,71,0),(30000072,72,0),(30000072,73,0),(30000072,74,0),(30000072,75,0),(30000072,76,0),(30000072,77,0),(30000072,78,0),(30000072,79,0),(30000072,80,0),(30000072,81,0),(30000072,82,0),(30000072,83,0),(30000072,84,0),(30000072,85,0),(30000072,86,0),(30000072,87,0),(30000072,88,0),(30000072,89,0),(30000072,90,0),(30000072,91,0),(30000072,92,0),(30000072,93,0),(30000072,94,0),(30000072,95,0),(30000072,96,0),(30000072,97,0),(30000072,98,0),(30000072,99,0),(30000072,100,0),(30000072,101,0),(30000072,102,0),(30000072,103,0),(30000072,104,0),(30000072,105,0),(30000072,106,0),(30000072,107,0),(30000072,108,0),(30000072,109,0),(30000072,110,0),(30000072,111,0),(30000072,112,0),(30000072,113,0),(30000072,114,0),(30000072,115,0),(30000072,116,0),(30000072,117,0),(30000072,118,0),(30000072,119,0),(30000072,120,0),(30000072,121,0),(30000072,122,0),(30000072,123,0),(30000072,124,0),(30000072,125,0),(30000072,126,0),(30000072,127,0),(30000072,128,0),(30000072,129,0),(30000072,130,0),(30000072,131,0),(30000072,132,0),(30000072,133,0),(30000072,134,0),(30000072,135,0),(30000072,136,0),(30000072,137,0),(30000072,138,0),(30000072,139,0),(30000072,140,0),(30000072,141,0),(30000072,142,0),(30000072,143,0),(30000072,144,0),(30000072,145,0),(30000072,146,0),(30000072,147,0),(30000072,148,0),(30000072,149,0),(30000072,150,0),(30000072,151,0),(30000072,152,0),(30000074,2,0),(30000074,3,0),(30000074,4,0),(30000074,5,0),(30000074,6,0),(30000074,7,0),(30000074,8,0),(30000074,9,0),(30000074,10,0),(30000074,11,0),(30000074,12,0),(30000074,13,0),(30000074,14,0),(30000074,15,0),(30000074,16,0),(30000074,17,0),(30000074,18,0),(30000074,19,0),(30000074,20,0),(30000074,21,0),(30000074,22,0),(30000074,23,0),(30000074,24,0),(30000074,25,0),(30000074,26,0),(30000074,27,0),(30000074,28,0),(30000074,29,0),(30000074,30,0),(30000074,31,0),(30000074,32,0),(30000074,33,0),(30000074,34,0),(30000074,35,0),(30000074,36,0),(30000074,37,0),(30000074,38,0),(30000074,39,0),(30000074,40,0),(30000074,41,0),(30000074,42,0),(30000074,43,0),(30000074,44,0),(30000074,45,0),(30000074,46,0),(30000074,47,0),(30000074,48,0),(30000074,49,0),(30000074,50,0),(30000074,51,0),(30000074,52,0),(30000074,53,0),(30000074,54,0),(30000074,55,0),(30000074,56,0),(30000074,57,0),(30000074,58,0),(30000074,59,0),(30000074,60,0),(30000074,61,0),(30000074,62,0),(30000074,63,0),(30000074,64,0),(30000074,65,0),(30000074,66,0),(30000074,67,0),(30000074,68,0),(30000074,69,0),(30000074,70,0),(30000074,71,0),(30000074,72,0),(30000074,73,0),(30000074,74,0),(30000074,75,0),(30000074,76,0),(30000074,77,0),(30000074,78,0),(30000074,79,0),(30000074,80,0),(30000074,81,0),(30000074,82,0),(30000074,83,0),(30000074,84,0),(30000074,85,0),(30000074,86,0),(30000074,87,0),(30000074,88,0),(30000074,89,0),(30000074,90,0),(30000074,91,0),(30000074,92,0),(30000074,93,0),(30000074,94,0),(30000074,95,0),(30000074,96,0),(30000074,97,0),(30000074,98,0),(30000074,99,0),(30000074,100,0),(30000074,101,0),(30000074,102,0),(30000074,103,0),(30000074,104,0),(30000074,105,0),(30000074,106,0),(30000074,107,0),(30000074,108,0),(30000074,109,0),(30000074,110,0),(30000074,111,0),(30000074,112,0),(30000074,113,0),(30000074,114,0),(30000074,115,0),(30000074,116,0),(30000074,117,0),(30000074,118,0),(30000074,119,0),(30000074,120,0),(30000074,121,0),(30000074,122,0),(30000074,123,0),(30000074,124,0),(30000074,125,0),(30000074,126,0),(30000074,127,0),(30000074,128,0),(30000074,129,0),(30000074,130,0),(30000074,131,0),(30000074,132,0),(30000074,133,0),(30000074,134,0),(30000074,135,0),(30000074,136,0),(30000074,137,0),(30000074,138,0),(30000074,139,0),(30000074,140,0),(30000074,141,0),(30000074,142,0),(30000074,143,0),(30000074,144,0),(30000074,145,0),(30000074,146,0),(30000074,147,0),(30000074,148,0),(30000074,149,0),(30000074,150,0),(30000074,151,0),(30000074,152,0),(30000075,2,0),(30000075,3,0),(30000075,4,0),(30000075,5,0),(30000075,6,0),(30000075,7,0),(30000075,8,0),(30000075,9,0),(30000075,10,0),(30000075,11,0),(30000075,12,0),(30000075,13,0),(30000075,14,0),(30000075,15,0),(30000075,16,0),(30000075,17,0),(30000075,18,0),(30000075,19,0),(30000075,20,0),(30000075,21,0),(30000075,22,0),(30000075,23,0),(30000075,24,0),(30000075,25,0),(30000075,26,0),(30000075,27,0),(30000075,28,0),(30000075,29,0),(30000075,30,0),(30000075,31,0),(30000075,32,0),(30000075,33,0),(30000075,34,0),(30000075,35,0),(30000075,36,0),(30000075,37,0),(30000075,38,0),(30000075,39,0),(30000075,40,0),(30000075,41,0),(30000075,42,0),(30000075,43,0),(30000075,44,0),(30000075,45,0),(30000075,46,0),(30000075,47,0),(30000075,48,0),(30000075,49,0),(30000075,50,0),(30000075,51,0),(30000075,52,0),(30000075,53,0),(30000075,54,0),(30000075,55,0),(30000075,56,0),(30000075,57,0),(30000075,58,0),(30000075,59,0),(30000075,60,0),(30000075,61,0),(30000075,62,0),(30000075,63,0),(30000075,64,0),(30000075,65,0),(30000075,66,0),(30000075,67,0),(30000075,68,0),(30000075,69,0),(30000075,70,0),(30000075,71,0),(30000075,72,0),(30000075,73,0),(30000075,74,0),(30000075,75,0),(30000075,76,0),(30000075,77,0),(30000075,78,0),(30000075,79,0),(30000075,80,0),(30000075,81,0),(30000075,82,0),(30000075,83,0),(30000075,84,0),(30000075,85,0),(30000075,86,0),(30000075,87,0),(30000075,88,0),(30000075,89,0),(30000075,90,0),(30000075,91,0),(30000075,92,0),(30000075,93,0),(30000075,94,0),(30000075,95,0),(30000075,96,0),(30000075,97,0),(30000075,98,0),(30000075,99,0),(30000075,100,0),(30000075,101,0),(30000075,102,0),(30000075,103,0),(30000075,104,0),(30000075,105,0),(30000075,106,0),(30000075,107,0),(30000075,108,0),(30000075,109,0),(30000075,110,0),(30000075,111,0),(30000075,112,0),(30000075,113,0),(30000075,114,0),(30000075,115,0),(30000075,116,0),(30000075,117,0),(30000075,118,0),(30000075,119,0),(30000075,120,0),(30000075,121,0),(30000075,122,0),(30000075,123,0),(30000075,124,0),(30000075,125,0),(30000075,126,0),(30000075,127,0),(30000075,128,0),(30000075,129,0),(30000075,130,0),(30000075,131,0),(30000075,132,0),(30000075,133,0),(30000075,134,0),(30000075,135,0),(30000075,136,0),(30000075,137,0),(30000075,138,0),(30000075,139,0),(30000075,140,0),(30000075,141,0),(30000075,142,0),(30000075,143,0),(30000075,144,0),(30000075,145,0),(30000075,146,0),(30000075,147,0),(30000075,148,0),(30000075,149,0),(30000075,150,0),(30000075,151,0),(30000075,152,0),(30000078,2,0),(30000078,3,0),(30000078,4,0),(30000078,5,0),(30000078,6,0),(30000078,7,0),(30000078,8,0),(30000078,9,0),(30000078,10,0),(30000078,11,0),(30000078,12,0),(30000078,13,0),(30000078,14,0),(30000078,15,0),(30000078,16,0),(30000078,17,0),(30000078,18,0),(30000078,19,0),(30000078,20,0),(30000078,21,0),(30000078,22,0),(30000078,23,0),(30000078,24,0),(30000078,25,0),(30000078,26,0),(30000078,27,0),(30000078,28,0),(30000078,29,0),(30000078,30,0),(30000078,31,0),(30000078,32,0),(30000078,33,0),(30000078,34,0),(30000078,35,0),(30000078,36,0),(30000078,37,0),(30000078,38,0),(30000078,39,0),(30000078,40,0),(30000078,41,0),(30000078,42,0),(30000078,43,0),(30000078,44,0),(30000078,45,0),(30000078,46,0),(30000078,47,0),(30000078,48,0),(30000078,49,0),(30000078,50,0),(30000078,51,0),(30000078,52,0),(30000078,53,0),(30000078,54,0),(30000078,55,0),(30000078,56,0),(30000078,57,0),(30000078,58,0),(30000078,59,0),(30000078,60,0),(30000078,61,0),(30000078,62,0),(30000078,63,0),(30000078,64,0),(30000078,65,0),(30000078,66,0),(30000078,67,0),(30000078,68,0),(30000078,69,0),(30000078,70,0),(30000078,71,0),(30000078,72,0),(30000078,73,0),(30000078,74,0),(30000078,75,0),(30000078,76,0),(30000078,77,0),(30000078,78,0),(30000078,79,0),(30000078,80,0),(30000078,81,0),(30000078,82,0),(30000078,83,0),(30000078,84,0),(30000078,85,0),(30000078,86,0),(30000078,87,0),(30000078,88,0),(30000078,89,0),(30000078,90,0),(30000078,91,0),(30000078,92,0),(30000078,93,0),(30000078,94,0),(30000078,95,0),(30000078,96,0),(30000078,97,0),(30000078,98,0),(30000078,99,0),(30000078,100,0),(30000078,101,0),(30000078,102,0),(30000078,103,0),(30000078,104,0),(30000078,105,0),(30000078,106,0),(30000078,107,0),(30000078,108,0),(30000078,109,0),(30000078,110,0),(30000078,111,0),(30000078,112,0),(30000078,113,0),(30000078,114,0),(30000078,115,0),(30000078,116,0),(30000078,117,0),(30000078,118,0),(30000078,119,0),(30000078,120,0),(30000078,121,0),(30000078,122,0),(30000078,123,0),(30000078,124,0),(30000078,125,0),(30000078,126,0),(30000078,127,0),(30000078,128,0),(30000078,129,0),(30000078,130,0),(30000078,131,0),(30000078,132,0),(30000078,133,0),(30000078,134,0),(30000078,135,0),(30000078,136,0),(30000078,137,0),(30000078,138,0),(30000078,139,0),(30000078,140,0),(30000078,141,0),(30000078,142,0),(30000078,143,0),(30000078,144,0),(30000078,145,0),(30000078,146,0),(30000078,147,0),(30000078,148,0),(30000078,149,0),(30000078,150,0),(30000078,151,0),(30000078,152,0),(30000079,2,0),(30000079,3,0),(30000079,4,0),(30000079,5,0),(30000079,6,0),(30000079,7,0),(30000079,8,0),(30000079,9,0),(30000079,10,0),(30000079,11,0),(30000079,12,0),(30000079,13,0),(30000079,14,0),(30000079,15,0),(30000079,16,0),(30000079,17,0),(30000079,18,0),(30000079,19,0),(30000079,20,0),(30000079,21,0),(30000079,22,0),(30000079,23,0),(30000079,24,0),(30000079,25,0),(30000079,26,0),(30000079,27,0),(30000079,28,0),(30000079,29,0),(30000079,30,0),(30000079,31,0),(30000079,32,0),(30000079,33,0),(30000079,34,0),(30000079,35,0),(30000079,36,0),(30000079,37,0),(30000079,38,0),(30000079,39,0),(30000079,40,0),(30000079,41,0),(30000079,42,0),(30000079,43,0),(30000079,44,0),(30000079,45,0),(30000079,46,0),(30000079,47,0),(30000079,48,0),(30000079,49,0),(30000079,50,0),(30000079,51,0),(30000079,52,0),(30000079,53,0),(30000079,54,0),(30000079,55,0),(30000079,56,0),(30000079,57,0),(30000079,58,0),(30000079,59,0),(30000079,60,0),(30000079,61,0),(30000079,62,0),(30000079,63,0),(30000079,64,0),(30000079,65,0),(30000079,66,0),(30000079,67,0),(30000079,68,0),(30000079,69,0),(30000079,70,0),(30000079,71,0),(30000079,72,0),(30000079,73,0),(30000079,74,0),(30000079,75,0),(30000079,76,0),(30000079,77,0),(30000079,78,0),(30000079,79,0),(30000079,80,0),(30000079,81,0),(30000079,82,0),(30000079,83,0),(30000079,84,0),(30000079,85,0),(30000079,86,0),(30000079,87,0),(30000079,88,0),(30000079,89,0),(30000079,90,0),(30000079,91,0),(30000079,92,0),(30000079,93,0),(30000079,94,0),(30000079,95,0),(30000079,96,0),(30000079,97,0),(30000079,98,0),(30000079,99,0),(30000079,100,0),(30000079,101,0),(30000079,102,0),(30000079,103,0),(30000079,104,0),(30000079,105,0),(30000079,106,0),(30000079,107,0),(30000079,108,0),(30000079,109,0),(30000079,110,0),(30000079,111,0),(30000079,112,0),(30000079,113,0),(30000079,114,0),(30000079,115,0),(30000079,116,0),(30000079,117,0),(30000079,118,0),(30000079,119,0),(30000079,120,0),(30000079,121,0),(30000079,122,0),(30000079,123,0),(30000079,124,0),(30000079,125,0),(30000079,126,0),(30000079,127,0),(30000079,128,0),(30000079,129,0),(30000079,130,0),(30000079,131,0),(30000079,132,0),(30000079,133,0),(30000079,134,0),(30000079,135,0),(30000079,136,0),(30000079,137,0),(30000079,138,0),(30000079,139,0),(30000079,140,0),(30000079,141,0),(30000079,142,0),(30000079,143,0),(30000079,144,0),(30000079,145,0),(30000079,146,0),(30000079,147,0),(30000079,148,0),(30000079,149,0),(30000079,150,0),(30000079,151,0),(30000079,152,0),(30000081,2,0),(30000081,3,0),(30000081,4,0),(30000081,5,0),(30000081,6,0),(30000081,7,0),(30000081,8,0),(30000081,9,0),(30000081,10,0),(30000081,11,0),(30000081,12,0),(30000081,13,0),(30000081,14,0),(30000081,15,0),(30000081,16,0),(30000081,17,0),(30000081,18,0),(30000081,19,0),(30000081,20,0),(30000081,21,0),(30000081,22,0),(30000081,23,0),(30000081,24,0),(30000081,25,0),(30000081,26,0),(30000081,27,0),(30000081,28,0),(30000081,29,0),(30000081,30,0),(30000081,31,0),(30000081,32,0),(30000081,33,0),(30000081,34,0),(30000081,35,0),(30000081,36,0),(30000081,37,0),(30000081,38,0),(30000081,39,0),(30000081,40,0),(30000081,41,0),(30000081,42,0),(30000081,43,0),(30000081,44,0),(30000081,45,0),(30000081,46,0),(30000081,47,0),(30000081,48,0),(30000081,49,0),(30000081,50,0),(30000081,51,0),(30000081,52,0),(30000081,53,0),(30000081,54,0),(30000081,55,0),(30000081,56,0),(30000081,57,0),(30000081,58,0),(30000081,59,0),(30000081,60,0),(30000081,61,0),(30000081,62,0),(30000081,63,0),(30000081,64,0),(30000081,65,0),(30000081,66,0),(30000081,67,0),(30000081,68,0),(30000081,69,0),(30000081,70,0),(30000081,71,0),(30000081,72,0),(30000081,73,0),(30000081,74,0),(30000081,75,0),(30000081,76,0),(30000081,77,0),(30000081,78,0),(30000081,79,0),(30000081,80,0),(30000081,81,0),(30000081,82,0),(30000081,83,0),(30000081,84,0),(30000081,85,0),(30000081,86,0),(30000081,87,0),(30000081,88,0),(30000081,89,0),(30000081,90,0),(30000081,91,0),(30000081,92,0),(30000081,93,0),(30000081,94,0),(30000081,95,0),(30000081,96,0),(30000081,97,0),(30000081,98,0),(30000081,99,0),(30000081,100,0),(30000081,101,0),(30000081,102,0),(30000081,103,0),(30000081,104,0),(30000081,105,0),(30000081,106,0),(30000081,107,0),(30000081,108,0),(30000081,109,0),(30000081,110,0),(30000081,111,0),(30000081,112,0),(30000081,113,0),(30000081,114,0),(30000081,115,0),(30000081,116,0),(30000081,117,0),(30000081,118,0),(30000081,119,0),(30000081,120,0),(30000081,121,0),(30000081,122,0),(30000081,123,0),(30000081,124,0),(30000081,125,0),(30000081,126,0),(30000081,127,0),(30000081,128,0),(30000081,129,0),(30000081,130,0),(30000081,131,0),(30000081,132,0),(30000081,133,0),(30000081,134,0),(30000081,135,0),(30000081,136,0),(30000081,137,0),(30000081,138,0),(30000081,139,0),(30000081,140,0),(30000081,141,0),(30000081,142,0),(30000081,143,0),(30000081,144,0),(30000081,145,0),(30000081,146,0),(30000081,147,0),(30000081,148,0),(30000081,149,0),(30000081,150,0),(30000081,151,0),(30000081,152,0),(30000083,2,0),(30000083,3,0),(30000083,4,0),(30000083,5,0),(30000083,6,0),(30000083,7,0),(30000083,8,0),(30000083,9,0),(30000083,10,0),(30000083,11,0),(30000083,12,0),(30000083,13,0),(30000083,14,0),(30000083,15,0),(30000083,16,0),(30000083,17,0),(30000083,18,0),(30000083,19,0),(30000083,20,0),(30000083,21,0),(30000083,22,0),(30000083,23,0),(30000083,24,0),(30000083,25,0),(30000083,26,0),(30000083,27,0),(30000083,28,0),(30000083,29,0),(30000083,30,0),(30000083,31,0),(30000083,32,0),(30000083,33,0),(30000083,34,0),(30000083,35,0),(30000083,36,0),(30000083,37,0),(30000083,38,0),(30000083,39,0),(30000083,40,0),(30000083,41,0),(30000083,42,0),(30000083,43,0),(30000083,44,0),(30000083,45,0),(30000083,46,0),(30000083,47,0),(30000083,48,0),(30000083,49,0),(30000083,50,0),(30000083,51,0),(30000083,52,0),(30000083,53,0),(30000083,54,0),(30000083,55,0),(30000083,56,0),(30000083,57,0),(30000083,58,0),(30000083,59,0),(30000083,60,0),(30000083,61,0),(30000083,62,0),(30000083,63,0),(30000083,64,0),(30000083,65,0),(30000083,66,0),(30000083,67,0),(30000083,68,0),(30000083,69,0),(30000083,70,0),(30000083,71,0),(30000083,72,0),(30000083,73,0),(30000083,74,0),(30000083,75,0),(30000083,76,0),(30000083,77,0),(30000083,78,0),(30000083,79,0),(30000083,80,0),(30000083,81,0),(30000083,82,0),(30000083,83,0),(30000083,84,0),(30000083,85,0),(30000083,86,0),(30000083,87,0),(30000083,88,0),(30000083,89,0),(30000083,90,0),(30000083,91,0),(30000083,92,0),(30000083,93,0),(30000083,94,0),(30000083,95,0),(30000083,96,0),(30000083,97,0),(30000083,98,0),(30000083,99,0),(30000083,100,0),(30000083,101,0),(30000083,102,0),(30000083,103,0),(30000083,104,0),(30000083,105,0),(30000083,106,0),(30000083,107,0),(30000083,108,0),(30000083,109,0),(30000083,110,0),(30000083,111,0),(30000083,112,0),(30000083,113,0),(30000083,114,0),(30000083,115,0),(30000083,116,0),(30000083,117,0),(30000083,118,0),(30000083,119,0),(30000083,120,0),(30000083,121,0),(30000083,122,0),(30000083,123,0),(30000083,124,0),(30000083,125,0),(30000083,126,0),(30000083,127,0),(30000083,128,0),(30000083,129,0),(30000083,130,0),(30000083,131,0),(30000083,132,0),(30000083,133,0),(30000083,134,0),(30000083,135,0),(30000083,136,0),(30000083,137,0),(30000083,138,0),(30000083,139,0),(30000083,140,0),(30000083,141,0),(30000083,142,0),(30000083,143,0),(30000083,144,0),(30000083,145,0),(30000083,146,0),(30000083,147,0),(30000083,148,0),(30000083,149,0),(30000083,150,0),(30000083,151,0),(30000083,152,0),(30000084,2,0),(30000084,3,0),(30000084,4,0),(30000084,5,0),(30000084,6,0),(30000084,7,0),(30000084,8,0),(30000084,9,0),(30000084,10,0),(30000084,11,0),(30000084,12,0),(30000084,13,0),(30000084,14,0),(30000084,15,0),(30000084,16,0),(30000084,17,0),(30000084,18,0),(30000084,19,0),(30000084,20,0),(30000084,21,0),(30000084,22,0),(30000084,23,0),(30000084,24,0),(30000084,25,0),(30000084,26,0),(30000084,27,0),(30000084,28,0),(30000084,29,0),(30000084,30,0),(30000084,31,0),(30000084,32,0),(30000084,33,0),(30000084,34,0),(30000084,35,0),(30000084,36,0),(30000084,37,0),(30000084,38,0),(30000084,39,0),(30000084,40,0),(30000084,41,0),(30000084,42,0),(30000084,43,0),(30000084,44,0),(30000084,45,0),(30000084,46,0),(30000084,47,0),(30000084,48,0),(30000084,49,0),(30000084,50,0),(30000084,51,0),(30000084,52,0),(30000084,53,0),(30000084,54,0),(30000084,55,0),(30000084,56,0),(30000084,57,0),(30000084,58,0),(30000084,59,0),(30000084,60,0),(30000084,61,0),(30000084,62,0),(30000084,63,0),(30000084,64,0),(30000084,65,0),(30000084,66,0),(30000084,67,0),(30000084,68,0),(30000084,69,0),(30000084,70,0),(30000084,71,0),(30000084,72,0),(30000084,73,0),(30000084,74,0),(30000084,75,0),(30000084,76,0),(30000084,77,0),(30000084,78,0),(30000084,79,0),(30000084,80,0),(30000084,81,0),(30000084,82,0),(30000084,83,0),(30000084,84,0),(30000084,85,0),(30000084,86,0),(30000084,87,0),(30000084,88,0),(30000084,89,0),(30000084,90,0),(30000084,91,0),(30000084,92,0),(30000084,93,0),(30000084,94,0),(30000084,95,0),(30000084,96,0),(30000084,97,0),(30000084,98,0),(30000084,99,0),(30000084,100,0),(30000084,101,0),(30000084,102,0),(30000084,103,0),(30000084,104,0),(30000084,105,0),(30000084,106,0),(30000084,107,0),(30000084,108,0),(30000084,109,0),(30000084,110,0),(30000084,111,0),(30000084,112,0),(30000084,113,0),(30000084,114,0),(30000084,115,0),(30000084,116,0),(30000084,117,0),(30000084,118,0),(30000084,119,0),(30000084,120,0),(30000084,121,0),(30000084,122,0),(30000084,123,0),(30000084,124,0),(30000084,125,0),(30000084,126,0),(30000084,127,0),(30000084,128,0),(30000084,129,0),(30000084,130,0),(30000084,131,0),(30000084,132,0),(30000084,133,0),(30000084,134,0),(30000084,135,0),(30000084,136,0),(30000084,137,0),(30000084,138,0),(30000084,139,0),(30000084,140,0),(30000084,141,0),(30000084,142,0),(30000084,143,0),(30000084,144,0),(30000084,145,0),(30000084,146,0),(30000084,147,0),(30000084,148,0),(30000084,149,0),(30000084,150,0),(30000084,151,0),(30000084,152,0),(30000087,2,0),(30000087,3,0),(30000087,4,0),(30000087,5,0),(30000087,6,0),(30000087,7,0),(30000087,8,0),(30000087,9,0),(30000087,10,0),(30000087,11,0),(30000087,12,0),(30000087,13,0),(30000087,14,0),(30000087,15,0),(30000087,16,0),(30000087,17,0),(30000087,18,0),(30000087,19,0),(30000087,20,0),(30000087,21,0),(30000087,22,0),(30000087,23,0),(30000087,24,0),(30000087,25,0),(30000087,26,0),(30000087,27,0),(30000087,28,0),(30000087,29,0),(30000087,30,0),(30000087,31,0),(30000087,32,0),(30000087,33,0),(30000087,34,0),(30000087,35,0),(30000087,36,0),(30000087,37,0),(30000087,38,0),(30000087,39,0),(30000087,40,0),(30000087,41,0),(30000087,42,0),(30000087,43,0),(30000087,44,0),(30000087,45,0),(30000087,46,0),(30000087,47,0),(30000087,48,0),(30000087,49,0),(30000087,50,0),(30000087,51,0),(30000087,52,0),(30000087,53,0),(30000087,54,0),(30000087,55,0),(30000087,56,0),(30000087,57,0),(30000087,58,0),(30000087,59,0),(30000087,60,0),(30000087,61,0),(30000087,62,0),(30000087,63,0),(30000087,64,0),(30000087,65,0),(30000087,66,0),(30000087,67,0),(30000087,68,0),(30000087,69,0),(30000087,70,0),(30000087,71,0),(30000087,72,0),(30000087,73,0),(30000087,74,0),(30000087,75,0),(30000087,76,0),(30000087,77,0),(30000087,78,0),(30000087,79,0),(30000087,80,0),(30000087,81,0),(30000087,82,0),(30000087,83,0),(30000087,84,0),(30000087,85,0),(30000087,86,0),(30000087,87,0),(30000087,88,0),(30000087,89,0),(30000087,90,0),(30000087,91,0),(30000087,92,0),(30000087,93,0),(30000087,94,0),(30000087,95,0),(30000087,96,0),(30000087,97,0),(30000087,98,0),(30000087,99,0),(30000087,100,0),(30000087,101,0),(30000087,102,0),(30000087,103,0),(30000087,104,0),(30000087,105,0),(30000087,106,0),(30000087,107,0),(30000087,108,0),(30000087,109,0),(30000087,110,0),(30000087,111,0),(30000087,112,0),(30000087,113,0),(30000087,114,0),(30000087,115,0),(30000087,116,0),(30000087,117,0),(30000087,118,0),(30000087,119,0),(30000087,120,0),(30000087,121,0),(30000087,122,0),(30000087,123,0),(30000087,124,0),(30000087,125,0),(30000087,126,0),(30000087,127,0),(30000087,128,0),(30000087,129,0),(30000087,130,0),(30000087,131,0),(30000087,132,0),(30000087,133,0),(30000087,134,0),(30000087,135,0),(30000087,136,0),(30000087,137,0),(30000087,138,0),(30000087,139,0),(30000087,140,0),(30000087,141,0),(30000087,142,0),(30000087,143,0),(30000087,144,0),(30000087,145,0),(30000087,146,0),(30000087,147,0),(30000087,148,0),(30000087,149,0),(30000087,150,0),(30000087,151,0),(30000087,152,0),(30000088,2,0),(30000088,3,0),(30000088,4,0),(30000088,5,0),(30000088,6,0),(30000088,7,0),(30000088,8,0),(30000088,9,0),(30000088,10,0),(30000088,11,0),(30000088,12,0),(30000088,13,0),(30000088,14,0),(30000088,15,0),(30000088,16,0),(30000088,17,0),(30000088,18,0),(30000088,19,0),(30000088,20,0),(30000088,21,0),(30000088,22,0),(30000088,23,0),(30000088,24,0),(30000088,25,0),(30000088,26,0),(30000088,27,0),(30000088,28,0),(30000088,29,0),(30000088,30,0),(30000088,31,0),(30000088,32,0),(30000088,33,0),(30000088,34,0),(30000088,35,0),(30000088,36,0),(30000088,37,0),(30000088,38,0),(30000088,39,0),(30000088,40,0),(30000088,41,0),(30000088,42,0),(30000088,43,0),(30000088,44,0),(30000088,45,0),(30000088,46,0),(30000088,47,0),(30000088,48,0),(30000088,49,0),(30000088,50,0),(30000088,51,0),(30000088,52,0),(30000088,53,0),(30000088,54,0),(30000088,55,0),(30000088,56,0),(30000088,57,0),(30000088,58,0),(30000088,59,0),(30000088,60,0),(30000088,61,0),(30000088,62,0),(30000088,63,0),(30000088,64,0),(30000088,65,0),(30000088,66,0),(30000088,67,0),(30000088,68,0),(30000088,69,0),(30000088,70,0),(30000088,71,0),(30000088,72,0),(30000088,73,0),(30000088,74,0),(30000088,75,0),(30000088,76,0),(30000088,77,0),(30000088,78,0),(30000088,79,0),(30000088,80,0),(30000088,81,0),(30000088,82,0),(30000088,83,0),(30000088,84,0),(30000088,85,0),(30000088,86,0),(30000088,87,0),(30000088,88,0),(30000088,89,0),(30000088,90,0),(30000088,91,0),(30000088,92,0),(30000088,93,0),(30000088,94,0),(30000088,95,0),(30000088,96,0),(30000088,97,0),(30000088,98,0),(30000088,99,0),(30000088,100,0),(30000088,101,0),(30000088,102,0),(30000088,103,0),(30000088,104,0),(30000088,105,0),(30000088,106,0),(30000088,107,0),(30000088,108,0),(30000088,109,0),(30000088,110,0),(30000088,111,0),(30000088,112,0),(30000088,113,0),(30000088,114,0),(30000088,115,0),(30000088,116,0),(30000088,117,0),(30000088,118,0),(30000088,119,0),(30000088,120,0),(30000088,121,0),(30000088,122,0),(30000088,123,0),(30000088,124,0),(30000088,125,0),(30000088,126,0),(30000088,127,0),(30000088,128,0),(30000088,129,0),(30000088,130,0),(30000088,131,0),(30000088,132,0),(30000088,133,0),(30000088,134,0),(30000088,135,0),(30000088,136,0),(30000088,137,0),(30000088,138,0),(30000088,139,0),(30000088,140,0),(30000088,141,0),(30000088,142,0),(30000088,143,0),(30000088,144,0),(30000088,145,0),(30000088,146,0),(30000088,147,0),(30000088,148,0),(30000088,149,0),(30000088,150,0),(30000088,151,0),(30000088,152,0),(30000090,2,0),(30000090,3,0),(30000090,4,0),(30000090,5,0),(30000090,6,0),(30000090,7,0),(30000090,8,0),(30000090,9,0),(30000090,10,0),(30000090,11,0),(30000090,12,0),(30000090,13,0),(30000090,14,0),(30000090,15,0),(30000090,16,0),(30000090,17,0),(30000090,18,0),(30000090,19,0),(30000090,20,0),(30000090,21,0),(30000090,22,0),(30000090,23,0),(30000090,24,0),(30000090,25,0),(30000090,26,0),(30000090,27,0),(30000090,28,0),(30000090,29,0),(30000090,30,0),(30000090,31,0),(30000090,32,0),(30000090,33,0),(30000090,34,0),(30000090,35,0),(30000090,36,0),(30000090,37,0),(30000090,38,0),(30000090,39,0),(30000090,40,0),(30000090,41,0),(30000090,42,0),(30000090,43,0),(30000090,44,0),(30000090,45,0),(30000090,46,0),(30000090,47,0),(30000090,48,0),(30000090,49,0),(30000090,50,0),(30000090,51,0),(30000090,52,0),(30000090,53,0),(30000090,54,0),(30000090,55,0),(30000090,56,0),(30000090,57,0),(30000090,58,0),(30000090,59,0),(30000090,60,0),(30000090,61,0),(30000090,62,0),(30000090,63,0),(30000090,64,0),(30000090,65,0),(30000090,66,0),(30000090,67,0),(30000090,68,0),(30000090,69,0),(30000090,70,0),(30000090,71,0),(30000090,72,0),(30000090,73,0),(30000090,74,0),(30000090,75,0),(30000090,76,0),(30000090,77,0),(30000090,78,0),(30000090,79,0),(30000090,80,0),(30000090,81,0),(30000090,82,0),(30000090,83,0),(30000090,84,0),(30000090,85,0),(30000090,86,0),(30000090,87,0),(30000090,88,0),(30000090,89,0),(30000090,90,0),(30000090,91,0),(30000090,92,0),(30000090,93,0),(30000090,94,0),(30000090,95,0),(30000090,96,0),(30000090,97,0),(30000090,98,0),(30000090,99,0),(30000090,100,0),(30000090,101,0),(30000090,102,0),(30000090,103,0),(30000090,104,0),(30000090,105,0),(30000090,106,0),(30000090,107,0),(30000090,108,0),(30000090,109,0),(30000090,110,0),(30000090,111,0),(30000090,112,0),(30000090,113,0),(30000090,114,0),(30000090,115,0),(30000090,116,0),(30000090,117,0),(30000090,118,0),(30000090,119,0),(30000090,120,0),(30000090,121,0),(30000090,122,0),(30000090,123,0),(30000090,124,0),(30000090,125,0),(30000090,126,0),(30000090,127,0),(30000090,128,0),(30000090,129,0),(30000090,130,0),(30000090,131,0),(30000090,132,0),(30000090,133,0),(30000090,134,0),(30000090,135,0),(30000090,136,0),(30000090,137,0),(30000090,138,0),(30000090,139,0),(30000090,140,0),(30000090,141,0),(30000090,142,0),(30000090,143,0),(30000090,144,0),(30000090,145,0),(30000090,146,0),(30000090,147,0),(30000090,148,0),(30000090,149,0),(30000090,150,0),(30000090,151,0),(30000090,152,0),(30000091,2,0),(30000091,3,0),(30000091,4,0),(30000091,5,0),(30000091,6,0),(30000091,7,0),(30000091,8,0),(30000091,9,0),(30000091,10,0),(30000091,11,0),(30000091,12,0),(30000091,13,0),(30000091,14,0),(30000091,15,0),(30000091,16,0),(30000091,17,0),(30000091,18,0),(30000091,19,0),(30000091,20,0),(30000091,21,0),(30000091,22,0),(30000091,23,0),(30000091,24,0),(30000091,25,0),(30000091,26,0),(30000091,27,0),(30000091,28,0),(30000091,29,0),(30000091,30,0),(30000091,31,0),(30000091,32,0),(30000091,33,0),(30000091,34,0),(30000091,35,0),(30000091,36,0),(30000091,37,0),(30000091,38,0),(30000091,39,0),(30000091,40,0),(30000091,41,0),(30000091,42,0),(30000091,43,0),(30000091,44,0),(30000091,45,0),(30000091,46,0),(30000091,47,0),(30000091,48,0),(30000091,49,0),(30000091,50,0),(30000091,51,0),(30000091,52,0),(30000091,53,0),(30000091,54,0),(30000091,55,0),(30000091,56,0),(30000091,57,0),(30000091,58,0),(30000091,59,0),(30000091,60,0),(30000091,61,0),(30000091,62,0),(30000091,63,0),(30000091,64,0),(30000091,65,0),(30000091,66,0),(30000091,67,0),(30000091,68,0),(30000091,69,0),(30000091,70,0),(30000091,71,0),(30000091,72,0),(30000091,73,0),(30000091,74,0),(30000091,75,0),(30000091,76,0),(30000091,77,0),(30000091,78,0),(30000091,79,0),(30000091,80,0),(30000091,81,0),(30000091,82,0),(30000091,83,0),(30000091,84,0),(30000091,85,0),(30000091,86,0),(30000091,87,0),(30000091,88,0),(30000091,89,0),(30000091,90,0),(30000091,91,0),(30000091,92,0),(30000091,93,0),(30000091,94,0),(30000091,95,0),(30000091,96,0),(30000091,97,0),(30000091,98,0),(30000091,99,0),(30000091,100,0),(30000091,101,0),(30000091,102,0),(30000091,103,0),(30000091,104,0),(30000091,105,0),(30000091,106,0),(30000091,107,0),(30000091,108,0),(30000091,109,0),(30000091,110,0),(30000091,111,0),(30000091,112,0),(30000091,113,0),(30000091,114,0),(30000091,115,0),(30000091,116,0),(30000091,117,0),(30000091,118,0),(30000091,119,0),(30000091,120,0),(30000091,121,0),(30000091,122,0),(30000091,123,0),(30000091,124,0),(30000091,125,0),(30000091,126,0),(30000091,127,0),(30000091,128,0),(30000091,129,0),(30000091,130,0),(30000091,131,0),(30000091,132,0),(30000091,133,0),(30000091,134,0),(30000091,135,0),(30000091,136,0),(30000091,137,0),(30000091,138,0),(30000091,139,0),(30000091,140,0),(30000091,141,0),(30000091,142,0),(30000091,143,0),(30000091,144,0),(30000091,145,0),(30000091,146,0),(30000091,147,0),(30000091,148,0),(30000091,149,0),(30000091,150,0),(30000091,151,0),(30000091,152,0),(30000093,2,0),(30000093,3,0),(30000093,4,0),(30000093,5,0),(30000093,6,0),(30000093,7,0),(30000093,8,0),(30000093,9,0),(30000093,10,0),(30000093,11,0),(30000093,12,0),(30000093,13,0),(30000093,14,0),(30000093,15,0),(30000093,16,0),(30000093,17,0),(30000093,18,0),(30000093,19,0),(30000093,20,0),(30000093,21,0),(30000093,22,0),(30000093,23,0),(30000093,24,0),(30000093,25,0),(30000093,26,0),(30000093,27,0),(30000093,28,0),(30000093,29,0),(30000093,30,0),(30000093,31,0),(30000093,32,0),(30000093,33,0),(30000093,34,0),(30000093,35,0),(30000093,36,0),(30000093,37,0),(30000093,38,0),(30000093,39,0),(30000093,40,0),(30000093,41,0),(30000093,42,0),(30000093,43,0),(30000093,44,0),(30000093,45,0),(30000093,46,0),(30000093,47,0),(30000093,48,0),(30000093,49,0),(30000093,50,0),(30000093,51,0),(30000093,52,0),(30000093,53,0),(30000093,54,0),(30000093,55,0),(30000093,56,0),(30000093,57,0),(30000093,58,0),(30000093,59,0),(30000093,60,0),(30000093,61,0),(30000093,62,0),(30000093,63,0),(30000093,64,0),(30000093,65,0),(30000093,66,0),(30000093,67,0),(30000093,68,0),(30000093,69,0),(30000093,70,0),(30000093,71,0),(30000093,72,0),(30000093,73,0),(30000093,74,0),(30000093,75,0),(30000093,76,0),(30000093,77,0),(30000093,78,0),(30000093,79,0),(30000093,80,0),(30000093,81,0),(30000093,82,0),(30000093,83,0),(30000093,84,0),(30000093,85,0),(30000093,86,0),(30000093,87,0),(30000093,88,0),(30000093,89,0),(30000093,90,0),(30000093,91,0),(30000093,92,0),(30000093,93,0),(30000093,94,0),(30000093,95,0),(30000093,96,0),(30000093,97,0),(30000093,98,0),(30000093,99,0),(30000093,100,0),(30000093,101,0),(30000093,102,0),(30000093,103,0),(30000093,104,0),(30000093,105,0),(30000093,106,0),(30000093,107,0),(30000093,108,0),(30000093,109,0),(30000093,110,0),(30000093,111,0),(30000093,112,0),(30000093,113,0),(30000093,114,0),(30000093,115,0),(30000093,116,0),(30000093,117,0),(30000093,118,0),(30000093,119,0),(30000093,120,0),(30000093,121,0),(30000093,122,0),(30000093,123,0),(30000093,124,0),(30000093,125,0),(30000093,126,0),(30000093,127,0),(30000093,128,0),(30000093,129,0),(30000093,130,0),(30000093,131,0),(30000093,132,0),(30000093,133,0),(30000093,134,0),(30000093,135,0),(30000093,136,0),(30000093,137,0),(30000093,138,0),(30000093,139,0),(30000093,140,0),(30000093,141,0),(30000093,142,0),(30000093,143,0),(30000093,144,0),(30000093,145,0),(30000093,146,0),(30000093,147,0),(30000093,148,0),(30000093,149,0),(30000093,150,0),(30000093,151,0),(30000093,152,0),(30000095,2,0),(30000095,3,0),(30000095,4,0),(30000095,5,0),(30000095,6,0),(30000095,7,0),(30000095,8,0),(30000095,9,0),(30000095,10,0),(30000095,11,0),(30000095,12,0),(30000095,13,0),(30000095,14,0),(30000095,15,0),(30000095,16,0),(30000095,17,0),(30000095,18,0),(30000095,19,0),(30000095,20,0),(30000095,21,0),(30000095,22,0),(30000095,23,0),(30000095,24,0),(30000095,25,0),(30000095,26,0),(30000095,27,0),(30000095,28,0),(30000095,29,0),(30000095,30,0),(30000095,31,0),(30000095,32,0),(30000095,33,0),(30000095,34,0),(30000095,35,0),(30000095,36,0),(30000095,37,0),(30000095,38,0),(30000095,39,0),(30000095,40,0),(30000095,41,0),(30000095,42,0),(30000095,43,0),(30000095,44,0),(30000095,45,0),(30000095,46,0),(30000095,47,0),(30000095,48,0),(30000095,49,0),(30000095,50,0),(30000095,51,0),(30000095,52,0),(30000095,53,0),(30000095,54,0),(30000095,55,0),(30000095,56,0),(30000095,57,0),(30000095,58,0),(30000095,59,0),(30000095,60,0),(30000095,61,0),(30000095,62,0),(30000095,63,0),(30000095,64,0),(30000095,65,0),(30000095,66,0),(30000095,67,0),(30000095,68,0),(30000095,69,0),(30000095,70,0),(30000095,71,0),(30000095,72,0),(30000095,73,0),(30000095,74,0),(30000095,75,0),(30000095,76,0),(30000095,77,0),(30000095,78,0),(30000095,79,0),(30000095,80,0),(30000095,81,0),(30000095,82,0),(30000095,83,0),(30000095,84,0),(30000095,85,0),(30000095,86,0),(30000095,87,0),(30000095,88,0),(30000095,89,0),(30000095,90,0),(30000095,91,0),(30000095,92,0),(30000095,93,0),(30000095,94,0),(30000095,95,0),(30000095,96,0),(30000095,97,0),(30000095,98,0),(30000095,99,0),(30000095,100,0),(30000095,101,0),(30000095,102,0),(30000095,103,0),(30000095,104,0),(30000095,105,0),(30000095,106,0),(30000095,107,0),(30000095,108,0),(30000095,109,0),(30000095,110,0),(30000095,111,0),(30000095,112,0),(30000095,113,0),(30000095,114,0),(30000095,115,0),(30000095,116,0),(30000095,117,0),(30000095,118,0),(30000095,119,0),(30000095,120,0),(30000095,121,0),(30000095,122,0),(30000095,123,0),(30000095,124,0),(30000095,125,0),(30000095,126,0),(30000095,127,0),(30000095,128,0),(30000095,129,0),(30000095,130,0),(30000095,131,0),(30000095,132,0),(30000095,133,0),(30000095,134,0),(30000095,135,0),(30000095,136,0),(30000095,137,0),(30000095,138,0),(30000095,139,0),(30000095,140,0),(30000095,141,0),(30000095,142,0),(30000095,143,0),(30000095,144,0),(30000095,145,0),(30000095,146,0),(30000095,147,0),(30000095,148,0),(30000095,149,0),(30000095,150,0),(30000095,151,0),(30000095,152,0),(30000096,2,0),(30000096,3,0),(30000096,4,0),(30000096,5,0),(30000096,6,0),(30000096,7,0),(30000096,8,0),(30000096,9,0),(30000096,10,0),(30000096,11,0),(30000096,12,0),(30000096,13,0),(30000096,14,0),(30000096,15,0),(30000096,16,0),(30000096,17,0),(30000096,18,0),(30000096,19,0),(30000096,20,0),(30000096,21,0),(30000096,22,0),(30000096,23,0),(30000096,24,0),(30000096,25,0),(30000096,26,0),(30000096,27,0),(30000096,28,0),(30000096,29,0),(30000096,30,0),(30000096,31,0),(30000096,32,0),(30000096,33,0),(30000096,34,0),(30000096,35,0),(30000096,36,0),(30000096,37,0),(30000096,38,0),(30000096,39,0),(30000096,40,0),(30000096,41,0),(30000096,42,0),(30000096,43,0),(30000096,44,0),(30000096,45,0),(30000096,46,0),(30000096,47,0),(30000096,48,0),(30000096,49,0),(30000096,50,0),(30000096,51,0),(30000096,52,0),(30000096,53,0),(30000096,54,0),(30000096,55,0),(30000096,56,0),(30000096,57,0),(30000096,58,0),(30000096,59,0),(30000096,60,0),(30000096,61,0),(30000096,62,0),(30000096,63,0),(30000096,64,0),(30000096,65,0),(30000096,66,0),(30000096,67,0),(30000096,68,0),(30000096,69,0),(30000096,70,0),(30000096,71,0),(30000096,72,0),(30000096,73,0),(30000096,74,0),(30000096,75,0),(30000096,76,0),(30000096,77,0),(30000096,78,0),(30000096,79,0),(30000096,80,0),(30000096,81,0),(30000096,82,0),(30000096,83,0),(30000096,84,0),(30000096,85,0),(30000096,86,0),(30000096,87,0),(30000096,88,0),(30000096,89,0),(30000096,90,0),(30000096,91,0),(30000096,92,0),(30000096,93,0),(30000096,94,0),(30000096,95,0),(30000096,96,0),(30000096,97,0),(30000096,98,0),(30000096,99,0),(30000096,100,0),(30000096,101,0),(30000096,102,0),(30000096,103,0),(30000096,104,0),(30000096,105,0),(30000096,106,0),(30000096,107,0),(30000096,108,0),(30000096,109,0),(30000096,110,0),(30000096,111,0),(30000096,112,0),(30000096,113,0),(30000096,114,0),(30000096,115,0),(30000096,116,0),(30000096,117,0),(30000096,118,0),(30000096,119,0),(30000096,120,0),(30000096,121,0),(30000096,122,0),(30000096,123,0),(30000096,124,0),(30000096,125,0),(30000096,126,0),(30000096,127,0),(30000096,128,0),(30000096,129,0),(30000096,130,0),(30000096,131,0),(30000096,132,0),(30000096,133,0),(30000096,134,0),(30000096,135,0),(30000096,136,0),(30000096,137,0),(30000096,138,0),(30000096,139,0),(30000096,140,0),(30000096,141,0),(30000096,142,0),(30000096,143,0),(30000096,144,0),(30000096,145,0),(30000096,146,0),(30000096,147,0),(30000096,148,0),(30000096,149,0),(30000096,150,0),(30000096,151,0),(30000096,152,0),(30000098,2,0),(30000098,3,0),(30000098,4,0),(30000098,5,0),(30000098,6,0),(30000098,7,0),(30000098,8,0),(30000098,9,0),(30000098,10,0),(30000098,11,0),(30000098,12,0),(30000098,13,0),(30000098,14,0),(30000098,15,0),(30000098,16,0),(30000098,17,0),(30000098,18,0),(30000098,19,0),(30000098,20,0),(30000098,21,0),(30000098,22,0),(30000098,23,0),(30000098,24,0),(30000098,25,0),(30000098,26,0),(30000098,27,0),(30000098,28,0),(30000098,29,0),(30000098,30,0),(30000098,31,0),(30000098,32,0),(30000098,33,0),(30000098,34,0),(30000098,35,0),(30000098,36,0),(30000098,37,0),(30000098,38,0),(30000098,39,0),(30000098,40,0),(30000098,41,0),(30000098,42,0),(30000098,43,0),(30000098,44,0),(30000098,45,0),(30000098,46,0),(30000098,47,0),(30000098,48,0),(30000098,49,0),(30000098,50,0),(30000098,51,0),(30000098,52,0),(30000098,53,0),(30000098,54,0),(30000098,55,0),(30000098,56,0),(30000098,57,0),(30000098,58,0),(30000098,59,0),(30000098,60,0),(30000098,61,0),(30000098,62,0),(30000098,63,0),(30000098,64,0),(30000098,65,0),(30000098,66,0),(30000098,67,0),(30000098,68,0),(30000098,69,0),(30000098,70,0),(30000098,71,0),(30000098,72,0),(30000098,73,0),(30000098,74,0),(30000098,75,0),(30000098,76,0),(30000098,77,0),(30000098,78,0),(30000098,79,0),(30000098,80,0),(30000098,81,0),(30000098,82,0),(30000098,83,0),(30000098,84,0),(30000098,85,0),(30000098,86,0),(30000098,87,0),(30000098,88,0),(30000098,89,0),(30000098,90,0),(30000098,91,0),(30000098,92,0),(30000098,93,0),(30000098,94,0),(30000098,95,0),(30000098,96,0),(30000098,97,0),(30000098,98,0),(30000098,99,0),(30000098,100,0),(30000098,101,0),(30000098,102,0),(30000098,103,0),(30000098,104,0),(30000098,105,0),(30000098,106,0),(30000098,107,0),(30000098,108,0),(30000098,109,0),(30000098,110,0),(30000098,111,0),(30000098,112,0),(30000098,113,0),(30000098,114,0),(30000098,115,0),(30000098,116,0),(30000098,117,0),(30000098,118,0),(30000098,119,0),(30000098,120,0),(30000098,121,0),(30000098,122,0),(30000098,123,0),(30000098,124,0),(30000098,125,0),(30000098,126,0),(30000098,127,0),(30000098,128,0),(30000098,129,0),(30000098,130,0),(30000098,131,0),(30000098,132,0),(30000098,133,0),(30000098,134,0),(30000098,135,0),(30000098,136,0),(30000098,137,0),(30000098,138,0),(30000098,139,0),(30000098,140,0),(30000098,141,0),(30000098,142,0),(30000098,143,0),(30000098,144,0),(30000098,145,0),(30000098,146,0),(30000098,147,0),(30000098,148,0),(30000098,149,0),(30000098,150,0),(30000098,151,0),(30000098,152,0),(30000100,2,0),(30000100,3,0),(30000100,4,0),(30000100,5,0),(30000100,6,0),(30000100,7,0),(30000100,8,0),(30000100,9,0),(30000100,10,0),(30000100,11,0),(30000100,12,0),(30000100,13,0),(30000100,14,0),(30000100,15,0),(30000100,16,0),(30000100,17,0),(30000100,18,0),(30000100,19,0),(30000100,20,0),(30000100,21,0),(30000100,22,0),(30000100,23,0),(30000100,24,0),(30000100,25,0),(30000100,26,0),(30000100,27,0),(30000100,28,0),(30000100,29,0),(30000100,30,0),(30000100,31,0),(30000100,32,0),(30000100,33,0),(30000100,34,0),(30000100,35,0),(30000100,36,0),(30000100,37,0),(30000100,38,0),(30000100,39,0),(30000100,40,0),(30000100,41,0),(30000100,42,0),(30000100,43,0),(30000100,44,0),(30000100,45,0),(30000100,46,0),(30000100,47,0),(30000100,48,0),(30000100,49,0),(30000100,50,0),(30000100,51,0),(30000100,52,0),(30000100,53,0),(30000100,54,0),(30000100,55,0),(30000100,56,0),(30000100,57,0),(30000100,58,0),(30000100,59,0),(30000100,60,0),(30000100,61,0),(30000100,62,0),(30000100,63,0),(30000100,64,0),(30000100,65,0),(30000100,66,0),(30000100,67,0),(30000100,68,0),(30000100,69,0),(30000100,70,0),(30000100,71,0),(30000100,72,0),(30000100,73,0),(30000100,74,0),(30000100,75,0),(30000100,76,0),(30000100,77,0),(30000100,78,0),(30000100,79,0),(30000100,80,0),(30000100,81,0),(30000100,82,0),(30000100,83,0),(30000100,84,0),(30000100,85,0),(30000100,86,0),(30000100,87,0),(30000100,88,0),(30000100,89,0),(30000100,90,0),(30000100,91,0),(30000100,92,0),(30000100,93,0),(30000100,94,0),(30000100,95,0),(30000100,96,0),(30000100,97,0),(30000100,98,0),(30000100,99,0),(30000100,100,0),(30000100,101,0),(30000100,102,0),(30000100,103,0),(30000100,104,0),(30000100,105,0),(30000100,106,0),(30000100,107,0),(30000100,108,0),(30000100,109,0),(30000100,110,0),(30000100,111,0),(30000100,112,0),(30000100,113,0),(30000100,114,0),(30000100,115,0),(30000100,116,0),(30000100,117,0),(30000100,118,0),(30000100,119,0),(30000100,120,0),(30000100,121,0),(30000100,122,0),(30000100,123,0),(30000100,124,0),(30000100,125,0),(30000100,126,0),(30000100,127,0),(30000100,128,0),(30000100,129,0),(30000100,130,0),(30000100,131,0),(30000100,132,0),(30000100,133,0),(30000100,134,0),(30000100,135,0),(30000100,136,0),(30000100,137,0),(30000100,138,0),(30000100,139,0),(30000100,140,0),(30000100,141,0),(30000100,142,0),(30000100,143,0),(30000100,144,0),(30000100,145,0),(30000100,146,0),(30000100,147,0),(30000100,148,0),(30000100,149,0),(30000100,150,0),(30000100,151,0),(30000100,152,0),(30000102,2,0),(30000102,3,0),(30000102,4,0),(30000102,5,0),(30000102,6,0),(30000102,7,0),(30000102,8,0),(30000102,9,0),(30000102,10,0),(30000102,11,0),(30000102,12,0),(30000102,13,0),(30000102,14,0),(30000102,15,0),(30000102,16,0),(30000102,17,0),(30000102,18,0),(30000102,19,0),(30000102,20,0),(30000102,21,0),(30000102,22,0),(30000102,23,0),(30000102,24,0),(30000102,25,0),(30000102,26,0),(30000102,27,0),(30000102,28,0),(30000102,29,0),(30000102,30,0),(30000102,31,0),(30000102,32,0),(30000102,33,0),(30000102,34,0),(30000102,35,0),(30000102,36,0),(30000102,37,0),(30000102,38,0),(30000102,39,0),(30000102,40,0),(30000102,41,0),(30000102,42,0),(30000102,43,0),(30000102,44,0),(30000102,45,0),(30000102,46,0),(30000102,47,0),(30000102,48,0),(30000102,49,0),(30000102,50,0),(30000102,51,0),(30000102,52,0),(30000102,53,0),(30000102,54,0),(30000102,55,0),(30000102,56,0),(30000102,57,0),(30000102,58,0),(30000102,59,0),(30000102,60,0),(30000102,61,0),(30000102,62,0),(30000102,63,0),(30000102,64,0),(30000102,65,0),(30000102,66,0),(30000102,67,0),(30000102,68,0),(30000102,69,0),(30000102,70,0),(30000102,71,0),(30000102,72,0),(30000102,73,0),(30000102,74,0),(30000102,75,0),(30000102,76,0),(30000102,77,0),(30000102,78,0),(30000102,79,0),(30000102,80,0),(30000102,81,0),(30000102,82,0),(30000102,83,0),(30000102,84,0),(30000102,85,0),(30000102,86,0),(30000102,87,0),(30000102,88,0),(30000102,89,0),(30000102,90,0),(30000102,91,0),(30000102,92,0),(30000102,93,0),(30000102,94,0),(30000102,95,0),(30000102,96,0),(30000102,97,0),(30000102,98,0),(30000102,99,0),(30000102,100,0),(30000102,101,0),(30000102,102,0),(30000102,103,0),(30000102,104,0),(30000102,105,0),(30000102,106,0),(30000102,107,0),(30000102,108,0),(30000102,109,0),(30000102,110,0),(30000102,111,0),(30000102,112,0),(30000102,113,0),(30000102,114,0),(30000102,115,0),(30000102,116,0),(30000102,117,0),(30000102,118,0),(30000102,119,0),(30000102,120,0),(30000102,121,0),(30000102,122,0),(30000102,123,0),(30000102,124,0),(30000102,125,0),(30000102,126,0),(30000102,127,0),(30000102,128,0),(30000102,129,0),(30000102,130,0),(30000102,131,0),(30000102,132,0),(30000102,133,0),(30000102,134,0),(30000102,135,0),(30000102,136,0),(30000102,137,0),(30000102,138,0),(30000102,139,0),(30000102,140,0),(30000102,141,0),(30000102,142,0),(30000102,143,0),(30000102,144,0),(30000102,145,0),(30000102,146,0),(30000102,147,0),(30000102,148,0),(30000102,149,0),(30000102,150,0),(30000102,151,0),(30000102,152,0),(30000104,2,0),(30000104,3,0),(30000104,4,0),(30000104,5,0),(30000104,6,0),(30000104,7,0),(30000104,8,0),(30000104,9,0),(30000104,10,0),(30000104,11,0),(30000104,12,0),(30000104,13,0),(30000104,14,0),(30000104,15,0),(30000104,16,0),(30000104,17,0),(30000104,18,0),(30000104,19,0),(30000104,20,0),(30000104,21,0),(30000104,22,0),(30000104,23,0),(30000104,24,0),(30000104,25,0),(30000104,26,0),(30000104,27,0),(30000104,28,0),(30000104,29,0),(30000104,30,0),(30000104,31,0),(30000104,32,0),(30000104,33,0),(30000104,34,0),(30000104,35,0),(30000104,36,0),(30000104,37,0),(30000104,38,0),(30000104,39,0),(30000104,40,0),(30000104,41,0),(30000104,42,0),(30000104,43,0),(30000104,44,0),(30000104,45,0),(30000104,46,0),(30000104,47,0),(30000104,48,0),(30000104,49,0),(30000104,50,0),(30000104,51,0),(30000104,52,0),(30000104,53,0),(30000104,54,0),(30000104,55,0),(30000104,56,0),(30000104,57,0),(30000104,58,0),(30000104,59,0),(30000104,60,0),(30000104,61,0),(30000104,62,0),(30000104,63,0),(30000104,64,0),(30000104,65,0),(30000104,66,0),(30000104,67,0),(30000104,68,0),(30000104,69,0),(30000104,70,0),(30000104,71,0),(30000104,72,0),(30000104,73,0),(30000104,74,0),(30000104,75,0),(30000104,76,0),(30000104,77,0),(30000104,78,0),(30000104,79,0),(30000104,80,0),(30000104,81,0),(30000104,82,0),(30000104,83,0),(30000104,84,0),(30000104,85,0),(30000104,86,0),(30000104,87,0),(30000104,88,0),(30000104,89,0),(30000104,90,0),(30000104,91,0),(30000104,92,0),(30000104,93,0),(30000104,94,0),(30000104,95,0),(30000104,96,0),(30000104,97,0),(30000104,98,0),(30000104,99,0),(30000104,100,0),(30000104,101,0),(30000104,102,0),(30000104,103,0),(30000104,104,0),(30000104,105,0),(30000104,106,0),(30000104,107,0),(30000104,108,0),(30000104,109,0),(30000104,110,0),(30000104,111,0),(30000104,112,0),(30000104,113,0),(30000104,114,0),(30000104,115,0),(30000104,116,0),(30000104,117,0),(30000104,118,0),(30000104,119,0),(30000104,120,0),(30000104,121,0),(30000104,122,0),(30000104,123,0),(30000104,124,0),(30000104,125,0),(30000104,126,0),(30000104,127,0),(30000104,128,0),(30000104,129,0),(30000104,130,0),(30000104,131,0),(30000104,132,0),(30000104,133,0),(30000104,134,0),(30000104,135,0),(30000104,136,0),(30000104,137,0),(30000104,138,0),(30000104,139,0),(30000104,140,0),(30000104,141,0),(30000104,142,0),(30000104,143,0),(30000104,144,0),(30000104,145,0),(30000104,146,0),(30000104,147,0),(30000104,148,0),(30000104,149,0),(30000104,150,0),(30000104,151,0),(30000104,152,0),(30000105,2,0),(30000105,3,0),(30000105,4,0),(30000105,5,0),(30000105,6,0),(30000105,7,0),(30000105,8,0),(30000105,9,0),(30000105,10,0),(30000105,11,0),(30000105,12,0),(30000105,13,0),(30000105,14,0),(30000105,15,0),(30000105,16,0),(30000105,17,0),(30000105,18,0),(30000105,19,0),(30000105,20,0),(30000105,21,0),(30000105,22,0),(30000105,23,0),(30000105,24,0),(30000105,25,0),(30000105,26,0),(30000105,27,0),(30000105,28,0),(30000105,29,0),(30000105,30,0),(30000105,31,0),(30000105,32,0),(30000105,33,0),(30000105,34,0),(30000105,35,0),(30000105,36,0),(30000105,37,0),(30000105,38,0),(30000105,39,0),(30000105,40,0),(30000105,41,0),(30000105,42,0),(30000105,43,0),(30000105,44,0),(30000105,45,0),(30000105,46,0),(30000105,47,0),(30000105,48,0),(30000105,49,0),(30000105,50,0),(30000105,51,0),(30000105,52,0),(30000105,53,0),(30000105,54,0),(30000105,55,0),(30000105,56,0),(30000105,57,0),(30000105,58,0),(30000105,59,0),(30000105,60,0),(30000105,61,0),(30000105,62,0),(30000105,63,0),(30000105,64,0),(30000105,65,0),(30000105,66,0),(30000105,67,0),(30000105,68,0),(30000105,69,0),(30000105,70,0),(30000105,71,0),(30000105,72,0),(30000105,73,0),(30000105,74,0),(30000105,75,0),(30000105,76,0),(30000105,77,0),(30000105,78,0),(30000105,79,0),(30000105,80,0),(30000105,81,0),(30000105,82,0),(30000105,83,0),(30000105,84,0),(30000105,85,0),(30000105,86,0),(30000105,87,0),(30000105,88,0),(30000105,89,0),(30000105,90,0),(30000105,91,0),(30000105,92,0),(30000105,93,0),(30000105,94,0),(30000105,95,0),(30000105,96,0),(30000105,97,0),(30000105,98,0),(30000105,99,0),(30000105,100,0),(30000105,101,0),(30000105,102,0),(30000105,103,0),(30000105,104,0),(30000105,105,0),(30000105,106,0),(30000105,107,0),(30000105,108,0),(30000105,109,0),(30000105,110,0),(30000105,111,0),(30000105,112,0),(30000105,113,0),(30000105,114,0),(30000105,115,0),(30000105,116,0),(30000105,117,0),(30000105,118,0),(30000105,119,0),(30000105,120,0),(30000105,121,0),(30000105,122,0),(30000105,123,0),(30000105,124,0),(30000105,125,0),(30000105,126,0),(30000105,127,0),(30000105,128,0),(30000105,129,0),(30000105,130,0),(30000105,131,0),(30000105,132,0),(30000105,133,0),(30000105,134,0),(30000105,135,0),(30000105,136,0),(30000105,137,0),(30000105,138,0),(30000105,139,0),(30000105,140,0),(30000105,141,0),(30000105,142,0),(30000105,143,0),(30000105,144,0),(30000105,145,0),(30000105,146,0),(30000105,147,0),(30000105,148,0),(30000105,149,0),(30000105,150,0),(30000105,151,0),(30000105,152,0),(30000107,2,0),(30000107,3,0),(30000107,4,0),(30000107,5,0),(30000107,6,0),(30000107,7,0),(30000107,8,0),(30000107,9,0),(30000107,10,0),(30000107,11,0),(30000107,12,0),(30000107,13,0),(30000107,14,0),(30000107,15,0),(30000107,16,0),(30000107,17,0),(30000107,18,0),(30000107,19,0),(30000107,20,0),(30000107,21,0),(30000107,22,0),(30000107,23,0),(30000107,24,0),(30000107,25,0),(30000107,26,0),(30000107,27,0),(30000107,28,0),(30000107,29,0),(30000107,30,0),(30000107,31,0),(30000107,32,0),(30000107,33,0),(30000107,34,0),(30000107,35,0),(30000107,36,0),(30000107,37,0),(30000107,38,0),(30000107,39,0),(30000107,40,0),(30000107,41,0),(30000107,42,0),(30000107,43,0),(30000107,44,0),(30000107,45,0),(30000107,46,0),(30000107,47,0),(30000107,48,0),(30000107,49,0),(30000107,50,0),(30000107,51,0),(30000107,52,0),(30000107,53,0),(30000107,54,0),(30000107,55,0),(30000107,56,0),(30000107,57,0),(30000107,58,0),(30000107,59,0),(30000107,60,0),(30000107,61,0),(30000107,62,0),(30000107,63,0),(30000107,64,0),(30000107,65,0),(30000107,66,0),(30000107,67,0),(30000107,68,0),(30000107,69,0),(30000107,70,0),(30000107,71,0),(30000107,72,0),(30000107,73,0),(30000107,74,0),(30000107,75,0),(30000107,76,0),(30000107,77,0),(30000107,78,0),(30000107,79,0),(30000107,80,0),(30000107,81,0),(30000107,82,0),(30000107,83,0),(30000107,84,0),(30000107,85,0),(30000107,86,0),(30000107,87,0),(30000107,88,0),(30000107,89,0),(30000107,90,0),(30000107,91,0),(30000107,92,0),(30000107,93,0),(30000107,94,0),(30000107,95,0),(30000107,96,0),(30000107,97,0),(30000107,98,0),(30000107,99,0),(30000107,100,0),(30000107,101,0),(30000107,102,0),(30000107,103,0),(30000107,104,0),(30000107,105,0),(30000107,106,0),(30000107,107,0),(30000107,108,0),(30000107,109,0),(30000107,110,0),(30000107,111,0),(30000107,112,0),(30000107,113,0),(30000107,114,0),(30000107,115,0),(30000107,116,0),(30000107,117,0),(30000107,118,0),(30000107,119,0),(30000107,120,0),(30000107,121,0),(30000107,122,0),(30000107,123,0),(30000107,124,0),(30000107,125,0),(30000107,126,0),(30000107,127,0),(30000107,128,0),(30000107,129,0),(30000107,130,0),(30000107,131,0),(30000107,132,0),(30000107,133,0),(30000107,134,0),(30000107,135,0),(30000107,136,0),(30000107,137,0),(30000107,138,0),(30000107,139,0),(30000107,140,0),(30000107,141,0),(30000107,142,0),(30000107,143,0),(30000107,144,0),(30000107,145,0),(30000107,146,0),(30000107,147,0),(30000107,148,0),(30000107,149,0),(30000107,150,0),(30000107,151,0),(30000107,152,0),(30000109,2,0),(30000109,3,0),(30000109,4,0),(30000109,5,0),(30000109,6,0),(30000109,7,0),(30000109,8,0),(30000109,9,0),(30000109,10,0),(30000109,11,0),(30000109,12,0),(30000109,13,0),(30000109,14,0),(30000109,15,0),(30000109,16,0),(30000109,17,0),(30000109,18,0),(30000109,19,0),(30000109,20,0),(30000109,21,0),(30000109,22,0),(30000109,23,0),(30000109,24,0),(30000109,25,0),(30000109,26,0),(30000109,27,0),(30000109,28,0),(30000109,29,0),(30000109,30,0),(30000109,31,0),(30000109,32,0),(30000109,33,0),(30000109,34,0),(30000109,35,0),(30000109,36,0),(30000109,37,0),(30000109,38,0),(30000109,39,0),(30000109,40,0),(30000109,41,0),(30000109,42,0),(30000109,43,0),(30000109,44,0),(30000109,45,0),(30000109,46,0),(30000109,47,0),(30000109,48,0),(30000109,49,0),(30000109,50,0),(30000109,51,0),(30000109,52,0),(30000109,53,0),(30000109,54,0),(30000109,55,0),(30000109,56,0),(30000109,57,0),(30000109,58,0),(30000109,59,0),(30000109,60,0),(30000109,61,0),(30000109,62,0),(30000109,63,0),(30000109,64,0),(30000109,65,0),(30000109,66,0),(30000109,67,0),(30000109,68,0),(30000109,69,0),(30000109,70,0),(30000109,71,0),(30000109,72,0),(30000109,73,0),(30000109,74,0),(30000109,75,0),(30000109,76,0),(30000109,77,0),(30000109,78,0),(30000109,79,0),(30000109,80,0),(30000109,81,0),(30000109,82,0),(30000109,83,0),(30000109,84,0),(30000109,85,0),(30000109,86,0),(30000109,87,0),(30000109,88,0),(30000109,89,0),(30000109,90,0),(30000109,91,0),(30000109,92,0),(30000109,93,0),(30000109,94,0),(30000109,95,0),(30000109,96,0),(30000109,97,0),(30000109,98,0),(30000109,99,0),(30000109,100,0),(30000109,101,0),(30000109,102,0),(30000109,103,0),(30000109,104,0),(30000109,105,0),(30000109,106,0),(30000109,107,0),(30000109,108,0),(30000109,109,0),(30000109,110,0),(30000109,111,0),(30000109,112,0),(30000109,113,0),(30000109,114,0),(30000109,115,0),(30000109,116,0),(30000109,117,0),(30000109,118,0),(30000109,119,0),(30000109,120,0),(30000109,121,0),(30000109,122,0),(30000109,123,0),(30000109,124,0),(30000109,125,0),(30000109,126,0),(30000109,127,0),(30000109,128,0),(30000109,129,0),(30000109,130,0),(30000109,131,0),(30000109,132,0),(30000109,133,0),(30000109,134,0),(30000109,135,0),(30000109,136,0),(30000109,137,0),(30000109,138,0),(30000109,139,0),(30000109,140,0),(30000109,141,0),(30000109,142,0),(30000109,143,0),(30000109,144,0),(30000109,145,0),(30000109,146,0),(30000109,147,0),(30000109,148,0),(30000109,149,0),(30000109,150,0),(30000109,151,0),(30000109,152,0),(30000112,2,0),(30000112,3,0),(30000112,4,0),(30000112,5,0),(30000112,6,0),(30000112,7,0),(30000112,8,0),(30000112,9,0),(30000112,10,0),(30000112,11,0),(30000112,12,0),(30000112,13,0),(30000112,14,0),(30000112,15,0),(30000112,16,0),(30000112,17,0),(30000112,18,0),(30000112,19,0),(30000112,20,0),(30000112,21,0),(30000112,22,0),(30000112,23,0),(30000112,24,0),(30000112,25,0),(30000112,26,0),(30000112,27,0),(30000112,28,0),(30000112,29,0),(30000112,30,0),(30000112,31,0),(30000112,32,0),(30000112,33,0),(30000112,34,0),(30000112,35,0),(30000112,36,0),(30000112,37,0),(30000112,38,0),(30000112,39,0),(30000112,40,0),(30000112,41,0),(30000112,42,0),(30000112,43,0),(30000112,44,0),(30000112,45,0),(30000112,46,0),(30000112,47,0),(30000112,48,0),(30000112,49,0),(30000112,50,0),(30000112,51,0),(30000112,52,0),(30000112,53,0),(30000112,54,0),(30000112,55,0),(30000112,56,0),(30000112,57,0),(30000112,58,0),(30000112,59,0),(30000112,60,0),(30000112,61,0),(30000112,62,0),(30000112,63,0),(30000112,64,0),(30000112,65,0),(30000112,66,0),(30000112,67,0),(30000112,68,0),(30000112,69,0),(30000112,70,0),(30000112,71,0),(30000112,72,0),(30000112,73,0),(30000112,74,0),(30000112,75,0),(30000112,76,0),(30000112,77,0),(30000112,78,0),(30000112,79,0),(30000112,80,0),(30000112,81,0),(30000112,82,0),(30000112,83,0),(30000112,84,0),(30000112,85,0),(30000112,86,0),(30000112,87,0),(30000112,88,0),(30000112,89,0),(30000112,90,0),(30000112,91,0),(30000112,92,0),(30000112,93,0),(30000112,94,0),(30000112,95,0),(30000112,96,0),(30000112,97,0),(30000112,98,0),(30000112,99,0),(30000112,100,0),(30000112,101,0),(30000112,102,0),(30000112,103,0),(30000112,104,0),(30000112,105,0),(30000112,106,0),(30000112,107,0),(30000112,108,0),(30000112,109,0),(30000112,110,0),(30000112,111,0),(30000112,112,0),(30000112,113,0),(30000112,114,0),(30000112,115,0),(30000112,116,0),(30000112,117,0),(30000112,118,0),(30000112,119,0),(30000112,120,0),(30000112,121,0),(30000112,122,0),(30000112,123,0),(30000112,124,0),(30000112,125,0),(30000112,126,0),(30000112,127,0),(30000112,128,0),(30000112,129,0),(30000112,130,0),(30000112,131,0),(30000112,132,0),(30000112,133,0),(30000112,134,0),(30000112,135,0),(30000112,136,0),(30000112,137,0),(30000112,138,0),(30000112,139,0),(30000112,140,0),(30000112,141,0),(30000112,142,0),(30000112,143,0),(30000112,144,0),(30000112,145,0),(30000112,146,0),(30000112,147,0),(30000112,148,0),(30000112,149,0),(30000112,150,0),(30000112,151,0),(30000112,152,0),(30000114,2,0),(30000114,3,0),(30000114,4,0),(30000114,5,0),(30000114,6,0),(30000114,7,0),(30000114,8,0),(30000114,9,0),(30000114,10,0),(30000114,11,0),(30000114,12,0),(30000114,13,0),(30000114,14,0),(30000114,15,0),(30000114,16,0),(30000114,17,0),(30000114,18,0),(30000114,19,0),(30000114,20,0),(30000114,21,0),(30000114,22,0),(30000114,23,0),(30000114,24,0),(30000114,25,0),(30000114,26,0),(30000114,27,0),(30000114,28,0),(30000114,29,0),(30000114,30,0),(30000114,31,0),(30000114,32,0),(30000114,33,0),(30000114,34,0),(30000114,35,0),(30000114,36,0),(30000114,37,0),(30000114,38,0),(30000114,39,0),(30000114,40,0),(30000114,41,0),(30000114,42,0),(30000114,43,0),(30000114,44,0),(30000114,45,0),(30000114,46,0),(30000114,47,0),(30000114,48,0),(30000114,49,0),(30000114,50,0),(30000114,51,0),(30000114,52,0),(30000114,53,0),(30000114,54,0),(30000114,55,0),(30000114,56,0),(30000114,57,0),(30000114,58,0),(30000114,59,0),(30000114,60,0),(30000114,61,0),(30000114,62,0),(30000114,63,0),(30000114,64,0),(30000114,65,0),(30000114,66,0),(30000114,67,0),(30000114,68,0),(30000114,69,0),(30000114,70,0),(30000114,71,0),(30000114,72,0),(30000114,73,0),(30000114,74,0),(30000114,75,0),(30000114,76,0),(30000114,77,0),(30000114,78,0),(30000114,79,0),(30000114,80,0),(30000114,81,0),(30000114,82,0),(30000114,83,0),(30000114,84,0),(30000114,85,0),(30000114,86,0),(30000114,87,0),(30000114,88,0),(30000114,89,0),(30000114,90,0),(30000114,91,0),(30000114,92,0),(30000114,93,0),(30000114,94,0),(30000114,95,0),(30000114,96,0),(30000114,97,0),(30000114,98,0),(30000114,99,0),(30000114,100,0),(30000114,101,0),(30000114,102,0),(30000114,103,0),(30000114,104,0),(30000114,105,0),(30000114,106,0),(30000114,107,0),(30000114,108,0),(30000114,109,0),(30000114,110,0),(30000114,111,0),(30000114,112,0),(30000114,113,0),(30000114,114,0),(30000114,115,0),(30000114,116,0),(30000114,117,0),(30000114,118,0),(30000114,119,0),(30000114,120,0),(30000114,121,0),(30000114,122,0),(30000114,123,0),(30000114,124,0),(30000114,125,0),(30000114,126,0),(30000114,127,0),(30000114,128,0),(30000114,129,0),(30000114,130,0),(30000114,131,0),(30000114,132,0),(30000114,133,0),(30000114,134,0),(30000114,135,0),(30000114,136,0),(30000114,137,0),(30000114,138,0),(30000114,139,0),(30000114,140,0),(30000114,141,0),(30000114,142,0),(30000114,143,0),(30000114,144,0),(30000114,145,0),(30000114,146,0),(30000114,147,0),(30000114,148,0),(30000114,149,0),(30000114,150,0),(30000114,151,0),(30000114,152,0),(30000118,2,0),(30000118,3,0),(30000118,4,0),(30000118,5,0),(30000118,6,0),(30000118,7,0),(30000118,8,0),(30000118,9,0),(30000118,10,0),(30000118,11,0),(30000118,12,0),(30000118,13,0),(30000118,14,0),(30000118,15,0),(30000118,16,0),(30000118,17,0),(30000118,18,0),(30000118,19,0),(30000118,20,0),(30000118,21,0),(30000118,22,0),(30000118,23,0),(30000118,24,0),(30000118,25,0),(30000118,26,0),(30000118,27,0),(30000118,28,0),(30000118,29,0),(30000118,30,0),(30000118,31,0),(30000118,32,0),(30000118,33,0),(30000118,34,0),(30000118,35,0),(30000118,36,0),(30000118,37,0),(30000118,38,0),(30000118,39,0),(30000118,40,0),(30000118,41,0),(30000118,42,0),(30000118,43,0),(30000118,44,0),(30000118,45,0),(30000118,46,0),(30000118,47,0),(30000118,48,0),(30000118,49,0),(30000118,50,0),(30000118,51,0),(30000118,52,0),(30000118,53,0),(30000118,54,0),(30000118,55,0),(30000118,56,0),(30000118,57,0),(30000118,58,0),(30000118,59,0),(30000118,60,0),(30000118,61,0),(30000118,62,0),(30000118,63,0),(30000118,64,0),(30000118,65,0),(30000118,66,0),(30000118,67,0),(30000118,68,0),(30000118,69,0),(30000118,70,0),(30000118,71,0),(30000118,72,0),(30000118,73,0),(30000118,74,0),(30000118,75,0),(30000118,76,0),(30000118,77,0),(30000118,78,0),(30000118,79,0),(30000118,80,0),(30000118,81,0),(30000118,82,0),(30000118,83,0),(30000118,84,0),(30000118,85,0),(30000118,86,0),(30000118,87,0),(30000118,88,0),(30000118,89,0),(30000118,90,0),(30000118,91,0),(30000118,92,0),(30000118,93,0),(30000118,94,0),(30000118,95,0),(30000118,96,0),(30000118,97,0),(30000118,98,0),(30000118,99,0),(30000118,100,0),(30000118,101,0),(30000118,102,0),(30000118,103,0),(30000118,104,0),(30000118,105,0),(30000118,106,0),(30000118,107,0),(30000118,108,0),(30000118,109,0),(30000118,110,0),(30000118,111,0),(30000118,112,0),(30000118,113,0),(30000118,114,0),(30000118,115,0),(30000118,116,0),(30000118,117,0),(30000118,118,0),(30000118,119,0),(30000118,120,0),(30000118,121,0),(30000118,122,0),(30000118,123,0),(30000118,124,0),(30000118,125,0),(30000118,126,0),(30000118,127,0),(30000118,128,0),(30000118,129,0),(30000118,130,0),(30000118,131,0),(30000118,132,0),(30000118,133,0),(30000118,134,0),(30000118,135,0),(30000118,136,0),(30000118,137,0),(30000118,138,0),(30000118,139,0),(30000118,140,0),(30000118,141,0),(30000118,142,0),(30000118,143,0),(30000118,144,0),(30000118,145,0),(30000118,146,0),(30000118,147,0),(30000118,148,0),(30000118,149,0),(30000118,150,0),(30000118,151,0),(30000118,152,0),(30000122,2,0),(30000122,3,0),(30000122,4,0),(30000122,5,0),(30000122,6,0),(30000122,7,0),(30000122,8,0),(30000122,9,0),(30000122,10,0),(30000122,11,0),(30000122,12,0),(30000122,13,0),(30000122,14,0),(30000122,15,0),(30000122,16,0),(30000122,17,0),(30000122,18,0),(30000122,19,0),(30000122,20,0),(30000122,21,0),(30000122,22,0),(30000122,23,0),(30000122,24,0),(30000122,25,0),(30000122,26,0),(30000122,27,0),(30000122,28,0),(30000122,29,0),(30000122,30,0),(30000122,31,0),(30000122,32,0),(30000122,33,0),(30000122,34,0),(30000122,35,0),(30000122,36,0),(30000122,37,0),(30000122,38,0),(30000122,39,0),(30000122,40,0),(30000122,41,0),(30000122,42,0),(30000122,43,0),(30000122,44,0),(30000122,45,0),(30000122,46,0),(30000122,47,0),(30000122,48,0),(30000122,49,0),(30000122,50,0),(30000122,51,0),(30000122,52,0),(30000122,53,0),(30000122,54,0),(30000122,55,0),(30000122,56,0),(30000122,57,0),(30000122,58,0),(30000122,59,0),(30000122,60,0),(30000122,61,0),(30000122,62,0),(30000122,63,0),(30000122,64,0),(30000122,65,0),(30000122,66,0),(30000122,67,0),(30000122,68,0),(30000122,69,0),(30000122,70,0),(30000122,71,0),(30000122,72,0),(30000122,73,0),(30000122,74,0),(30000122,75,0),(30000122,76,0),(30000122,77,0),(30000122,78,0),(30000122,79,0),(30000122,80,0),(30000122,81,0),(30000122,82,0),(30000122,83,0),(30000122,84,0),(30000122,85,0),(30000122,86,0),(30000122,87,0),(30000122,88,0),(30000122,89,0),(30000122,90,0),(30000122,91,0),(30000122,92,0),(30000122,93,0),(30000122,94,0),(30000122,95,0),(30000122,96,0),(30000122,97,0),(30000122,98,0),(30000122,99,0),(30000122,100,0),(30000122,101,0),(30000122,102,0),(30000122,103,0),(30000122,104,0),(30000122,105,0),(30000122,106,0),(30000122,107,0),(30000122,108,0),(30000122,109,0),(30000122,110,0),(30000122,111,0),(30000122,112,0),(30000122,113,0),(30000122,114,0),(30000122,115,0),(30000122,116,0),(30000122,117,0),(30000122,118,0),(30000122,119,0),(30000122,120,0),(30000122,121,0),(30000122,122,0),(30000122,123,0),(30000122,124,0),(30000122,125,0),(30000122,126,0),(30000122,127,0),(30000122,128,0),(30000122,129,0),(30000122,130,0),(30000122,131,0),(30000122,132,0),(30000122,133,0),(30000122,134,0),(30000122,135,0),(30000122,136,0),(30000122,137,0),(30000122,138,0),(30000122,139,0),(30000122,140,0),(30000122,141,0),(30000122,142,0),(30000122,143,0),(30000122,144,0),(30000122,145,0),(30000122,146,0),(30000122,147,0),(30000122,148,0),(30000122,149,0),(30000122,150,0),(30000122,151,0),(30000122,152,0),(30000123,2,0),(30000123,3,0),(30000123,4,0),(30000123,5,0),(30000123,6,0),(30000123,7,0),(30000123,8,0),(30000123,9,0),(30000123,10,0),(30000123,11,0),(30000123,12,0),(30000123,13,0),(30000123,14,0),(30000123,15,0),(30000123,16,0),(30000123,17,0),(30000123,18,0),(30000123,19,0),(30000123,20,0),(30000123,21,0),(30000123,22,0),(30000123,23,0),(30000123,24,0),(30000123,25,0),(30000123,26,0),(30000123,27,0),(30000123,28,0),(30000123,29,0),(30000123,30,0),(30000123,31,0),(30000123,32,0),(30000123,33,0),(30000123,34,0),(30000123,35,0),(30000123,36,0),(30000123,37,0),(30000123,38,0),(30000123,39,0),(30000123,40,0),(30000123,41,0),(30000123,42,0),(30000123,43,0),(30000123,44,0),(30000123,45,0),(30000123,46,0),(30000123,47,0),(30000123,48,0),(30000123,49,0),(30000123,50,0),(30000123,51,0),(30000123,52,0),(30000123,53,0),(30000123,54,0),(30000123,55,0),(30000123,56,0),(30000123,57,0),(30000123,58,0),(30000123,59,0),(30000123,60,0),(30000123,61,0),(30000123,62,0),(30000123,63,0),(30000123,64,0),(30000123,65,0),(30000123,66,0),(30000123,67,0),(30000123,68,0),(30000123,69,0),(30000123,70,0),(30000123,71,0),(30000123,72,0),(30000123,73,0),(30000123,74,0),(30000123,75,0),(30000123,76,0),(30000123,77,0),(30000123,78,0),(30000123,79,0),(30000123,80,0),(30000123,81,0),(30000123,82,0),(30000123,83,0),(30000123,84,0),(30000123,85,0),(30000123,86,0),(30000123,87,0),(30000123,88,0),(30000123,89,0),(30000123,90,0),(30000123,91,0),(30000123,92,0),(30000123,93,0),(30000123,94,0),(30000123,95,0),(30000123,96,0),(30000123,97,0),(30000123,98,0),(30000123,99,0),(30000123,100,0),(30000123,101,0),(30000123,102,0),(30000123,103,0),(30000123,104,0),(30000123,105,0),(30000123,106,0),(30000123,107,0),(30000123,108,0),(30000123,109,0),(30000123,110,0),(30000123,111,0),(30000123,112,0),(30000123,113,0),(30000123,114,0),(30000123,115,0),(30000123,116,0),(30000123,117,0),(30000123,118,0),(30000123,119,0),(30000123,120,0),(30000123,121,0),(30000123,122,0),(30000123,123,0),(30000123,124,0),(30000123,125,0),(30000123,126,0),(30000123,127,0),(30000123,128,0),(30000123,129,0),(30000123,130,0),(30000123,131,0),(30000123,132,0),(30000123,133,0),(30000123,134,0),(30000123,135,0),(30000123,136,0),(30000123,137,0),(30000123,138,0),(30000123,139,0),(30000123,140,0),(30000123,141,0),(30000123,142,0),(30000123,143,0),(30000123,144,0),(30000123,145,0),(30000123,146,0),(30000123,147,0),(30000123,148,0),(30000123,149,0),(30000123,150,0),(30000123,151,0),(30000123,152,0),(30000126,2,0),(30000126,3,0),(30000126,4,0),(30000126,5,0),(30000126,6,0),(30000126,7,0),(30000126,8,0),(30000126,9,0),(30000126,10,0),(30000126,11,0),(30000126,12,0),(30000126,13,0),(30000126,14,0),(30000126,15,0),(30000126,16,0),(30000126,17,0),(30000126,18,0),(30000126,19,0),(30000126,20,0),(30000126,21,0),(30000126,22,0),(30000126,23,0),(30000126,24,0),(30000126,25,0),(30000126,26,0),(30000126,27,0),(30000126,28,0),(30000126,29,0),(30000126,30,0),(30000126,31,0),(30000126,32,0),(30000126,33,0),(30000126,34,0),(30000126,35,0),(30000126,36,0),(30000126,37,0),(30000126,38,0),(30000126,39,0),(30000126,40,0),(30000126,41,0),(30000126,42,0),(30000126,43,0),(30000126,44,0),(30000126,45,0),(30000126,46,0),(30000126,47,0),(30000126,48,0),(30000126,49,0),(30000126,50,0),(30000126,51,0),(30000126,52,0),(30000126,53,0),(30000126,54,0),(30000126,55,0),(30000126,56,0),(30000126,57,0),(30000126,58,0),(30000126,59,0),(30000126,60,0),(30000126,61,0),(30000126,62,0),(30000126,63,0),(30000126,64,0),(30000126,65,0),(30000126,66,0),(30000126,67,0),(30000126,68,0),(30000126,69,0),(30000126,70,0),(30000126,71,0),(30000126,72,0),(30000126,73,0),(30000126,74,0),(30000126,75,0),(30000126,76,0),(30000126,77,0),(30000126,78,0),(30000126,79,0),(30000126,80,0),(30000126,81,0),(30000126,82,0),(30000126,83,0),(30000126,84,0),(30000126,85,0),(30000126,86,0),(30000126,87,0),(30000126,88,0),(30000126,89,0),(30000126,90,0),(30000126,91,0),(30000126,92,0),(30000126,93,0),(30000126,94,0),(30000126,95,0),(30000126,96,0),(30000126,97,0),(30000126,98,0),(30000126,99,0),(30000126,100,0),(30000126,101,0),(30000126,102,0),(30000126,103,0),(30000126,104,0),(30000126,105,0),(30000126,106,0),(30000126,107,0),(30000126,108,0),(30000126,109,0),(30000126,110,0),(30000126,111,0),(30000126,112,0),(30000126,113,0),(30000126,114,0),(30000126,115,0),(30000126,116,0),(30000126,117,0),(30000126,118,0),(30000126,119,0),(30000126,120,0),(30000126,121,0),(30000126,122,0),(30000126,123,0),(30000126,124,0),(30000126,125,0),(30000126,126,0),(30000126,127,0),(30000126,128,0),(30000126,129,0),(30000126,130,0),(30000126,131,0),(30000126,132,0),(30000126,133,0),(30000126,134,0),(30000126,135,0),(30000126,136,0),(30000126,137,0),(30000126,138,0),(30000126,139,0),(30000126,140,0),(30000126,141,0),(30000126,142,0),(30000126,143,0),(30000126,144,0),(30000126,145,0),(30000126,146,0),(30000126,147,0),(30000126,148,0),(30000126,149,0),(30000126,150,0),(30000126,151,0),(30000126,152,0),(30000129,2,0),(30000129,3,0),(30000129,4,0),(30000129,5,0),(30000129,6,0),(30000129,7,0),(30000129,8,0),(30000129,9,0),(30000129,10,0),(30000129,11,0),(30000129,12,0),(30000129,13,0),(30000129,14,0),(30000129,15,0),(30000129,16,0),(30000129,17,0),(30000129,18,0),(30000129,19,0),(30000129,20,0),(30000129,21,0),(30000129,22,0),(30000129,23,0),(30000129,24,0),(30000129,25,0),(30000129,26,0),(30000129,27,0),(30000129,28,0),(30000129,29,0),(30000129,30,0),(30000129,31,0),(30000129,32,0),(30000129,33,0),(30000129,34,0),(30000129,35,0),(30000129,36,0),(30000129,37,0),(30000129,38,0),(30000129,39,0),(30000129,40,0),(30000129,41,0),(30000129,42,0),(30000129,43,0),(30000129,44,0),(30000129,45,0),(30000129,46,0),(30000129,47,0),(30000129,48,0),(30000129,49,0),(30000129,50,0),(30000129,51,0),(30000129,52,0),(30000129,53,0),(30000129,54,0),(30000129,55,0),(30000129,56,0),(30000129,57,0),(30000129,58,0),(30000129,59,0),(30000129,60,0),(30000129,61,0),(30000129,62,0),(30000129,63,0),(30000129,64,0),(30000129,65,0),(30000129,66,0),(30000129,67,0),(30000129,68,0),(30000129,69,0),(30000129,70,0),(30000129,71,0),(30000129,72,0),(30000129,73,0),(30000129,74,0),(30000129,75,0),(30000129,76,0),(30000129,77,0),(30000129,78,0),(30000129,79,0),(30000129,80,0),(30000129,81,0),(30000129,82,0),(30000129,83,0),(30000129,84,0),(30000129,85,0),(30000129,86,0),(30000129,87,0),(30000129,88,0),(30000129,89,0),(30000129,90,0),(30000129,91,0),(30000129,92,0),(30000129,93,0),(30000129,94,0),(30000129,95,0),(30000129,96,0),(30000129,97,0),(30000129,98,0),(30000129,99,0),(30000129,100,0),(30000129,101,0),(30000129,102,0),(30000129,103,0),(30000129,104,0),(30000129,105,0),(30000129,106,0),(30000129,107,0),(30000129,108,0),(30000129,109,0),(30000129,110,0),(30000129,111,0),(30000129,112,0),(30000129,113,0),(30000129,114,0),(30000129,115,0),(30000129,116,0),(30000129,117,0),(30000129,118,0),(30000129,119,0),(30000129,120,0),(30000129,121,0),(30000129,122,0),(30000129,123,0),(30000129,124,0),(30000129,125,0),(30000129,126,0),(30000129,127,0),(30000129,128,0),(30000129,129,0),(30000129,130,0),(30000129,131,0),(30000129,132,0),(30000129,133,0),(30000129,134,0),(30000129,135,0),(30000129,136,0),(30000129,137,0),(30000129,138,0),(30000129,139,0),(30000129,140,0),(30000129,141,0),(30000129,142,0),(30000129,143,0),(30000129,144,0),(30000129,145,0),(30000129,146,0),(30000129,147,0),(30000129,148,0),(30000129,149,0),(30000129,150,0),(30000129,151,0),(30000129,152,0),(30000131,2,0),(30000131,3,0),(30000131,4,0),(30000131,5,0),(30000131,6,0),(30000131,7,0),(30000131,8,0),(30000131,9,0),(30000131,10,0),(30000131,11,0),(30000131,12,0),(30000131,13,0),(30000131,14,0),(30000131,15,0),(30000131,16,0),(30000131,17,0),(30000131,18,0),(30000131,19,0),(30000131,20,0),(30000131,21,0),(30000131,22,0),(30000131,23,0),(30000131,24,0),(30000131,25,0),(30000131,26,0),(30000131,27,0),(30000131,28,0),(30000131,29,0),(30000131,30,0),(30000131,31,0),(30000131,32,0),(30000131,33,0),(30000131,34,0),(30000131,35,0),(30000131,36,0),(30000131,37,0),(30000131,38,0),(30000131,39,0),(30000131,40,0),(30000131,41,0),(30000131,42,0),(30000131,43,0),(30000131,44,0),(30000131,45,0),(30000131,46,0),(30000131,47,0),(30000131,48,0),(30000131,49,0),(30000131,50,0),(30000131,51,0),(30000131,52,0),(30000131,53,0),(30000131,54,0),(30000131,55,0),(30000131,56,0),(30000131,57,0),(30000131,58,0),(30000131,59,0),(30000131,60,0),(30000131,61,0),(30000131,62,0),(30000131,63,0),(30000131,64,0),(30000131,65,0),(30000131,66,0),(30000131,67,0),(30000131,68,0),(30000131,69,0),(30000131,70,0),(30000131,71,0),(30000131,72,0),(30000131,73,0),(30000131,74,0),(30000131,75,0),(30000131,76,0),(30000131,77,0),(30000131,78,0),(30000131,79,0),(30000131,80,0),(30000131,81,0),(30000131,82,0),(30000131,83,0),(30000131,84,0),(30000131,85,0),(30000131,86,0),(30000131,87,0),(30000131,88,0),(30000131,89,0),(30000131,90,0),(30000131,91,0),(30000131,92,0),(30000131,93,0),(30000131,94,0),(30000131,95,0),(30000131,96,0),(30000131,97,0),(30000131,98,0),(30000131,99,0),(30000131,100,0),(30000131,101,0),(30000131,102,0),(30000131,103,0),(30000131,104,0),(30000131,105,0),(30000131,106,0),(30000131,107,0),(30000131,108,0),(30000131,109,0),(30000131,110,0),(30000131,111,0),(30000131,112,0),(30000131,113,0),(30000131,114,0),(30000131,115,0),(30000131,116,0),(30000131,117,0),(30000131,118,0),(30000131,119,0),(30000131,120,0),(30000131,121,0),(30000131,122,0),(30000131,123,0),(30000131,124,0),(30000131,125,0),(30000131,126,0),(30000131,127,0),(30000131,128,0),(30000131,129,0),(30000131,130,0),(30000131,131,0),(30000131,132,0),(30000131,133,0),(30000131,134,0),(30000131,135,0),(30000131,136,0),(30000131,137,0),(30000131,138,0),(30000131,139,0),(30000131,140,0),(30000131,141,0),(30000131,142,0),(30000131,143,0),(30000131,144,0),(30000131,145,0),(30000131,146,0),(30000131,147,0),(30000131,148,0),(30000131,149,0),(30000131,150,0),(30000131,151,0),(30000131,152,0),(30000133,2,0),(30000133,3,0),(30000133,4,0),(30000133,5,0),(30000133,6,0),(30000133,7,0),(30000133,8,0),(30000133,9,0),(30000133,10,0),(30000133,11,0),(30000133,12,0),(30000133,13,0),(30000133,14,0),(30000133,15,0),(30000133,16,0),(30000133,17,0),(30000133,18,0),(30000133,19,0),(30000133,20,0),(30000133,21,0),(30000133,22,0),(30000133,23,0),(30000133,24,0),(30000133,25,0),(30000133,26,0),(30000133,27,0),(30000133,28,0),(30000133,29,0),(30000133,30,0),(30000133,31,0),(30000133,32,0),(30000133,33,0),(30000133,34,0),(30000133,35,0),(30000133,36,0),(30000133,37,0),(30000133,38,0),(30000133,39,0),(30000133,40,0),(30000133,41,0),(30000133,42,0),(30000133,43,0),(30000133,44,0),(30000133,45,0),(30000133,46,0),(30000133,47,0),(30000133,48,0),(30000133,49,0),(30000133,50,0),(30000133,51,0),(30000133,52,0),(30000133,53,0),(30000133,54,0),(30000133,55,0),(30000133,56,0),(30000133,57,0),(30000133,58,0),(30000133,59,0),(30000133,60,0),(30000133,61,0),(30000133,62,0),(30000133,63,0),(30000133,64,0),(30000133,65,0),(30000133,66,0),(30000133,67,0),(30000133,68,0),(30000133,69,0),(30000133,70,0),(30000133,71,0),(30000133,72,0),(30000133,73,0),(30000133,74,0),(30000133,75,0),(30000133,76,0),(30000133,77,0),(30000133,78,0),(30000133,79,0),(30000133,80,0),(30000133,81,0),(30000133,82,0),(30000133,83,0),(30000133,84,0),(30000133,85,0),(30000133,86,0),(30000133,87,0),(30000133,88,0),(30000133,89,0),(30000133,90,0),(30000133,91,0),(30000133,92,0),(30000133,93,0),(30000133,94,0),(30000133,95,0),(30000133,96,0),(30000133,97,0),(30000133,98,0),(30000133,99,0),(30000133,100,0),(30000133,101,0),(30000133,102,0),(30000133,103,0),(30000133,104,0),(30000133,105,0),(30000133,106,0),(30000133,107,0),(30000133,108,0),(30000133,109,0),(30000133,110,0),(30000133,111,0),(30000133,112,0),(30000133,113,0),(30000133,114,0),(30000133,115,0),(30000133,116,0),(30000133,117,0),(30000133,118,0),(30000133,119,0),(30000133,120,0),(30000133,121,0),(30000133,122,0),(30000133,123,0),(30000133,124,0),(30000133,125,0),(30000133,126,0),(30000133,127,0),(30000133,128,0),(30000133,129,0),(30000133,130,0),(30000133,131,0),(30000133,132,0),(30000133,133,0),(30000133,134,0),(30000133,135,0),(30000133,136,0),(30000133,137,0),(30000133,138,0),(30000133,139,0),(30000133,140,0),(30000133,141,0),(30000133,142,0),(30000133,143,0),(30000133,144,0),(30000133,145,0),(30000133,146,0),(30000133,147,0),(30000133,148,0),(30000133,149,0),(30000133,150,0),(30000133,151,0),(30000133,152,0),(30000148,2,0),(30000148,3,0),(30000148,4,0),(30000148,5,0),(30000148,6,0),(30000148,7,0),(30000148,8,0),(30000148,9,0),(30000148,10,0),(30000148,11,0),(30000148,12,0),(30000148,13,0),(30000148,14,0),(30000148,15,0),(30000148,16,0),(30000148,17,0),(30000148,18,0),(30000148,19,0),(30000148,20,0),(30000148,21,0),(30000148,22,0),(30000148,23,0),(30000148,24,0),(30000148,25,0),(30000148,26,0),(30000148,27,0),(30000148,28,0),(30000148,29,0),(30000148,30,0),(30000148,31,0),(30000148,32,0),(30000148,33,0),(30000148,34,0),(30000148,35,0),(30000148,36,0),(30000148,37,0),(30000148,38,0),(30000148,39,0),(30000148,40,0),(30000148,41,0),(30000148,42,0),(30000148,43,0),(30000148,44,0),(30000148,45,0),(30000148,46,0),(30000148,47,0),(30000148,48,0),(30000148,49,0),(30000148,50,0),(30000148,51,0),(30000148,52,0),(30000148,53,0),(30000148,54,0),(30000148,55,0),(30000148,56,0),(30000148,57,0),(30000148,58,0),(30000148,59,0),(30000148,60,0),(30000148,61,0),(30000148,62,0),(30000148,63,0),(30000148,64,0),(30000148,65,0),(30000148,66,0),(30000148,67,0),(30000148,68,0),(30000148,69,0),(30000148,70,0),(30000148,71,0),(30000148,72,0),(30000148,73,0),(30000148,74,0),(30000148,75,0),(30000148,76,0),(30000148,77,0),(30000148,78,0),(30000148,79,0),(30000148,80,0),(30000148,81,0),(30000148,82,0),(30000148,83,0),(30000148,84,0),(30000148,85,0),(30000148,86,0),(30000148,87,0),(30000148,88,0),(30000148,89,0),(30000148,90,0),(30000148,91,0),(30000148,92,0),(30000148,93,0),(30000148,94,0),(30000148,95,0),(30000148,96,0),(30000148,97,0),(30000148,98,0),(30000148,99,0),(30000148,100,0),(30000148,101,0),(30000148,102,0),(30000148,103,0),(30000148,104,0),(30000148,105,0),(30000148,106,0),(30000148,107,0),(30000148,108,0),(30000148,109,0),(30000148,110,0),(30000148,111,0),(30000148,112,0),(30000148,113,0),(30000148,114,0),(30000148,115,0),(30000148,116,0),(30000148,117,0),(30000148,118,0),(30000148,119,0),(30000148,120,0),(30000148,121,0),(30000148,122,0),(30000148,123,0),(30000148,124,0),(30000148,125,0),(30000148,126,0),(30000148,127,0),(30000148,128,0),(30000148,129,0),(30000148,130,0),(30000148,131,0),(30000148,132,0),(30000148,133,0),(30000148,134,0),(30000148,135,0),(30000148,136,0),(30000148,137,0),(30000148,138,0),(30000148,139,0),(30000148,140,0),(30000148,141,0),(30000148,142,0),(30000148,143,0),(30000148,144,0),(30000148,145,0),(30000148,146,0),(30000148,147,0),(30000148,148,0),(30000148,149,0),(30000148,150,0),(30000148,151,0),(30000148,152,0),(30483987,2,0),(30483987,3,0),(30483987,4,0),(30483987,5,0),(30483987,6,0),(30483987,7,0),(30483987,8,0),(30483987,9,0),(30483987,10,0),(30483987,11,0),(30483987,12,0),(30483987,13,0),(30483987,14,0),(30483987,15,0),(30483987,16,0),(30483987,17,0),(30483987,18,0),(30483987,19,0),(30483987,20,0),(30483987,21,0),(30483987,22,0),(30483987,23,0),(30483987,24,0),(30483987,25,0),(30483987,26,0),(30483987,27,0),(30483987,28,0),(30483987,29,0),(30483987,30,0),(30483987,31,0),(30483987,32,0),(30483987,33,0),(30483987,34,0),(30483987,35,0),(30483987,36,0),(30483987,37,0),(30483987,38,0),(30483987,39,0),(30483987,40,0),(30483987,41,0),(30483987,42,0),(30483987,43,0),(30483987,44,0),(30483987,45,0),(30483987,46,0),(30483987,47,0),(30483987,48,0),(30483987,49,0),(30483987,50,0),(30483987,51,0),(30483987,52,0),(30483987,53,0),(30483987,54,0),(30483987,55,0),(30483987,56,0),(30483987,57,0),(30483987,58,0),(30483987,59,0),(30483987,60,0),(30483987,61,0),(30483987,62,0),(30483987,63,0),(30483987,64,0),(30483987,65,0),(30483987,66,0),(30483987,67,0),(30483987,68,0),(30483987,69,0),(30483987,70,0),(30483987,71,0),(30483987,72,0),(30483987,73,0),(30483987,74,0),(30483987,75,0),(30483987,76,0),(30483987,77,0),(30483987,78,0),(30483987,79,0),(30483987,80,0),(30483987,81,0),(30483987,82,0),(30483987,83,0),(30483987,84,0),(30483987,85,0),(30483987,86,0),(30483987,87,0),(30483987,88,0),(30483987,89,0),(30483987,90,0),(30483987,91,0),(30483987,92,0),(30483987,93,0),(30483987,94,0),(30483987,95,0),(30483987,96,0),(30483987,97,0),(30483987,98,0),(30483987,99,0),(30483987,100,0),(30483987,101,0),(30483987,102,0),(30483987,103,0),(30483987,104,0),(30483987,105,0),(30483987,106,0),(30483987,107,0),(30483987,108,0),(30483987,109,0),(30483987,110,0),(30483987,111,0),(30483987,112,0),(30483987,113,0),(30483987,114,0),(30483987,115,0),(30483987,116,0),(30483987,117,0),(30483987,118,0),(30483987,119,0),(30483987,120,0),(30483987,121,0),(30483987,122,0),(30483987,123,0),(30483987,124,0),(30483987,125,0),(30483987,126,0),(30483987,127,0),(30483987,128,0),(30483987,129,0),(30483987,130,0),(30483987,131,0),(30483987,132,0),(30483987,133,0),(30483987,134,0),(30483987,135,0),(30483987,136,0),(30483987,137,0),(30483987,138,0),(30483987,139,0),(30483987,140,0),(30483987,141,0),(30483987,142,0),(30483987,143,0),(30483987,144,0),(30483987,145,0),(30483987,146,0),(30483987,147,0),(30483987,148,0),(30483987,149,0),(30483987,150,0),(30483987,151,0),(30483987,152,0);
/*!40000 ALTER TABLE `notificaciones_usuarios` ENABLE KEYS */;
UNLOCK TABLES;

--
-- Table structure for table `permiso`
--

DROP TABLE IF EXISTS `permiso`;
/*!40101 SET @saved_cs_client     = @@character_set_client */;
/*!40101 SET character_set_client = utf8 */;
CREATE TABLE `permiso` (
  `idPermiso` int(11) NOT NULL AUTO_INCREMENT,
  `nombrePermiso` varchar(100) CHARACTER SET utf8mb4 COLLATE utf8mb4_unicode_ci NOT NULL,
  `idRol` int(11) NOT NULL,
  `idModulo` int(11) NOT NULL,
  `status` tinyint(1) NOT NULL,
  PRIMARY KEY (`idPermiso`),
  KEY `idRol` (`idRol`),
  KEY `idModulo` (`idModulo`),
  CONSTRAINT `permiso_ibfk_1` FOREIGN KEY (`idRol`) REFERENCES `rol` (`idRol`),
  CONSTRAINT `permiso_ibfk_2` FOREIGN KEY (`idModulo`) REFERENCES `modulo` (`idModulo`)
) ENGINE=InnoDB AUTO_INCREMENT=390 DEFAULT CHARSET=utf8mb4 COLLATE=utf8mb4_general_ci;
/*!40101 SET character_set_client = @saved_cs_client */;

--
-- Dumping data for table `permiso`
--

LOCK TABLES `permiso` WRITE;
/*!40000 ALTER TABLE `permiso` DISABLE KEYS */;
INSERT INTO `permiso` VALUES (1,'consultar',1,1,1),(3,'consultar',1,2,1),(4,'registrar',1,2,1),(5,'modificar',1,2,1),(6,'eliminar',1,2,1),(7,'consultar',1,3,1),(8,'registrar',1,3,1),(9,'modificar',1,3,1),(10,'eliminar',1,3,1),(11,'consultar',1,4,1),(12,'modificar',1,4,1),(13,'consultar',1,5,1),(14,'modificar',1,5,1),(15,'consultar',1,6,1),(16,'consultar',1,7,1),(17,'registrar',1,7,1),(18,'consultar',1,8,1),(19,'registrar',1,8,1),(20,'modificar',1,8,1),(21,'eliminar',1,8,1),(22,'consultar',1,9,1),(23,'registrar',1,9,1),(24,'modificar',1,9,1),(25,'eliminar',1,9,1),(26,'consultar',1,10,1),(27,'registrar',1,10,1),(28,'modificar',1,10,1),(29,'modificar',1,10,1),(30,'eliminar',1,10,1),(31,'consultar',1,11,1),(32,'registrar',1,11,1),(33,'modificar',1,11,1),(34,'eliminar',1,11,1),(35,'consultar',1,12,1),(36,'registrar',1,12,1),(37,'modificar',1,12,1),(38,'eliminar',1,12,1),(39,'consultar',1,13,1),(40,'registrar',1,13,1),(41,'eliminar',1,13,1),(42,'consultar',1,14,1),(43,'registrar',1,14,1),(44,'modificar',1,14,1),(45,'eliminar',1,14,1),(46,'consultar',1,15,1),(47,'registrar',1,15,1),(48,'modificar',1,15,1),(49,'eliminar',1,15,1),(50,'consultar',1,16,1),(51,'registrar',1,16,1),(52,'eliminar',1,16,1),(53,'consultar',1,17,1),(54,'registrar',1,17,1),(55,'modificar',1,17,1),(56,'eliminar',1,17,1),(57,'consultar',1,18,1),(58,'Exportar',1,19,1),(59,'Importar',1,19,1),(60,'consultar',2,1,1),(61,'consultar',2,2,0),(62,'registrar',2,2,0),(63,'modificar',2,2,0),(64,'eliminar',2,2,0),(65,'consultar',2,3,0),(66,'registrar',2,3,0),(67,'modificar',2,3,0),(68,'eliminar',2,3,0),(69,'consultar',2,4,0),(70,'modificar',2,4,0),(71,'consultar',2,5,0),(72,'modificar',2,5,0),(73,'consultar',2,6,0),(74,'consultar',2,7,0),(75,'registrar',2,7,0),(76,'consultar',2,8,0),(77,'registrar',2,8,0),(78,'consultar',2,9,0),(79,'registrar',2,9,0),(80,'modificar',2,9,0),(81,'eliminar',2,9,0),(82,'consultar',2,10,0),(83,'registrar',2,10,0),(84,'modificar',2,10,0),(85,'eliminar',2,10,0),(86,'consultar',2,11,0),(87,'registrar',2,11,0),(88,'modificar',2,11,0),(89,'eliminar',2,11,0),(90,'consultar',2,12,0),(91,'registrar',2,12,0),(92,'modificar',2,12,0),(93,'eliminar',2,12,0),(94,'consultar',2,13,0),(95,'registrar',2,13,0),(96,'eliminar',2,13,0),(97,'consultar',2,14,0),(98,'registrar',2,14,0),(99,'modificar',2,14,0),(100,'eliminar',2,14,0),(101,'consultar',2,15,0),(102,'registrar',2,15,0),(103,'modificar',2,15,0),(104,'eliminar',2,15,0),(105,'consultar',2,16,0),(106,'registrar',2,16,0),(107,'eliminar',2,16,0),(108,'consultar',2,17,0),(109,'registrar',2,17,0),(110,'modificar',2,17,0),(111,'eliminar',2,17,0),(112,'consultar',2,18,0),(113,'Exportar',2,19,0),(114,'Importar',2,19,0),(115,'consultar',3,1,1),(116,'consultar',3,2,0),(117,'registrar',3,2,0),(118,'modificar',3,2,0),(119,'eliminar',3,2,0),(120,'consultar',3,3,0),(121,'registrar',3,3,0),(122,'modificar',3,3,0),(123,'eliminar',3,3,0),(124,'consultar',3,4,0),(125,'modificar',3,4,0),(126,'consultar',3,5,0),(127,'modificar',3,5,0),(128,'consultar',3,6,0),(129,'consultar',3,7,0),(130,'registrar',3,7,0),(131,'consultar',3,8,0),(132,'registrar',3,8,0),(133,'consultar',3,9,0),(134,'registrar',3,9,0),(135,'modificar',3,9,0),(136,'eliminar',3,9,0),(137,'consultar',3,10,0),(138,'registrar',3,10,0),(139,'modificar',3,10,0),(140,'eliminar',3,10,0),(141,'consultar',3,11,0),(142,'registrar',3,11,0),(143,'modificar',3,11,0),(144,'eliminar',3,11,0),(145,'consultar',3,12,0),(146,'registrar',3,12,0),(147,'modificar',3,12,0),(148,'eliminar',3,12,0),(149,'consultar',3,13,0),(150,'registrar',3,13,0),(151,'eliminar',3,13,0),(152,'consultar',3,14,0),(153,'registrar',3,14,0),(154,'modificar',3,14,0),(155,'eliminar',3,14,0),(156,'consultar',3,15,0),(157,'registrar',3,15,0),(158,'modificar',3,15,0),(159,'eliminar',3,15,0),(160,'consultar',3,16,0),(161,'registrar',3,16,0),(162,'eliminar',3,16,0),(163,'consultar',3,17,0),(164,'registrar',3,17,0),(165,'modificar',3,17,0),(166,'eliminar',3,17,0),(167,'consultar',3,18,0),(168,'Exportar',3,19,0),(169,'Importar',3,19,0),(170,'consultar',4,1,1),(171,'consultar',4,2,0),(172,'registrar',4,2,0),(173,'modificar',4,2,0),(174,'eliminar',4,2,0),(175,'consultar',4,3,0),(176,'registrar',4,3,0),(177,'modificar',4,3,0),(178,'eliminar',4,3,0),(179,'consultar',4,4,0),(180,'modificar',4,4,0),(181,'consultar',4,5,0),(182,'modificar',4,5,0),(183,'consultar',4,6,0),(184,'consultar',4,7,0),(185,'registrar',4,7,0),(186,'consultar',4,8,0),(187,'registrar',4,8,0),(188,'consultar',4,9,0),(189,'registrar',4,9,0),(190,'modificar',4,9,0),(191,'eliminar',4,9,0),(192,'consultar',4,10,0),(193,'registrar',4,10,0),(194,'modificar',4,10,0),(195,'eliminar',4,10,0),(196,'consultar',4,11,0),(197,'registrar',4,11,0),(198,'modificar',4,11,0),(199,'eliminar',4,11,0),(200,'consultar',4,12,0),(201,'registrar',4,12,0),(202,'modificar',4,12,0),(203,'eliminar',4,12,0),(204,'consultar',4,13,1),(205,'registrar',4,13,1),(206,'eliminar',4,13,1),(207,'consultar',4,14,0),(208,'registrar',4,14,0),(209,'modificar',4,14,0),(210,'eliminar',4,14,0),(211,'consultar',4,15,0),(212,'registrar',4,15,0),(213,'modificar',4,15,0),(214,'eliminar',4,15,0),(215,'consultar',4,16,0),(216,'registrar',4,16,0),(217,'eliminar',4,16,0),(218,'consultar',4,17,0),(219,'registrar',4,17,0),(220,'modificar',4,17,0),(221,'eliminar',4,17,0),(222,'consultar',4,18,0),(223,'Exportar',4,19,0),(224,'Importar',4,19,0),(225,'consultar',5,1,1),(226,'consultar',5,2,0),(227,'registrar',5,2,0),(228,'modificar',5,2,0),(229,'eliminar',5,2,0),(230,'consultar',5,3,0),(231,'registrar',5,3,0),(232,'modificar',5,3,0),(233,'eliminar',5,3,0),(234,'consultar',5,4,0),(235,'modificar',5,4,0),(236,'consultar',5,5,0),(237,'modificar',5,5,0),(238,'consultar',5,6,0),(239,'consultar',5,7,0),(240,'registrar',5,7,0),(241,'consultar',5,8,0),(242,'registrar',5,8,0),(243,'consultar',5,9,0),(244,'registrar',5,9,0),(245,'modificar',5,9,0),(246,'eliminar',5,9,0),(247,'consultar',5,10,0),(248,'registrar',5,10,0),(249,'modificar',5,10,0),(250,'eliminar',5,10,0),(251,'consultar',5,11,0),(252,'registrar',5,11,0),(253,'modificar',5,11,0),(254,'eliminar',5,11,0),(255,'consultar',5,12,0),(256,'registrar',5,12,0),(257,'modificar',5,12,0),(258,'eliminar',5,12,0),(259,'consultar',5,13,0),(260,'registrar',5,13,0),(261,'eliminar',5,13,0),(262,'consultar',5,14,0),(263,'registrar',5,14,0),(264,'modificar',5,14,0),(265,'eliminar',5,14,0),(266,'consultar',5,15,0),(267,'registrar',5,15,0),(268,'modificar',5,15,0),(269,'eliminar',5,15,0),(270,'consultar',5,16,0),(271,'registrar',5,16,0),(272,'eliminar',5,16,0),(273,'consultar',5,17,0),(274,'registrar',5,17,0),(275,'modificar',5,17,0),(276,'eliminar',5,17,0),(277,'consultar',5,18,0),(278,'Exportar',5,19,0),(279,'Importar',5,19,0),(280,'consultar',6,1,1),(281,'consultar',6,2,0),(282,'registrar',6,2,0),(283,'modificar',6,2,0),(284,'eliminar',6,2,0),(285,'consultar',6,3,0),(286,'registrar',6,3,0),(287,'modificar',6,3,0),(288,'eliminar',6,3,0),(289,'consultar',6,4,0),(290,'modificar',6,4,0),(291,'consultar',6,5,0),(292,'modificar',6,5,0),(293,'consultar',6,6,0),(294,'consultar',6,7,0),(295,'registrar',6,7,0),(296,'consultar',6,8,0),(297,'registrar',6,8,0),(298,'consultar',6,9,0),(299,'registrar',6,9,0),(300,'modificar',6,9,0),(301,'eliminar',6,9,0),(302,'consultar',6,10,0),(303,'registrar',6,10,0),(304,'modificar',6,10,0),(305,'eliminar',6,10,0),(306,'consultar',6,11,0),(307,'registrar',6,11,0),(308,'modificar',6,11,0),(309,'eliminar',6,11,0),(310,'consultar',6,12,0),(311,'registrar',6,12,0),(312,'modificar',6,12,0),(313,'eliminar',6,12,0),(314,'consultar',6,13,0),(315,'registrar',6,13,0),(316,'eliminar',6,13,0),(317,'consultar',6,14,0),(318,'registrar',6,14,0),(319,'modificar',6,14,0),(320,'eliminar',6,14,0),(321,'consultar',6,15,0),(322,'registrar',6,15,0),(323,'modificar',6,15,0),(324,'eliminar',6,15,0),(325,'consultar',6,16,0),(326,'registrar',6,16,0),(327,'eliminar',6,16,0),(328,'consultar',6,17,0),(329,'registrar',6,17,0),(330,'modificar',6,17,0),(331,'eliminar',6,17,0),(332,'consultar',6,18,0),(333,'Exportar',6,19,0),(334,'Importar',6,19,0),(335,'consultar',7,1,1),(336,'consultar',7,2,0),(337,'registrar',7,2,0),(338,'modificar',7,2,0),(339,'eliminar',7,2,0),(340,'consultar',7,3,0),(341,'registrar',7,3,0),(342,'modificar',7,3,0),(343,'eliminar',7,3,0),(344,'consultar',7,4,0),(345,'modificar',7,4,0),(346,'consultar',7,5,0),(347,'modificar',7,5,0),(348,'consultar',7,6,0),(349,'consultar',7,7,0),(350,'registrar',7,7,0),(351,'consultar',7,8,0),(352,'registrar',7,8,0),(353,'consultar',7,9,0),(354,'registrar',7,9,0),(355,'modificar',7,9,0),(356,'eliminar',7,9,0),(357,'consultar',7,10,0),(358,'registrar',7,10,0),(359,'modificar',7,10,0),(360,'eliminar',7,10,0),(361,'consultar',7,11,0),(362,'registrar',7,11,0),(363,'modificar',7,11,0),(364,'eliminar',7,11,0),(365,'consultar',7,12,0),(366,'registrar',7,12,0),(367,'modificar',7,12,0),(368,'eliminar',7,12,0),(369,'consultar',7,13,1),(370,'registrar',7,13,1),(371,'eliminar',7,13,1),(372,'consultar',7,14,0),(373,'registrar',7,14,0),(374,'modificar',7,14,0),(375,'eliminar',7,14,0),(376,'consultar',7,15,0),(377,'registrar',7,15,0),(378,'modificar',7,15,0),(379,'eliminar',7,15,0),(380,'consultar',7,16,0),(381,'registrar',7,16,0),(382,'eliminar',7,16,0),(383,'consultar',7,17,0),(384,'registrar',7,17,0),(385,'modificar',7,17,0),(386,'eliminar',7,17,0),(387,'consultar',7,18,0),(388,'Exportar',7,19,0),(389,'Importar',7,19,0);
/*!40000 ALTER TABLE `permiso` ENABLE KEYS */;
UNLOCK TABLES;

--
-- Table structure for table `rol`
--

DROP TABLE IF EXISTS `rol`;
/*!40101 SET @saved_cs_client     = @@character_set_client */;
/*!40101 SET character_set_client = utf8 */;
CREATE TABLE `rol` (
  `idRol` int(11) NOT NULL AUTO_INCREMENT,
  `nombreRol` varchar(1000) CHARACTER SET utf8mb4 COLLATE utf8mb4_unicode_ci NOT NULL,
  `status` tinyint(1) NOT NULL,
  PRIMARY KEY (`idRol`),
  KEY `idx_rol_idRol` (`idRol`)
) ENGINE=InnoDB AUTO_INCREMENT=8 DEFAULT CHARSET=utf8mb4 COLLATE=utf8mb4_general_ci;
/*!40101 SET character_set_client = @saved_cs_client */;

--
-- Dumping data for table `rol`
--

LOCK TABLES `rol` WRITE;
/*!40000 ALTER TABLE `rol` DISABLE KEYS */;
INSERT INTO `rol` VALUES (1,'Super Usuario',1),(2,'Cocinero',1),(3,'Jefe De Cocina',1),(4,'Coord Serv Nutricional',1),(5,'Asistente De Bienestar Estudiantil',1),(6,'Control De Estudio',1),(7,'Encargado',1);
/*!40000 ALTER TABLE `rol` ENABLE KEYS */;
UNLOCK TABLES;

--
-- Table structure for table `usuario`
--

DROP TABLE IF EXISTS `usuario`;
/*!40101 SET @saved_cs_client     = @@character_set_client */;
/*!40101 SET character_set_client = utf8 */;
CREATE TABLE `usuario` (
  `cedula` int(11) NOT NULL,
  `img` varchar(10000) CHARACTER SET utf8mb4 COLLATE utf8mb4_unicode_ci NOT NULL,
  `nombre` varchar(500) CHARACTER SET utf8mb4 COLLATE utf8mb4_unicode_ci NOT NULL,
  `segNombre` varchar(500) CHARACTER SET utf8mb4 COLLATE utf8mb4_unicode_ci NOT NULL,
  `apellido` varchar(500) CHARACTER SET utf8mb4 COLLATE utf8mb4_unicode_ci NOT NULL,
  `segApellido` varchar(500) CHARACTER SET utf8mb4 COLLATE utf8mb4_unicode_ci NOT NULL,
  `correo` varchar(500) CHARACTER SET utf8mb4 COLLATE utf8mb4_unicode_ci NOT NULL,
  `telefono` varchar(20) CHARACTER SET utf8mb4 COLLATE utf8mb4_unicode_ci NOT NULL,
  `clave` varchar(500) CHARACTER SET utf8mb4 COLLATE utf8mb4_unicode_ci NOT NULL,
  `idRol` int(11) NOT NULL,
  `status` tinyint(1) NOT NULL,
  PRIMARY KEY (`cedula`),
  KEY `idx_usuario_idRol` (`idRol`),
  KEY `idx_usuario_cedula` (`cedula`),
  KEY `idx_usuario_correo` (`correo`),
  KEY `idx_usuario_telefono` (`telefono`),
  KEY `idx_usuario_status` (`status`),
  CONSTRAINT `usuario_ibfk_1` FOREIGN KEY (`idRol`) REFERENCES `rol` (`idRol`)
) ENGINE=InnoDB DEFAULT CHARSET=utf8mb4 COLLATE=utf8mb4_general_ci;
/*!40101 SET character_set_client = @saved_cs_client */;

--
-- Dumping data for table `usuario`
--

LOCK TABLES `usuario` WRITE;
/*!40000 ALTER TABLE `usuario` DISABLE KEYS */;
INSERT INTO `usuario` VALUES (12345678,'assets/images/perfil/user.png','Servicio','Andres','Nutricional ','Eloy','ydjYy701fmCFBES2ecJ1SZm0WBfzpLfIVL0IAnlf52VBbvcNHQ/Ey1csGeE6ASwN','0424 - 0000099','$2y$10$M.vMxIOMqGZGDDW6RLoOOOkmDC5AIDzAkM0J2WeNtlGeV6OwcHYL.',1,1),(13881208,'assets/images/perfil/user.png','Yethzenia','Zulimar','Alarcon','Leon','Dg9muwkeg0lEQenDBMmRjq++dVer7jzmvg6aDIw6Dr4=','04120546170','$2y$10$Peggun.ZTdxq3EwKC6Uuh.Kqv4F7rWI2W7qQYabMI3eM9YvDmocry',3,1),(29762480,'assets/images/perfil/user.png','Dairon','Alexander','Santeliz','','Csu/P66GIf3m3SW8w3IaIy5lQC/aRBp8+J1QRO+1uUk=','04124573366','$2y$10$fmCiNH1Ew9S6XjaTegTom.LV9kVBp/JlYYiOkuXiYQaDmQHU4xL9S',6,1),(29913499,'assets/images/perfil/user.png','Marianny','Yethzymar','Flores','Alarcon','OQvluhRLi9j1I/RsOJhapFKWii3vgu1Kz0iq0BAThJE=','04120546170','$2y$10$YYOo9hXEKAQSvT.0o8nXQeWneh/38tqnV7r4mqJEa74ncv0XUmiZe',4,1),(29972192,'assets/images/perfil/user.png','Samuel','Alejandro','Pereira','Araujo','sMw7+R+e7XgEWfAIW045iQ==','04123234223','$2y$10$EEzjCja6xcBuiJS1FCGnVO1ncu93X5RITHrQtue0ZEShKaz5L3V0W',4,1),(30000000,'assets/images/perfil/user.png','Sofía','Felipa','Torres','Cordero','wABpinz6kZqeZB8ZmEn+pjROFWdez1x7yKp87E6rXRg=','04122839298','$2y$10$Vtr7RdZ6ff8cMqPemLu.XOjIPyidSBPbXpMEmdJhDcL1IX.40qGvO',7,1),(30000001,'assets/images/perfil/user.png','Fernando','Daniela','Sánchez','Blanco','+5PCpWD3OI59y3xveG3SVCaoyK5a+OHaFhygfpqV4eM=','04244327294','$2y$10$d346/hxhLCmkbNQW/eV1Bef24xD/VqQUU2gxOAJuf/8LcN5dgDSzu',2,1),(30000002,'assets/images/perfil/user.png','Pedro','Esteban','Rivas','Jiménez','iSEbxGYlDJC6d+r5wUT//6qnq8/92GuWoa6ubyhubD4=','04165214884','$2y$10$H.sAVUV8PC1BiVxodmi4ueba7DFsrGg1e9Y6nxx1b5Lub7yHvRCM2',5,1),(30000003,'assets/images/perfil/user.png','Andrés','Raquel','Ramírez','Prieto','aS2pndp0ydW5lskkTiwJ1hUEaj2/R0sgJJpAxp/RUhk=','04143670874','$2y$10$/fcLgdVVFOvb5OHbK5DPcOhcC.gORaNX5EQi8X3YfRyWj7tjE.Q1i',7,1),(30000004,'assets/images/perfil/user.png','Fernando','Alejandro','Fernández','Moreno','OSR8nDAAgZw/NoTLOuDBVxZpPO70YiuJ2/GDmS29V94=','04223787735','$2y$10$5QE3.3MWSBuUH8W9wBIA.eYbUe1eBwQLnuAoCS0ImWrHDn0Crh4qS',3,1),(30000005,'assets/images/perfil/user.png','Juan','Cristina','Delgado','Cabrera','F4udiYvFMmJx0Q+MlOvGzi7AHVbuMTH2y3KHUCEpqYg=','04248176969','$2y$10$6fcL5Vdk58nFdVkkP7RRH.RuvcQWJcJn8azdOWn4pcsWADU6ohUrC',2,1),(30000006,'assets/images/perfil/user.png','Andrés','Natalia','Castro','Blanco','vuET0H1hom1NxmcrpjYaGrU5UNorv13JbKR/MjazG6E=','04138395411','$2y$10$4C3hztF7TiuKAUhocLQYjeapgl0xEfjntc0igo20hCGbImnsItxhi',4,1),(30000007,'assets/images/perfil/user.png','Ana','Antonio','López','Figueroa','E8mkD9FTaxgrL1Ivha6+PRZhEehazvIySpRy7R2DCSA=','04178027067','$2y$10$vqwJwYWuxqk5tVn5klUAXO/qTrYccuivZbclsVz4S6otYFM6nvuaC',7,1),(30000008,'assets/images/perfil/user.png','Miguel','','Gómez','Chacón','iReZjXwNJlKX8rdDnyk5eX59q7pffQzDpabyK0P0uWg=','04249282636','$2y$10$6XkS7nMoOUx6pfCOELflROG4d29eo8cUQYPXfnYL8i.o7jXff/kG2',6,1),(30000009,'assets/images/perfil/user.png','Luis','','Suárez','Prieto','nVGDyb68qQdLOMzEk48HRhOgcBcr0yLJzrkth3cn60c=','04202365862','$2y$10$/KySQOkKWe8AgZMTDUPYkOg3g1gnspT3wpgwrHU3Re5KlAVrffIAi',2,1),(30000010,'assets/images/perfil/user.png','Luis','Alejandro','Torres','Salazar','4P9uhfGGMktN/je4aPr5DPAfbgMD5zJjLLbz7aae6hs=','04135600550','$2y$10$aUs8QgFRnLbDU7s5Nv1zPew47IpO7snKAjcvydCwg7n.KLGs9E/Ea',3,1),(30000011,'assets/images/perfil/user.png','Andrés','Eduardo','Ramírez','García','Yg44Q6eLO/4HBeidFatxV0lfq573FN1wpzXnjYwIVOk=','04164836217','$2y$10$Bw2bj6qP/F8M54e4qgmhAuceK0vjlzyO50u5ji7VlbFBoVS/s5/8G',2,1),(30000012,'assets/images/perfil/user.png','José','Cristian','Vargas','Arias','VAhEvKCR5FqyEtPGWUK+acolJE0DC2BcrDNKfiLI9ss=','04209459259','$2y$10$rht.x5RvFPwL18oR8dp41.aV1N/q4ZUyCR1CCv7GliejK8nxpnGpi',5,1),(30000013,'assets/images/perfil/user.png','Gabriela','Eduardo','Romero','','S1EOFl7pYSvrxUsZ3sYIwH2O60ob7wbiAhJ1rrIn544=','04252482611','$2y$10$UAlDkUWuyioBGEupRVH6s..V/Ctsn6sphp0XMvgyMqBGLjYIvkiz.',5,1),(30000014,'assets/images/perfil/user.png','Ana','Teresa','Fernández','Arias','1wu9BF4BIFaj+b0SYmoALAwuThb9d6I1BMvWxERFQFk=','04204308033','$2y$10$ghSAGaNBw9tYTAx6cHaI.O46nUclXCWjNBjaXNacPFZlJSwb0Xxde',3,1),(30000015,'assets/images/perfil/user.png','Laura','Natalia','Sánchez','Silva','KK4j6WXd6Hte44gcL34il0ofBwflNw/D2wGsCyTWka0=','04144718465','$2y$10$aCoXtwDgWOtzoXV3bn6iVuCFyj9e2Js7HnVPpRFsVl.3PQTcIXxGW',3,1),(30000016,'assets/images/perfil/user.png','Diego','Ignacio','Herrera','Chacón','ZqH4kDQ/ZnsRUG5rbYaj/imrHeXGN5uM59hbvCZL7xs=','04265689700','$2y$10$zWZ/J0dYf4UTcLRb5ZEMMexoQQpB/D/hAt1GO9VP2L9Li2OJdLWbK',3,1),(30000017,'assets/images/perfil/user.png','Lucía','Antonio','Gómez','García','u/Q2UkBY5+cBa6FgnxjFuPP3syXIFBbwWQVMkTTK3Kk=','04266317009','$2y$10$ytO..YBriayUi4MaPklgB.zgdBkUf7BuMTJVoW5cS0UNCxzEduCFy',3,1),(30000018,'assets/images/perfil/user.png','Ana','Raquel','Rivas','Moreno','l3mIzigSf6nW+x4Mr8Xy3D7Z1d79/sCoQ3eRSRoKmXM=','04205636209','$2y$10$jv2MitLF0MLkQxhkFzl9g.2U1XIJJpzuGBxPU/4m/kBvitb9K4IJi',2,1),(30000019,'assets/images/perfil/user.png','Diego','Guillermo','Mendoza','Arias','KMXrQSa/ZJ1SmAI+KA9HnNk/GLVq0AUu9QmbkWgubcY=','04209100476','$2y$10$2cRN.ce74b56Ya4qD73GXub57YTNZeW/7X05tgJ89GiDvZwgncSNq',6,1),(30000020,'assets/images/perfil/user.png','Paola','Beatriz','Pérez','Chacón','kXVST5gJ7V7SSa9g9y1r5bHXCKoetrVtRyg0WSh9jLg=','04259099402','$2y$10$rG1aztqPtT3G1SIkUkVqJeFBBSPf2grQBew0BsH0M/J90pmj0OwUC',2,1),(30000021,'assets/images/perfil/user.png','Diego','Raquel','Torres','Rojas','T4kZ3CI25JWMB580DgBuXkk3oVXAJkxmLxzBz+yjA58=','04134912122','$2y$10$.BhsOnvP2X7sYry8JuCaX.JaYlCjmt4xSyvwFdetRGgKPSMlHap7y',2,1),(30000022,'assets/images/perfil/user.png','Andrés','Eduardo','Martínez','Silva','sWuSaSJRYCqlzpVSNGNiRLC5Ky7b1w9LW3ELZK1gW4s=','04162662036','$2y$10$wLVuPTqz1CCmSRdP73LhvuwE7p.kdS.48CqPFHmuZazHjffyy9wEq',5,1),(30000023,'assets/images/perfil/user.png','Maria','Verónica','Rivas','Jiménez','UV2Qw36qN4b99dJ/ZwNEdr3Iq4damZYG0V7n48DuBQk=','04162156389','$2y$10$zGKkAu295BJIUVhKWSQpL.Hf4k9h2BREQxGgGfhoilhGoSTVzEIaS',7,1),(30000024,'assets/images/perfil/user.png','Pedro','Natalia','Castro','Romero','h2/9JNDEhPMgpyNCg0uk2kUOhxM/2+MngXUlENShhVQ=','04253379841','$2y$10$IPF/pbV8WOMFuBIYP8X0RODMmRla5o9iw/hQSoJAgnB.EsnUUTMZ6',4,1),(30000025,'assets/images/perfil/user.png','Miguel','Antonio','Mendoza','Blanco','pZ3N6/GUPgH3vg/YxEjKnhkac4v75w5gpC2DnF+Qy6k=','04145630144','$2y$10$TrgzgzPbJ5LSQoHBzrq8NeOz1y6yrLVxzcPmRP03I9S/XsRF8fWR2',5,1),(30000026,'assets/images/perfil/user.png','José','Natalia','Mendoza','Vivas','n1GTOfZkC71phYd2OoHyM83D9/0iiNjjQqigBzqATM4=','04169856374','$2y$10$hmt9M0AwnPpYZOz1OPC6beQ.zFP5wsBQo6xqstsy3F5xvZhnknRlm',5,1),(30000027,'assets/images/perfil/user.png','Luis','Felipe','Fernández','Chacón','jOBC7y6A7S7qq79jZV7TUzBsbfGLoI2k3wVTnCG0Pk0=','04201743854','$2y$10$7ZosEUGsR4zp7ipOYn1KEOpGLEjbCEUqYAsweFmR2/CJWmAMceDbm',6,1),(30000028,'assets/images/perfil/user.png','María','Beatriz','Acosta','Rojas','a/Wl+AwSacpnSQU5nPnQYtZSqd6+biI3HbtNV1mHH60=','04186907844','$2y$10$jolLPt9wMo9FpJAlXNTdYukf.QEZ1PIqedXkwqMwjNKW1lOTOtyki',6,1),(30000029,'assets/images/perfil/user.png','Patricia','Alejandro','Fernández','Paredes','Q2fHffW0bHdOtd7qDOex+ihnU5vC4QVfFT/Zaj4O4Kw=','04242055455','$2y$10$B.OauFmIjh2jhWLuKaQDC.pc1Tck7H3h7x7NG8oLSt1m.yqI52t66',5,1),(30000030,'assets/images/perfil/user.png','Andrés','Alfredo','Rodríguez','Chacón','CNOOL70+O/EkhyEdHEJvWYvf406tYSyVnmn8hwjN2IM=','04138771687','$2y$10$jhWlSn.ArbrehdeS7FMFAu0yn3FV4.U3q0ZdnzgG2ndaEGPyTrKeO',3,1),(30000031,'assets/images/perfil/user.png','Paola','Isabel','Sánchez','Blanco','Chri84V6biOefMzk8RNmyKqJYuvdrMQEugoRUL7m10s=','04236150459','$2y$10$hsPQk0y07GXFj4Hj7gyIseCzxMkYmSqA4bDguf.sIM.wej9IkwpaG',4,1),(30000032,'assets/images/perfil/user.png','Paola','Esteban','López','Chacón','ItvmuIHJexTSXyFUXg6zoWqS6TNaeeCEltIgaZ5bQtk=','04158339156','$2y$10$6ThBru1Lwuu1fEk4KMk8uuo0//ax6n26mRZdGjCSGnsVTpb9iZT/6',6,1),(30000033,'assets/images/perfil/user.png','Diego','Natalia','Reyes','Jiménez','OjoPY1DolFZUempXigxK24jpL2dDUy904HSPn415ZbU=','04267077962','$2y$10$T9LjgtAmTtRBDI37puIVPe0E0.haNr6Phbb7XCOjmI.Jrc7SKnVVu',2,1),(30000034,'assets/images/perfil/user.png','Ricardo','Ignacio','Ortega','Jiménez','/3FzF+VeccbFz33vB0gJrgwGTh7R4Klv3rZ1m3ueUs8=','04143989811','$2y$10$/bFvywWUkPNKxQrFk/HkQuJ/d5/ctlOfTtdyH8haVbBQQBvqfws1W',5,1),(30000035,'assets/images/perfil/user.png','María','Alfredo','Martínez','Romero','RfvLX5qfoR4iYybOrWtReKg6RNxX1S1EdYpzXHoV6zA=','04122558575','$2y$10$mZ36.2.Q/6iDe0SUQkqDxeZypzOJl0gUz7NNpor2GYS2waT99.mk.',4,1),(30000036,'assets/images/perfil/user.png','Ricardo','Cristina','Martínez','Figueroa','UUIuX5JyshUE3p4KsDrjBON8JS5eoV5gfv7ce5InME0=','04249753213','$2y$10$b9zAKhDcsWYnl4i/8posuOB7KPgbjebo0i2Mh6bxfNSdeUflhQ86m',2,1),(30000037,'assets/images/perfil/user.png','Pedro','Antonio','Rodríguez','Paredes','vlmtjhKHNbFDlXRxbCnEgc8h1B4tkJH/DBomwvGWpOQ=','04169367399','$2y$10$86mlgGc2qNQ3XHVHyvPDa.HoUQGNTs97GXOqKu6P6KzpyztGaa7c.',3,1),(30000038,'assets/images/perfil/user.png','Diego','Isabel','Acosta','Salazar','N27Wod8EE/SZrpkGryL0hXfHUD3to3Py0WpNsayjDlo=','04268479344','$2y$10$wfRnGg1v4vaPzinaZ0b2su4QBUXue7m3ZjOrrPkq8essasj6I4Nyy',2,1),(30000039,'assets/images/perfil/user.png','María','Esteban','Castro','Prieto','mEGU0r8Fwz0USwYiFLUXzvPl5uWqm1JBtrekasF+M48=','04129985493','$2y$10$pDeM87cWhubRyzLltVHOmOExl3Kp.bLhHZvP9jkS52VSyDUzgk4Pu',4,1),(30000040,'assets/images/perfil/user.png','Paola','Manuel','Sánchez','Vivas','GWSyXLSldXp+GGjWo7JUaHJVZMRPplb6MEdJpqj13/Q=','04237019259','$2y$10$BquK16KgMYV40/Z7PRMjDuGv0d8VVcXvTMnzfcnUTWONJcgiMcGnC',4,1),(30000041,'assets/images/perfil/user.png','Andrés','Javier','Sánchez','García','gNKaWHZLyR8ARXtuIRrDrX/E1TIGnl1J1j6w6Ttbcxk=','04185076392','$2y$10$e/YlW1UaBKHz5z13a.wnqeOjY9fEAT3WC/YxhUf.ksVKMBHe2wLXq',4,1),(30000042,'assets/images/perfil/user.png','Fernando','Lorena','Rivas','Peña','N3FCB3kI+8r0bV/FzX+n76f12yW75ahfkv5tSp6BdXU=','04184128533','$2y$10$xbWYRhqDovZO/RjFVUQi9e7HiPlnmuH93JUT5zaoijJnwIzAVtGU2',7,1),(30000043,'assets/images/perfil/user.png','José','Antonio','Morales','Prieto','6fbI/kHIpRcptQ7HBP7yHAd2ieYpygOAzC5QZb/8IME=','04133060234','$2y$10$1WxJh9qJCvJ.vTJA/2IbguUYD13fHNymjxh3bmkDZ1jvV73HhcLwy',2,1),(30000044,'assets/images/perfil/user.png','Patricia','Beatriz','Suárez','Romero','xWCAZ12Q08uwvs5e85kt7dmteh2KN7XWfi6x5Rrlu9k=','04162464059','$2y$10$HTf6BlKsl2TaG0OwlPBz1.QIoXzkBqOj62Kk4aJyc0Z/wI0/dcLAa',7,1),(30000045,'assets/images/perfil/user.png','Miguel','Raquel','Gómez','Cordero','ElJU56hNj3GdunrhjLznE7vdQNj62dz04+FeO05bPVQ=','04253654577','$2y$10$3vFcyvOChoCs5GEY6lUjIOmblXZKQBcH93cAzumgGdDT6Zxmuu0Ma',7,1),(30000046,'assets/images/perfil/user.png','Juan','Javier','Herrera','Vivas','JASu09tHe/gCeO2c1oLRI7mDXad7SG6diDx81rxWT74=','04126786404','$2y$10$rqdD/mv4oj2tS7sJe8.xJe2zqHlOQfieHs3OKt1YHNJFxcNBzqjmu',3,1),(30000047,'assets/images/perfil/user.png','Gabriela','Felipe','Ramírez','García','opewajJzIXvdLGCfkymulKprt4830n5pHce52TyQios=','04179330802','$2y$10$3cVUARwgnwMhEkLmXCIIEegrUvQgLCRyjiJqmmDXPd7m5Qi5OofZe',5,1),(30000048,'assets/images/perfil/user.png','Luis','alejandro','Martínez','García','sictHuWW6fUq7yGXEU0XjFbBTw1ZwcaCfIXh0vowTvs=','04259877918','$2y$10$PcVL4englSRcs4e/rwc9h.yn8pmstFMLgTfBxoSsuIBIv6Rcoqx8u',3,1),(30000049,'assets/images/perfil/user.png','Juan','Teresa','gómez','García','gi25B9z9QNBbsYpK+yQ5KG6CJKez+lz+zjWUmEi1weo=','04167022471','$2y$10$kMfNP1MAJYixqRorVFi3feD/gPm2RcFNZVXd81gGsTJp2kAU1nZ4e',5,1),(30000050,'assets/images/perfil/user.png','Gabriela','Cristina','Castro','Cabrera','U7xzEZp9wWjUc5z8O5z7rXD/3OvJHjLO8tiwAumPJBM=','04218999171','$2y$10$uYf43IRsoKuNUvtB1fH4Vub2yBJc7hhG728bXbqVy67tPVmggKH8e',4,1),(30000051,'assets/images/perfil/user.png','Gabriela','Felipe','Morales','Figueroa','OXhHe9X1bfWnYUmE+8Yny5o8RITjLG9I8BXiF2xD2RY=','04246266422','$2y$10$0DTfPOFchz2IWmZ2R6RwROdLUAjhJsYID9VRhAE7RooJAhUNy7tGe',7,1),(30000052,'assets/images/perfil/user.png','paola','Alfredo','Delgado','Prieto','5Jd2aH1sv6EppMaMDKQqpR4sFWgKw2ZXa/J2cnDnBTI=','04141493838','$2y$10$7NACaOF6JMbecZbnMikn4.HxnxsB7m17fjgPntzRqZgW3sPDJTJNC',3,1),(30000053,'assets/images/perfil/user.png','José','Raquel','Rodríguez','Salazar','YNoPmLKGaajSp+VGTlgSbILJQiH+2s4o2hW3HCSQCMo=','04195360851','$2y$10$ZjlLx74.XBbfpVDt2RTibedvU54mBcpM0w2VaVupvulprS1uaM0aW',6,1),(30000054,'assets/images/perfil/user.png','Luis','Lorena','Ortega','Silva','JDsBAUav0Y0o/+GKwF8bH48l1NuPm22v2wKDgVb2Bfw=','04172117816','$2y$10$49z28YO6JN5mMUhiib2XwulT7/6nkOn2VlAD032bdiEfcmALjXr4i',6,1),(30000055,'assets/images/perfil/user.png','Miguel','Alfredo','Herrera','Mejía','/2ELHNjRIs0j4WRBMdJiIRosrjPE9Xh8hw1HKr+FJ7M=','04221708692','$2y$10$vuSSvF72fe8XUxNmfzAvqeL8y1ocDvAJ3MfOd8SeI5FURDNC5pq0O',3,1),(30000056,'assets/images/perfil/user.png','Patricia','Cristina','Herrera','Cabrera','7vFyIiqdIS6mo98GW2HIbxuS5L6+ygzPeDC2WBYiNNA=','04221450250','$2y$10$ayGpqaSh0wgsxglrArZ5h.E8NO8HLMFlhvyn/.mZcUU2tBJ.zoDwK',5,1),(30000057,'assets/images/perfil/user.png','Fernando','Lorena','suárez','Romero','KyX4phwaS22u8OX9GCfKSRtySn84+ittyvM7R0v4xNM=','04228094031','$2y$10$LdILtpWxJl.FA/5fzUV0EOx994.nSktLNyjzWiByEaCxsp7o80tky',2,1),(30000058,'assets/images/perfil/user.png','María','Antonio','Herrera','Mejía','TYyi20buwD5kIVnV6xsUnYCyNPo0iNJ1sgHG9Tsm440=','04166771904','$2y$10$uIT5..S.gGUpeWAGA31a/eddraxeavRrssXMMWLGLNluGOQp99pwC',4,1),(30000059,'assets/images/perfil/user.png','Carlos','Ignacio','Vargas','Salazar','FnAxKnjOULnGhfP+BqhMhFsHc1Gr9Z2A/NQqZdaDs6Y=','04175677796','$2y$10$SI8pQ62fnN1zTKqzEAkhZ./gIAIdYKwYtck1/OV35zEC6V9MpIT2a',6,1),(30000060,'assets/images/perfil/user.png','Gabriela','Cristina','Rodríguez','Blanco','Azx+OxaLoh/zuNrMHbQySk+mYT2PbWfRO7TNs7Oimoc=','04129430564','$2y$10$T.AF.cJAMV9br9SP1B4MjOil6Gtf434uY/ctzhMG0Ph9Mmx63GEs6',3,1),(30000061,'assets/images/perfil/user.png','Miguel','Rosa','Gómez','Arias','GFw+m50OA3i1XiaKJbNqvwjVOoLkGwgSmsULrEzJBdc=','04239485009','$2y$10$xS44EU.vFrR7EZfI/viuIuG8LphrZ2taFrhtrRBv8UPWE2MHe6XFK',5,1),(30000062,'assets/images/perfil/user.png','José','Daniela','López','Salazar','tZDDdrAGNNRtQnKAhMGqRYcSKgCfeOUs7dV6HeGMIGc=','04137661991','$2y$10$woJiRxVosoPriQ0vX92/m.lGSh5idLksu6FV.6hfKiRIRc2MuSjbK',2,1),(30000063,'assets/images/perfil/user.png','Sofía','Alejandro','Pérez','Mejía','13Ct6bQo+VwMw3zbJkWhJuXgUqGBNi5Mua3QAfcIcPM=','04123566884','$2y$10$66Lg4ZRm.YPXdL4.Uchn/en2zWwqCJuCTrUCfA0A63MRGsDjtM.Je',2,1),(30000064,'assets/images/perfil/user.png','Lucía','Beatriz','Suárez','Figueroa','KvVnikEVHImQdJ3wPgDG8msgwEE79Ki7Uy/AJFo0mWY=','04187815502','$2y$10$3cbrbDSHsYyByA0bATXKpOIo9iWKyAErPY6cl.AqWBaDE5q1TZiim',4,1),(30000065,'assets/images/perfil/user.png','Sofía','Beatriz','Herrera','Prieto','AsuL9Q1NiOYB6mYVGEaELiGcADdxVr61Uj0Gycvn58E=','04158998744','$2y$10$DWyN7UNnff/10MJAImArIu8OPE4Z4ABQvprTY3ISRUNBleh2MP052',3,1),(30000066,'assets/images/perfil/user.png','Laura','Isabel','Reyes','Arias','Bi//61ioWkEMQnew8GMX+zOI3ZpC2SMBo1EgjC7R1KU=','04239522174','$2y$10$HirHzaaUK4fXL/2R0hGgIOEB0y73SNQymawD/OoyvHYg6judxc2lK',5,1),(30000067,'assets/images/perfil/user.png','Carlos','Felipe','Ramírez','Rojas','GWv4WVPlwEY8dqo2QLDb25phDQwqziuAKvy+yL4gfJo=','04162179864','$2y$10$O5BQAnZfP0gI02kNp9sLwOtH2CALTFBQle1XCU1ezmx8I0hyLs0hu',7,1),(30000068,'assets/images/perfil/user.png','Carlos','Isabel','Lopez','Chacon','u/8uHfpiIPR2rm7YLowPBOsIcoOMqP1rBL7hXMZRwas=','04189713215','$2y$10$VjbN1R8WbyO74EN5T4nVc.yYGKOrHFyZY18W07kLmcXfP46cgxNki',7,1),(30000069,'assets/images/perfil/user.png','Diego','Felipe','Ramirez','Jimenez','QeR8K/+ae8WZWJJTVkru2TMDDEZVZK6HQpw3tGD5di0=','04141376363','$2y$10$Qib5hQsvfNWIXEpH5gTVm.yoLvHr1/p5wUWqsjvwEyECxIh5LkGwu',7,1),(30000070,'assets/images/perfil/user.png','Ana','Natalia','Sanchez','Mejia','SnDn5nAFc3WaKn9qEOCytfHQU04TfNgUId5P6qHvt+g=','04182481202','$2y$10$FgJM0qtt5s4Vxh9hUhGzZeBX1vv.IzT0pGJ5ZZPe.Q4SoECVeAgC2',7,1),(30000071,'assets/images/perfil/user.png','Patricia','Natalia','Delgado','Arias','Tf68d0l9ntvHbdgS2LNM15GHkn0vBxwT25cG2oJMgWQ=','04226473188','$2y$10$8qA576U6I6bvvrkeflBo9u7rUzfjvu.sdkda1X2osH4vq.eDvxQrW',7,1),(30000072,'assets/images/perfil/user.png','Sofia','Felipe','Gomez','Gomez','nNxWhvB01lOhmPv12ji9N7mn8eTUGExWtIPRGH/wRds=','04237708855','$2y$10$jbOrUd0PsdFu6W.ffeQiYudm9CWG0agFHX96pVhijFaYtU5a3y9WW',7,1),(30000073,'assets/images/perfil/user.png','Jose','Javier','Castro','Prieto','6zEGMnMzGcO+q+nnFcLG3OsCeHPe1ZUdpsMlDWK8DKg=','04151274270','$2y$10$wt0f.jX39ZxL7Bm1QJJl0O6.i5TLf3LM19GP15wK.BMcWUCRaN1nK',6,1),(30000074,'assets/images/perfil/user.png','María','Natalia','Herrera','Figueroa','veFBbCs9VSWyiY0s7iVbeyaheE6hLTYseq/Cs1tOFOA=','04194243025','$2y$10$.OLVpcG61r7fuUam6nWpduVH6g9Gf3hCIHeUfbr92nU19wpcEvlN6',7,1),(30000075,'assets/images/perfil/user.png','Maria','Javier','Herrera','Paredes','PR7i1LuLlB2JyZIP8FKF7ZAMLvGkkmYQ1ckA/kCf67c=','04181294618','$2y$10$N2wRcVM0BQv0qFsmXDo4jOgx02UtKMjazkZjRyWwISiRDA4/1Z9z2',7,1),(30000076,'assets/images/perfil/user.png','Andrés','Manuel','Fernández','Rojas','VB4O9Otz9sGMWiqIjQ4ggqV10VcslPTLoa6bzwVA3uM=','04221524569','$2y$10$t61ciSU9PYCoPeEbVTy.C.Zbv4BZunKnjm7OJvV98.rxQZBXWcpqK',5,1),(30000077,'assets/images/perfil/user.png','Carlos','Esteban','Gómez','Peña','huRAGFX5RccP675Jpc8Gn4rKAIBQE8SgM3cVc3PSH2I=','04132897778','$2y$10$O6EGOmQIcsP9wOaXAvhImOYKxLQwQNE3J81Dik8awYYJ3NTVz.N2S',6,1),(30000078,'assets/images/perfil/user.png','Lucia','Lorena','Martínez','Hernández','jsHB9xe9B+XcNlNYra5okid5IBkvYL35PmIUtTjrREI=','04227714061','$2y$10$GTmyD.N3hvdbJ05u8OMc/.3IL.jux36AulPM2fKc5n48H5r2hwEg6',7,1),(30000079,'assets/images/perfil/user.png','Miguel','Eduardo','Vargas','Vivas','vmgB3w/IzP7VgNuV81r6PHsLgscUPagGIMm2+03cu9M=','04213450267','$2y$10$pNShFfr1OrtgPcx9Y1FireVGegIX7yGtxs2men00A/19UEY.0hY2u',7,1),(30000080,'assets/images/perfil/user.png','Patricia','Felipe','Ramírez','Chacón','OHHkhxvfAgxUUKq1bLkX5/mJbjf7XKz/DW1WpM9e698=','04196617156','$2y$10$s5SV1Mtv598nllrfFbwhNO.ng2pwTb0l/lsZENBaYl0nhmbOkZEKK',3,1),(30000081,'assets/images/perfil/user.png','Marta','Daniela','Ramírez','Romero','rZWE8z6xol73ZmafqAghHS3rJcihAOx2+eTas9eGDtk=','04242499983','$2y$10$YuwNHp77l4YnGMJ5xtQqleKybpoBjqrsZ0sayqpQ3e8Yx28WuwNya',7,1),(30000082,'assets/images/perfil/user.png','Ana','Raquel','Torres','Peña','hCiApKLwfq7CxA4P5pzK1bcTrMIqhlCq8I1rN0ftCDU=','04191396433','$2y$10$.Rq5g1L9Ycx04.m3yQgeJ.0rGfsERUHFxxw6tRlAL5ROBvsC2pz1m',6,1),(30000083,'assets/images/perfil/user.png','Juan','Alejandro','Gómez','Navarro','g5WygHZ1JzsntR3r1m3f2vK6SQelPkET8O/LyKHLM4M=','04165034251','$2y$10$VWnghhbyNJYeysIcfUSPf.0/4jSueZu.wm792YhG9wlJZziRsoL0u',4,1),(30000084,'assets/images/perfil/user.png','José','Isabel','Reyes','Peña','HLTW1hKmN+FsJnhYqG4/zLIhtY6hjzobAIfAoCfcIj8=','04155539794','$2y$10$CMnHRhWMnQ/MZn03lydNper6v7hiY3LvaBFEk0Go8BahPYxW8nzla',4,1),(30000085,'assets/images/perfil/user.png','Marta','Javier','Reyes','Rojas','huYfa28DgrwmIfvWRiEpC+ecgtXg5eyhj4UpSUcP/Q0=','04201767946','$2y$10$oJuFUYz5Gjq3v/l.cRpEU.DdRsQf8IKKAuD4oFlue1ZqNwYgAb4zi',3,1),(30000086,'assets/images/perfil/user.png','Gabriela','Javier','Castro','Romero','8rQ581i9fGmD9FC+0TFV1ZdG67gqCyk3bI/gYg8cha0=','04132067156','$2y$10$/MtlDRvbDHrZJJb6rktMz.dRK2dSMjn4cnQ7LdegZdMlER07Y9D5m',5,1),(30000087,'assets/images/perfil/user.png','María','Cristina','Ortega','Paredes','Nh0k7sNpre7ju0CRSSNu0wDVnm3I7BlVgYV7A7SmxZs=','04211159233','$2y$10$.8Xcz0k9WHoPHJM60ZIZBOuO9tch1H4xO6xYxJIOdW5H.foFT4NKK',7,1),(30000088,'assets/images/perfil/user.png','Juana','Isabel','Morales','Moreno','QrgjNdHhCu3+C4ASBeT5KC+1aoCxP38Qh6x7CnfseYo=','04181383680','$2y$10$drW7oz/NRz.H/hadt.oYEuu/eieFj5YJF9hziUNqTZmFURP22ZsSu',7,1),(30000089,'assets/images/perfil/user.png','Patricia','Rosa','Suárez','Moreno','s5qrIVwCceC7pIqqxjlh5RgApqGP1wss+Yhb8r8ybTw=','04143233424','$2y$10$rTB2IFVeA4oKt5qr2vfgyei9rH5sKKk/ZwpajhaotxZaqEK17hlI2',2,1),(30000090,'assets/images/perfil/user.png','Fernando','Alfredo','Rodríguez','Romero','AErsh8FtiX1TphGGJEGi852mhILwELhcIErxZEiqUxI=','04159792870','$2y$10$FwEZkYpoYtAw1y91f0NC9uluqFiaZdaU6vC1gQomQ4FkGSDWyHkfi',7,1),(30000091,'assets/images/perfil/user.png','Andrés','Beatriz','Vargas','García','b1vFG0ATa+69we4eyTvW1j4/m+rLAkS+od+VCDnapN4=','04195355124','$2y$10$Y4ECNijOzX2oRLEI.q9uV.dJx8EPmg.mbZQMXzNUhIoE69yUH7Kb2',4,1),(30000092,'assets/images/perfil/user.png','Ana','Ignacio','Torres','Cordero','jt/ayBr5Yq6ieMLSlk5Vj79cr1iuu7gZaj6MhFV6AQQ=','04218907292','$2y$10$QZ1GzkluEDpXbQ2P3kkbuOqOxpmvCOUjVIXA9.GsbSSkrQbp9xR2m',5,1),(30000093,'assets/images/perfil/user.png','Pedro','Rosa','Suárez','García','aKqGYHgjka1T4Be/9jmh32I1KRYi2F3RG71ZTh2Kt6Y=','04213973563','$2y$10$H.eeYGStBJEGcBKDWa.mrOsU93HDZevCN.oxBgP9oJR.oTThhHRRC',4,1),(30000094,'assets/images/perfil/user.png','Marta','Cristina','Delgado','Mejía','MB4yHIT77wC5W2KoxLVP2UzH25LEpRBRBVw1SXG2/PU=','04135528812','$2y$10$f7D2l7Nt6RYN3TmXwCEoCOhgpXahmlQNj7D/YpR4MIrLV8hlbsaP.',6,1),(30000095,'assets/images/perfil/user.png','Ricardo','Ignacio','Delgado','Prieto','XtEngWek4SPmpV1knC4oXqC+1lkzqfQnwoyfOGwzPJs=','04244869789','$2y$10$QBs2svLpDq2HLPtE8MvaMO2X8KTr2l3B/IduVK.e2SGHUUzFkLVPu',4,1),(30000096,'assets/images/perfil/user.png','Ricardo','Esteban','Pérez','Peña','mVoRzIgW4qKp6C6Jwpi2vQhEavtoY6CVfZthuvxZvlY=','04232595956','$2y$10$kmv0n0k7SpEHvVEPSq98UO.iifMEkIRnG2txpkiaACQcX8GQmn9Zm',7,1),(30000097,'assets/images/perfil/user.png','Gabriela','Felipe','Sánchez','Cordero','k4IabTHi4UDWlCgcGcj183Be/5y59UDGFE5IvaNo3OA=','04127092805','$2y$10$.A/R9EiLJ1akbnRZdmEmhuNIWNCifCJucIGWaM1ZeBNB0wqIXMqhm',3,1),(30000098,'assets/images/perfil/user.png','Ana','Eduardo','Martínez','Chacón','XqUTDHcI6zYVpn2jmdMylaXDmkicFcLjX2bjerPoFxQ=','04194131757','$2y$10$/PzKPwQnwcoNsW2Xir/if.7Xzu8knuU4rOarWruaBrrM7Lnmcwlc2',4,1),(30000099,'assets/images/perfil/user.png','Diego','Natalia','Reyes','García','E4OuxWXGer5FyHmIgpx5bo2Ez5xbGxr+Yfr6nl6M57s=','04184636242','$2y$10$eAmnsCcVp4BbQc5OTPi2pu7qvv1AoTxUhi9W2hDzO0Hm2WeinRmJm',2,1),(30000100,'assets/images/perfil/user.png','Lucía','Esteban','Rodríguez','Cabrera','zHNiLaDMfzaQecATNp1SQDzDoeUzYie/jENngXBCLs0=','04202325174','$2y$10$9z0oiUuMHiUXCtlOg.1ZSOGK1Zhx7JZ6NAvhmGwjEvmZdSxQ4oMNm',4,1),(30000101,'assets/images/perfil/user.png','Diego','Alejandro','Pérez','Romero','tV08yTHEBskdgQFno75EEs9A+yp33sQfv1RB2BTYLbE=','04184000222','$2y$10$J/DrihZvvcZLvSqtPuqCv.mEE6z1NGiCdkVWScP1wbzE0x0ZwtPSS',5,1),(30000102,'assets/images/perfil/user.png','Patricia','Alejandro','Ramírez','Jiménez','OHHkhxvfAgxUUKq1bLkX5xPvUtSGR6edB3C6slJIsBA=','04184215885','$2y$10$uwl834HAXGjDyDLQKpDpre7gLXsmVD7uepQzF.B2ktQACymnsaMC2',7,1),(30000103,'assets/images/perfil/user.png','María','Cristina','Vargas','Figueroa','a4dK5ficWQA1yjEjQZaVo0FkTqdMDWpLMHnN0dyAczE=','04215445706','$2y$10$gydpjH/u9xOI62WxTZ0.5u0iputvsJ7dNLYh7EIUrkG/34TH19una',6,1),(30000104,'assets/images/perfil/user.png','José','Isabel','Reyes','Vivas','pGYb85NzMYAMHaFSaSssP5ZvXWcW7AjLWWDWDZPPGTc=','04267130635','$2y$10$Hpo8AgrWORRitAAJubPOSOymXcvDr1jVmmPxohMLL6mBZx60qVWQq',4,1),(30000105,'assets/images/perfil/user.png','Luis','Rosa','Suárez','Silva','WS3/DVxkUic/n9AF6ZB4fmJSMhKt5F08U1y0gDeXf9w=','04251060342','$2y$10$8KYgtbmstNv1jPnLAskkveHvaWhc81ZLVg2aYbMkb0QNLDxbVPOLG',4,1),(30000106,'assets/images/perfil/user.png','Sofía','Raquel','López','Paredes','b30cme3xJSfmbWwGzrc6Xte7wohzd5BObPx4Vn3xfiU=','04258511148','$2y$10$J.O11.86y/ekjSguBtWRKe//9.UYjlFBCrq9Y6tZ.msGrP7JnBnbG',3,1),(30000107,'assets/images/perfil/user.png','Patricia','Lorena','Torres','Cordero','I1nRXxHaLDA/nSLO5Cu9PJVCnc6CZ3JlQbJiKyw3srk=','04132613511','$2y$10$msUd15h4OYvfybGH/oU.mO4GrjXw6qVbD7D0.qIc3uiyomH3jf5W.',7,1),(30000108,'assets/images/perfil/user.png','Pedro','Isabel','lópez','Blanco','4g5pdG5Vd8d5BJdK8iQ0NihTk/NfN5fgvaPQW3Bt+8I=','04165272014','$2y$10$9n7FnBA2.fYu9lNhkCI9I.nVBjW39y8nrHZR1smCzFXjk26HZrzDm',6,1),(30000109,'assets/images/perfil/user.png','Ricardo','Alejandro','Martínez','Blanco','UUIuX5JyshUE3p4KsDrjBMasyzNxUV7mKasrOzLAXTs=','04223295622','$2y$10$r7nqmd4p5lf7qPhieY/5yeicsgulV/3of0ZJdjFlwTqq43pOOF5p2',4,1),(30000110,'assets/images/perfil/user.png','Diego','Lorena','López','Chacón','Q4swfoK6roWul1ajmX8rjbrvyUoozzunam/hkZUw8cY=','04166001904','$2y$10$HTrdpLBRsQo5li1nW7FB0uT38J50CjV3/CbTy6LXBDFgdjIura/qO',6,1),(30000111,'assets/images/perfil/user.png','Juan','Raquel','Fernández','Romero','8JdUXAczEOgUnsjDlSZwKpbAJR/Raw7lJFlFq7KrBoA=','04126159002','$2y$10$.VmiHh5GbQHaM6Pfnmjynu2MX2l8LOuy/d84ngiq0hyzaMTtlMtEm',3,1),(30000112,'assets/images/perfil/user.png','Pedro','Ignacio','Ramírez','Salazar','LILrO02KaKLXIX3sAwVZWW5lGz/ol5syriNb5vV2m4s=','04199147437','$2y$10$.u5TQ8xGvDWF8UgvVdMXBufLh3g.t8VERSldaYbwvuIuuQHLKw4ii',7,1),(30000113,'assets/images/perfil/user.png','Patricia','Guillermo','Morales','Silva','8ZB63D04owHVcseesupJ6+ygPzAixjJIySfWSSK4yOM=','04252964895','$2y$10$FHvUCN2NOFdjhcqZOlgSAOysZHVGyvjFAN3XZqxBXRX73Zy/vDQGe',5,1),(30000114,'assets/images/perfil/user.png','Sofía','Raquel','Rivas','Figueroa','vpxJYBk59dc+btXG1bhYXbbXnuXWPUeSaTi0hpySlLY=','04177477761','$2y$10$ni7vzA7XjNrDawyaiJ0m/O1JOBtAKcquPdZnICnCBlDzlYJhFRite',7,1),(30000115,'assets/images/perfil/user.png','Ricardo','Verónica','Gómez','Silva','ZzQQeWmWkcPo2cwZViXJhrF0kaEY+WhFSKBqEKZuiWI=','04246391230','$2y$10$UnkwsqPLxmxYPeA0tkh82uHdviC6H3.P3dfvc10VMmpkev3fOxlAm',2,1),(30000116,'assets/images/perfil/user.png','María','Antonio','pérez','Paredes','rza13Dy1OIfXCQATMasem4gERKpleyPU+8VrqlTCYVo=','04148431656','$2y$10$agXPVkHCns7RD6L9aQ2N/OGN.Y2mUflQUOLX9S8ygpxcOhzxRhRUK',2,1),(30000117,'assets/images/perfil/user.png','Diego','Daniela','vargas','Silva','rPrWmn4uIxYm0wrJc3EXAFp+8jl7akxHH+eOwV1AX28=','04181150346','$2y$10$3xPyTzzHFFItGp6r1QIiT.eFyhq9Cn.NhdROLkitLwAJ.e67nz4ka',3,1),(30000118,'assets/images/perfil/user.png','Carlos','Rosa','Torres','Cordero','C13poOZ/u4bzZf7xzl9jOtjiyHvhbgYuM5rJWsGprt0=','04191037210','$2y$10$CDy3YIMXw1Ju062BO74OI.nD43LYgvAteWHlruZ6ygHCua8wwhOhi',4,1),(30000119,'assets/images/perfil/user.png','Ana','Beatriz','Rodríguez','Mejía','MlbRiv+GNgtVVRNQwup0YckaWZhbfYwQc4PAW0PCHhM=','04176204772','$2y$10$4HSrNlEyOjwnAKXAWY61r.7AILsCOaFdQUx54WZE4t0dPrkmIiQri',3,1),(30000120,'assets/images/perfil/user.png','Luis','Daniela','Torres','García','XjxUHRF3u5C61E9QLZeLt2D5qhJkv9lQGa4J9pJcqyY=','04213198804','$2y$10$yTxDPyeXacadN4N958V4cOgUjWMwfaSfWkkieZis/sOZ6hMniBxEW',6,1),(30000121,'assets/images/perfil/user.png','Paola','Isabel','Torres','Navarro','760NIsqKgNyIIUOV4FmsYTqbQ/SXy4IJ9iWGmGMKxVQ=','04251088961','$2y$10$xbY48NysvbA77p66KToIWexmNoOOcL9sJGtZAde1OwJANT3SkBf5i',3,1),(30000122,'assets/images/perfil/user.png','Carlos','Antonio','Sánchez','Figueroa','cPMfMSyWOOcXAWfThyvsqUtxMKBA3IQEe888vaORGbs=','04224717971','$2y$10$xoEgHfCgGUCESI0EoW0cZ.0WUN0hROs7L57hT9Je2rlWhTAGVgKka',4,1),(30000123,'assets/images/perfil/user.png','Diego','Esteban','torres','Salazar','gf7CKePBmIzktR/XnshicGxxoKgX8kvgQzPf81GZK5M=','04177294938','$2y$10$Zi7G9fnzk7oNs2diwqWv5enEPaaEs7l9Vs6qNQ.yV3y9LxmwvY8ou',4,1),(30000124,'assets/images/perfil/user.png','Ana','Isabel','Acosta','Paredes','ziYUK76PquLP2KIZt92nna+1Uh7UHE25Q5ej/F0/Xfo=','04202337102','$2y$10$Ry76Q4G6NXeUfkp0VrTv6uf.5JREiF4d35TsTqQtiRQ2wTzN5K5ea',3,1),(30000125,'assets/images/perfil/user.png','Andrés','Isabel','Gómez','Figueroa','Bgh0gd9l2KnfLZFP+oWnPFrre3RPHB/1PJptmBSrpTA=','04191346467','$2y$10$nrflmtqD6t6PfpbUpY4rhukguYr02kUu5G8YYT//YcQ199n/njArS',6,1),(30000126,'assets/images/perfil/user.png','Lucía','Ignacio','Suárez','Salazar','Rv3uQyNRgOETVuojH4Wzr6tPBkqZPV0lgaSQ7dJj7MU=','04268518764','$2y$10$g4xFYVEO2gOAn1cfVUdNneQ..hsBXs214HgVaj4CyrOjPcO6hwJOm',4,1),(30000127,'assets/images/perfil/user.png','Gabriela','Daniela','Sánchez','Mejía','k4IabTHi4UDWlCgcGcj183WolsaFjHVGnGwMzjM5er8=','04175204352','$2y$10$o0xm1apRfOPWfoIbofi6Du6onOejFbM16.mi8e98RffMTvFonWO9.',3,1),(30000128,'assets/images/perfil/user.png','sofía','Cristina','Martínez','Navarro','iDyaOEGUiF/pQCC6gkk5dKM8n2riqClHacSauNTCOKU=','04243486903','$2y$10$NHcKcIoUle99bmcwUb92t.90Ah8vakbXbXIhNZNLYOKYzLfo/w5y2',3,1),(30000129,'assets/images/perfil/user.png','lucía','Guillermo','Torres','Cabrera','Jvi4dubj0GuE6dm9PxDi2LuQntHj6KPvouA8SXxSLoQ=','04201668942','$2y$10$mtJV0AyplsvkDDfiffgRI.ovqceCQcECFF6CgLCs8Ly.PLe5ttbWC',4,1),(30000130,'assets/images/perfil/user.png','Juan','Alejandro','Ramírez','García','fU/H6aPb1VVNZTUFTgC9aje3lB8sLaymZVH+grpdIFM=','04126142377','$2y$10$Q9e6B1oBM4lx15z77ZG24uJQO1FaSf.GgA.FFeZSABWH3ClWIGv..',5,1),(30000131,'assets/images/perfil/user.png','Juan','eduardo','Suárez','Paredes','B1vckJbrmG1OvEjjbtIhOQH+Dg7jLGmcc64/C9WEuDI=','04246917611','$2y$10$TsEPD7SbGrRRSVOOM.tV2.P0/mqSJgsfh3blDWL8LcqFPEEKuCRde',4,1),(30000132,'assets/images/perfil/user.png','Luis','Felipe','Delgado','Vivas','7nTSMrWYJOIGdTxY703W4VoS9ZMFIFemaSM4JM/f31E=','04258361225','$2y$10$IzxRmSz5oyNqMyByoy50KOgDJlhCrIxumE8H0ga57ggU8qK5WGtpm',3,1),(30000133,'assets/images/perfil/user.png','Elena','Antonio','Acosta','Vivas','PiWhu68EjcPNldV/mXGA9ENQ6bFXxnN0Uq0zYdmdbsg=','04124699835','$2y$10$g0TjiGPzuSgn41d8xdbyTunuksktPWY9Obcv0hIzl3.fxqhRQgNta',4,1),(30000134,'assets/images/perfil/user.png','Miguel','Cristina','López','Romero','O3S5KSbwLHpPih3PErzv+jJzDSOTnnjLZUj8HcUhUJk=','04173147701','$2y$10$00pLPxMHMgxCK9mX4LeTFee1RY7QUAaucN11FHGjNpO5qAl7krJMO',6,1),(30000135,'assets/images/perfil/user.png','josé','Alfredo','Fernández','Moreno','OTNxGUBrHO2NtuyiLzxL+6zEFBL6Vt2HQNb9XlKew3M=','04208681150','$2y$10$oX.wJu575Scrrbf3Is.4iu47spmN2yEh34SyAW09vFKMAEcCteWh6',5,1),(30000136,'assets/images/perfil/user.png','Elena','Teresa','Martínez','Peña','w1jBHsrLFB8GL2Y75W6hyHD0n56m+2nQzfSo1as6814=','04246586423','$2y$10$EAaUetfXaB7oRxTsQM0XeOsWJRDaqKY42bUL3.uH38xn9bd5PV59y',6,1),(30000137,'assets/images/perfil/user.png','Fernando','Guillermo','Martínez','Arias','VPtZ2ETA1lN/FxCaqlXxGcTPy0w21WhJYZDKSkXd6t8=','04154795233','$2y$10$dfNV2mxsw2BVBco0QM9vuu9X3iB2DwsvHDZRkKtBZUbbNqaywE9le',5,1),(30000138,'assets/images/perfil/user.png','Luis','Alejandro','Torres','Cordero','fKtX7MUD07FWTXccOoi+JQeFQVuqoHLPqvo6mU/lJ0k=','04184487409','$2y$10$bsbZb.mZ1zr8rFRpdWQV3OKWxhYL7UerjneUnNbMPHMx/hrh6gQA2',2,1),(30000139,'assets/images/perfil/user.png','Sofía','Verónica','Delgado','Rojas','jF4RGkoAwa8MTRnaeTv57clZ7s29cjEqBlY1VaqaHrc=','04197092065','$2y$10$L/vlVoPnBtfW9xOddI0cdOUo6.I0hw88FDXL35qIBCTpsgQVJ4/Um',6,1),(30000140,'assets/images/perfil/user.png','Fernando','Isabel','Herrera','Cordero','PImLOQ/RjRYf2QhUjLLFTZcNxaOTzlWDwNS9jNLuviQ=','04194119022','$2y$10$oEvrUrgBynqyYbG.vJaBEOkwtujhjhWLjyJ0LjWkXCFyKSAvsx6z.',5,1),(30000141,'assets/images/perfil/user.png','Juan','Javier','Sánchez','Peña','lnCcV8EvYo/8AVhpbttXy3xJaJilb1cbn1klR4/bKF8=','04257534636','$2y$10$0y442/VyWiPlsnbyJCT/quy8u6Wouzk1PyXK29Z3OtrTHoqUgsTrq',5,1),(30000142,'assets/images/perfil/user.png','María','Alejandro','Sánchez','Jiménez','/6DzZ09vA58KuJEysfFbx1DYMfql3MegnN2PM2ZYMCg=','04122996307','$2y$10$bE/xJieR6QxPvbPYVETfHed8AfCxqMe.oUjNy6/axMLXAQ8dThL4.',2,1),(30000143,'assets/images/perfil/user.png','Patricia','Guillermo','Rivas','Jiménez','OZmjCb4wJ9rsC+nSrIVkvKHYTupyPdJkKr/Osb/LsCg=','04174163176','$2y$10$RGqRybvZAMFbfxsudOBvXegXD0zIhGChBppLdPXi1M8bWmzQXfOLm',3,1),(30000144,'assets/images/perfil/user.png','Carlos','Isabel','Pérez','Rojas','NC+OUG+ZzRPVXlnvCy74ZKdG2NMKqHW150S2hc/gYic=','04187851387','$2y$10$xWl8HE8aR4VG4Wtd6F9R/OuvI3lw6alRUJypVhCzWQC3gb3CqV2Ya',5,1),(30000145,'assets/images/perfil/user.png','Patricia','Felipe','Reyes','Mejía','yVopjeqsRAHHgZLxZevgoJAVGoM2baP5GRlfrVtgss0=','04225188969','$2y$10$WBC1gr7NsjbuCSlvbNeaJev1jji5oUhR5bbbry0NEZUg4IikaiSMC',6,1),(30000146,'assets/images/perfil/user.png','Paola','Raquel','Prieto','Suárez','nHJoTDYOosoDBQOmCp6LmN4q1I2pqNaSmBmM9m1SYpI=','04181202937','$2y$10$ogJTh3vTk.wYm9DbZwkSyumu6EQCFn8soXBeIxtmn36nNXToc9Ks2',2,1),(30000147,'assets/images/perfil/user.png','Marta','Daniela','Delgado','Cabrera','gBwQOWyaxJyXet2h7qQYjOWxKtkj41HFLF0+M/Su4D4=','04132678291','$2y$10$2HvDYj6j9hIvzpm4SXkpdet4nvksG59LABdspCZM5SR2dYXxqmDVS',3,1),(30000148,'assets/images/perfil/user.png','Miguel','Raquel','Rivas','Blanco','cJVpCGLci+gHacbnZpxtncvVqxhP1FoHm297WNd4SiQ=','04171837462','$2y$10$Bw4F/jDt5zAwa3tSbuAY5OV5Racf1y2yHnFCjA/z.iWUhf9ZXsfvW',7,1),(30000149,'assets/images/perfil/user.png','Marta','Rosa','Martínez','Salazar','t7TTLyue719eaokccZx51Ik6mLhqdZbYZGhhzL8+SP8=','04224019292','$2y$10$cU7cT0n6XuGZhKM28QCqIuHUl9qLAuFVplMKHtvROIBvHWPvt8VGC',5,1),(30483987,'assets/images/perfil/user.png','Ana','Maria','Wyatt','Almao','Q3mkwMFjKRZOUgXQgCQE5/oBDQhYNpJtucI8NaRVm9Q=','04121873382','$2y$10$Ot4kW1BYJW9basW1Z62vAeVJvhFxgeI8dyTp1Iz2VmhMaioQOhdKW',4,1);
/*!40000 ALTER TABLE `usuario` ENABLE KEYS */;
UNLOCK TABLES;

--
-- Temporary table structure for view `vista_bitacora_usuario`
--

DROP TABLE IF EXISTS `vista_bitacora_usuario`;
/*!50001 DROP VIEW IF EXISTS `vista_bitacora_usuario`*/;
SET @saved_cs_client     = @@character_set_client;
SET character_set_client = utf8;
/*!50001 CREATE VIEW `vista_bitacora_usuario` AS SELECT
 1 AS `idBitacora`,
  1 AS `modulo`,
  1 AS `fecha`,
  1 AS `hora`,
  1 AS `cedula`,
  1 AS `nombre`,
  1 AS `apellido`,
  1 AS `img`,
  1 AS `idRol` */;
SET character_set_client = @saved_cs_client;

--
-- Temporary table structure for view `vista_usuarios_info`
--

DROP TABLE IF EXISTS `vista_usuarios_info`;
/*!50001 DROP VIEW IF EXISTS `vista_usuarios_info`*/;
SET @saved_cs_client     = @@character_set_client;
SET character_set_client = utf8;
/*!50001 CREATE VIEW `vista_usuarios_info` AS SELECT
 1 AS `cedula`,
  1 AS `img`,
  1 AS `nombre`,
  1 AS `segNombre`,
  1 AS `apellido`,
  1 AS `segApellido`,
  1 AS `correo`,
  1 AS `telefono`,
  1 AS `status`,
  1 AS `idRol`,
  1 AS `nombreRol` */;
SET character_set_client = @saved_cs_client;

--
-- Final view structure for view `vista_bitacora_usuario`
--

/*!50001 DROP VIEW IF EXISTS `vista_bitacora_usuario`*/;
/*!50001 SET @saved_cs_client          = @@character_set_client */;
/*!50001 SET @saved_cs_results         = @@character_set_results */;
/*!50001 SET @saved_col_connection     = @@collation_connection */;
/*!50001 SET character_set_client      = utf8mb4 */;
/*!50001 SET character_set_results     = utf8mb4 */;
/*!50001 SET collation_connection      = utf8mb4_unicode_ci */;
/*!50001 CREATE ALGORITHM=UNDEFINED */
/*!50013 DEFINER=`root`@`localhost` SQL SECURITY DEFINER */
/*!50001 VIEW `vista_bitacora_usuario` AS select `b`.`idBitacora` AS `idBitacora`,`b`.`modulo` AS `modulo`,`b`.`fecha` AS `fecha`,`b`.`hora` AS `hora`,`b`.`cedula` AS `cedula`,`u`.`nombre` AS `nombre`,`u`.`apellido` AS `apellido`,`u`.`img` AS `img`,`u`.`idRol` AS `idRol` from (`bitacora` `b` join `usuario` `u` on(`u`.`cedula` = `b`.`cedula`)) where `b`.`status` = 1 */;
/*!50001 SET character_set_client      = @saved_cs_client */;
/*!50001 SET character_set_results     = @saved_cs_results */;
/*!50001 SET collation_connection      = @saved_col_connection */;

--
-- Final view structure for view `vista_usuarios_info`
--

/*!50001 DROP VIEW IF EXISTS `vista_usuarios_info`*/;
/*!50001 SET @saved_cs_client          = @@character_set_client */;
/*!50001 SET @saved_cs_results         = @@character_set_results */;
/*!50001 SET @saved_col_connection     = @@collation_connection */;
/*!50001 SET character_set_client      = utf8mb4 */;
/*!50001 SET character_set_results     = utf8mb4 */;
/*!50001 SET collation_connection      = utf8mb4_unicode_ci */;
/*!50001 CREATE ALGORITHM=UNDEFINED */
/*!50013 DEFINER=`root`@`localhost` SQL SECURITY DEFINER */
/*!50001 VIEW `vista_usuarios_info` AS select `u`.`cedula` AS `cedula`,`u`.`img` AS `img`,`u`.`nombre` AS `nombre`,`u`.`segNombre` AS `segNombre`,`u`.`apellido` AS `apellido`,`u`.`segApellido` AS `segApellido`,`u`.`correo` AS `correo`,`u`.`telefono` AS `telefono`,`u`.`status` AS `status`,`r`.`idRol` AS `idRol`,`r`.`nombreRol` AS `nombreRol` from (`usuario` `u` join `rol` `r` on(`u`.`idRol` = `r`.`idRol`)) where `r`.`idRol` <> 1 and `u`.`status` <> 0 */;
/*!50001 SET character_set_client      = @saved_cs_client */;
/*!50001 SET character_set_results     = @saved_cs_results */;
/*!50001 SET collation_connection      = @saved_col_connection */;
/*!40103 SET TIME_ZONE=@OLD_TIME_ZONE */;

/*!40101 SET SQL_MODE=@OLD_SQL_MODE */;
/*!40014 SET FOREIGN_KEY_CHECKS=@OLD_FOREIGN_KEY_CHECKS */;
/*!40014 SET UNIQUE_CHECKS=@OLD_UNIQUE_CHECKS */;
/*!40101 SET CHARACTER_SET_CLIENT=@OLD_CHARACTER_SET_CLIENT */;
/*!40101 SET CHARACTER_SET_RESULTS=@OLD_CHARACTER_SET_RESULTS */;
/*!40101 SET COLLATION_CONNECTION=@OLD_COLLATION_CONNECTION */;
/*!40111 SET SQL_NOTES=@OLD_SQL_NOTES */;

-- Dump completed on 2025-08-23 13:13:30
